Date,Stock,Model,Mode,Lag_Count,Target_Transform,Actual,Predicted,Residual,Absolute_Error
2021-03-01 00:00:00+00:00,KO,gbm_quantile,nonsentiment,40,log_return,49.900001525878906,48.98789336405056,0.9121081618283498,0.9121081618283498
2021-03-02 00:00:00+00:00,KO,gbm_quantile,nonsentiment,40,log_return,50.09999847412109,49.875578134029496,0.22442034009159073,0.22442034009159073
2021-03-03 00:00:00+00:00,KO,gbm_quantile,nonsentiment,40,log_return,49.97999954223633,50.036490564473525,-0.056491022237196375,0.056491022237196375
2021-03-04 00:00:00+00:00,KO,gbm_quantile,nonsentiment,40,log_return,49.93999862670898,50.01725411796629,-0.07725549125731135,0.07725549125731135
2021-03-05 00:00:00+00:00,KO,gbm_quantile,nonsentiment,40,log_return,50.790000915527344,49.922210698807135,0.8677902167202092,0.8677902167202092
2021-03-08 00:00:00+00:00,KO,gbm_quantile,nonsentiment,40,log_return,51.63999938964844,50.82739714470695,0.8126022449414876,0.8126022449414876
2021-03-09 00:00:00+00:00,KO,gbm_quantile,nonsentiment,40,log_return,50.86000061035156,51.659535310637466,-0.7995347002859035,0.7995347002859035
2021-03-10 00:00:00+00:00,KO,gbm_quantile,nonsentiment,40,log_return,51.43999862670898,50.89842050491806,0.5415781217909199,0.5415781217909199
2021-03-11 00:00:00+00:00,KO,gbm_quantile,nonsentiment,40,log_return,50.880001068115234,51.45705068294164,-0.5770496148264073,0.5770496148264073
2021-03-12 00:00:00+00:00,KO,gbm_quantile,nonsentiment,40,log_return,50.36000061035156,50.897096823827475,-0.5370962134759125,0.5370962134759125
2021-03-15 00:00:00+00:00,KO,gbm_quantile,nonsentiment,40,log_return,51.02999877929688,50.37788267876675,0.6521161005301295,0.6521161005301295
2021-03-16 00:00:00+00:00,KO,gbm_quantile,nonsentiment,40,log_return,51.220001220703125,51.05434338320612,0.16565783749700813,0.16565783749700813
2021-03-17 00:00:00+00:00,KO,gbm_quantile,nonsentiment,40,log_return,51.2400016784668,51.25407846431716,-0.014076785850363649,0.014076785850363649
2021-03-18 00:00:00+00:00,KO,gbm_quantile,nonsentiment,40,log_return,50.56999969482422,51.27058944579561,-0.700589750971389,0.700589750971389
2021-03-19 00:00:00+00:00,KO,gbm_quantile,nonsentiment,40,log_return,50.810001373291016,50.61564970021062,0.1943516730803978,0.1943516730803978
2021-03-22 00:00:00+00:00,KO,gbm_quantile,nonsentiment,40,log_return,51.0,50.841685068423104,0.15831493157689636,0.15831493157689636
2021-03-23 00:00:00+00:00,KO,gbm_quantile,nonsentiment,40,log_return,51.38999938964844,51.045168637946745,0.34483075170169286,0.34483075170169286
2021-03-24 00:00:00+00:00,KO,gbm_quantile,nonsentiment,40,log_return,51.52000045776367,51.41242810632295,0.10757235144072297,0.10757235144072297
2021-03-25 00:00:00+00:00,KO,gbm_quantile,nonsentiment,40,log_return,52.02000045776367,51.57615898903987,0.4438414687238037,0.4438414687238037
2021-03-26 00:00:00+00:00,KO,gbm_quantile,nonsentiment,40,log_return,53.040000915527344,52.04658013948845,0.9934207760388958,0.9934207760388958
2021-03-29 00:00:00+00:00,KO,gbm_quantile,nonsentiment,40,log_return,53.84999847412109,53.09452216278496,0.7554763113361247,0.7554763113361247
2021-03-30 00:00:00+00:00,KO,gbm_quantile,nonsentiment,40,log_return,53.150001525878906,53.89395286136014,-0.7439513354812348,0.7439513354812348
2021-03-31 00:00:00+00:00,KO,gbm_quantile,nonsentiment,40,log_return,52.709999084472656,53.1965717834105,-0.4865726989378416,0.4865726989378416
2021-04-01 00:00:00+00:00,KO,gbm_quantile,nonsentiment,40,log_return,52.5099983215332,52.739055735783964,-0.22905741425076087,0.22905741425076087
2021-04-05 00:00:00+00:00,KO,gbm_quantile,nonsentiment,40,log_return,52.810001373291016,52.54350479164274,0.2664965816482763,0.2664965816482763
2021-04-06 00:00:00+00:00,KO,gbm_quantile,nonsentiment,40,log_return,53.18999862670898,52.843736701921024,0.34626192478795303,0.34626192478795303
2021-04-07 00:00:00+00:00,KO,gbm_quantile,nonsentiment,40,log_return,53.27999877929688,53.23036486775059,0.049633911546294485,0.049633911546294485
2021-04-08 00:00:00+00:00,KO,gbm_quantile,nonsentiment,40,log_return,53.119998931884766,53.3180714063539,-0.19807247446913578,0.19807247446913578
2021-04-09 00:00:00+00:00,KO,gbm_quantile,nonsentiment,40,log_return,53.18000030517578,53.14177655184564,0.038223753330143495,0.038223753330143495
2021-04-12 00:00:00+00:00,KO,gbm_quantile,nonsentiment,40,log_return,53.34999847412109,53.18227890642019,0.16771956770089957,0.16771956770089957
2021-04-13 00:00:00+00:00,KO,gbm_quantile,nonsentiment,40,log_return,53.09000015258789,53.35727786783954,-0.26727771525165167,0.26727771525165167
2021-04-14 00:00:00+00:00,KO,gbm_quantile,nonsentiment,40,log_return,53.08000183105469,53.09857681659812,-0.018574985543430955,0.018574985543430955
2021-04-15 00:00:00+00:00,KO,gbm_quantile,nonsentiment,40,log_return,53.33000183105469,53.078934677645,0.2510671534096858,0.2510671534096858
2021-04-16 00:00:00+00:00,KO,gbm_quantile,nonsentiment,40,log_return,53.68000030517578,53.308733529582305,0.371266775593476,0.371266775593476
2021-04-19 00:00:00+00:00,KO,gbm_quantile,nonsentiment,40,log_return,54.0,53.683760260152255,0.3162397398477452,0.3162397398477452
2021-04-20 00:00:00+00:00,KO,gbm_quantile,nonsentiment,40,log_return,54.16999816894531,53.99058510431882,0.17941306462649464,0.17941306462649464
2021-04-21 00:00:00+00:00,KO,gbm_quantile,nonsentiment,40,log_return,54.61000061035156,54.164662577537165,0.4453380328143979,0.4453380328143979
2021-04-22 00:00:00+00:00,KO,gbm_quantile,nonsentiment,40,log_return,54.43999862670898,54.5909732589387,-0.15097463222972607,0.15097463222972607
2021-04-23 00:00:00+00:00,KO,gbm_quantile,nonsentiment,40,log_return,54.470001220703125,54.45133398150185,0.018667239201278107,0.018667239201278107
2021-04-26 00:00:00+00:00,KO,gbm_quantile,nonsentiment,40,log_return,53.65999984741211,54.49538653765468,-0.8353866902425722,0.8353866902425722
2021-04-27 00:00:00+00:00,KO,gbm_quantile,nonsentiment,40,log_return,53.58000183105469,53.658076168798466,-0.0780743377437787,0.0780743377437787
2021-04-28 00:00:00+00:00,KO,gbm_quantile,nonsentiment,40,log_return,53.59000015258789,53.583370851717206,0.006629300870685029,0.006629300870685029
2021-04-29 00:00:00+00:00,KO,gbm_quantile,nonsentiment,40,log_return,54.2599983215332,53.5925492271671,0.6674490943661056,0.6674490943661056
2021-04-30 00:00:00+00:00,KO,gbm_quantile,nonsentiment,40,log_return,53.97999954223633,54.27940499195786,-0.29940544972153305,0.29940544972153305
2021-05-03 00:00:00+00:00,KO,gbm_quantile,nonsentiment,40,log_return,54.47999954223633,53.985106406228915,0.4948931360074127,0.4948931360074127
2021-05-04 00:00:00+00:00,KO,gbm_quantile,nonsentiment,40,log_return,54.13999938964844,54.45531250286849,-0.31531311322004996,0.31531311322004996
2021-05-05 00:00:00+00:00,KO,gbm_quantile,nonsentiment,40,log_return,54.0,54.05503441276936,-0.055034412769359164,0.055034412769359164
2021-05-06 00:00:00+00:00,KO,gbm_quantile,nonsentiment,40,log_return,54.540000915527344,53.814015908550566,0.7259850069767779,0.7259850069767779
2021-05-07 00:00:00+00:00,KO,gbm_quantile,nonsentiment,40,log_return,54.5099983215332,54.55725746469061,-0.04725914315740454,0.04725914315740454
2021-05-10 00:00:00+00:00,KO,gbm_quantile,nonsentiment,40,log_return,54.90999984741211,54.53919017992799,0.37080966748411726,0.37080966748411726
2021-05-11 00:00:00+00:00,KO,gbm_quantile,nonsentiment,40,log_return,54.31999969482422,54.92626506759044,-0.6062653727662237,0.6062653727662237
2021-05-12 00:00:00+00:00,KO,gbm_quantile,nonsentiment,40,log_return,54.040000915527344,54.35506786980295,-0.3150669542756077,0.3150669542756077
2021-05-13 00:00:00+00:00,KO,gbm_quantile,nonsentiment,40,log_return,54.5099983215332,54.05105068535053,0.4589476361826712,0.4589476361826712
2021-05-14 00:00:00+00:00,KO,gbm_quantile,nonsentiment,40,log_return,54.72999954223633,54.53604966787406,0.19394987436226785,0.19394987436226785
2021-05-17 00:00:00+00:00,KO,gbm_quantile,nonsentiment,40,log_return,54.63999938964844,54.751497111738765,-0.11149772209032704,0.11149772209032704
2021-05-18 00:00:00+00:00,KO,gbm_quantile,nonsentiment,40,log_return,54.34000015258789,54.63082231172854,-0.2908221591406459,0.2908221591406459
2021-05-19 00:00:00+00:00,KO,gbm_quantile,nonsentiment,40,log_return,54.16999816894531,54.31153833394696,-0.14154016500165056,0.14154016500165056
2021-05-20 00:00:00+00:00,KO,gbm_quantile,nonsentiment,40,log_return,54.650001525878906,54.20395860210232,0.44604292377658794,0.44604292377658794
2021-05-21 00:00:00+00:00,KO,gbm_quantile,nonsentiment,40,log_return,54.619998931884766,54.67671534117629,-0.05671640929152488,0.05671640929152488
2021-05-24 00:00:00+00:00,KO,gbm_quantile,nonsentiment,40,log_return,54.79999923706055,54.645376608780104,0.1546226282804426,0.1546226282804426
2021-05-25 00:00:00+00:00,KO,gbm_quantile,nonsentiment,40,log_return,54.790000915527344,54.841557033408336,-0.05155611788099179,0.05155611788099179
2021-05-26 00:00:00+00:00,KO,gbm_quantile,nonsentiment,40,log_return,55.02999877929688,54.81064603108161,0.21935274821527173,0.21935274821527173
2021-05-27 00:00:00+00:00,KO,gbm_quantile,nonsentiment,40,log_return,55.4900016784668,55.05935639198538,0.43064528648141476,0.43064528648141476
2021-05-28 00:00:00+00:00,KO,gbm_quantile,nonsentiment,40,log_return,55.290000915527344,55.54375940930835,-0.2537584937810067,0.2537584937810067
2021-06-01 00:00:00+00:00,KO,gbm_quantile,nonsentiment,40,log_return,55.27999877929688,55.38627126997217,-0.10627249067528766,0.10627249067528766
2021-06-02 00:00:00+00:00,KO,gbm_quantile,nonsentiment,40,log_return,55.5,55.33414898476845,0.16585101523155288,0.16585101523155288
2021-06-03 00:00:00+00:00,KO,gbm_quantile,nonsentiment,40,log_return,55.63999938964844,55.55316167985995,0.08683770978849026,0.08683770978849026
2021-06-04 00:00:00+00:00,KO,gbm_quantile,nonsentiment,40,log_return,56.2400016784668,55.66104417003241,0.5789575084343852,0.5789575084343852
2021-06-07 00:00:00+00:00,KO,gbm_quantile,nonsentiment,40,log_return,56.040000915527344,56.31371684359818,-0.27371592807083545,0.27371592807083545
2021-06-08 00:00:00+00:00,KO,gbm_quantile,nonsentiment,40,log_return,55.650001525878906,56.12018516137977,-0.4701836355008666,0.4701836355008666
2021-06-09 00:00:00+00:00,KO,gbm_quantile,nonsentiment,40,log_return,55.47999954223633,55.700282676637244,-0.22028313440091551,0.22028313440091551
2021-06-10 00:00:00+00:00,KO,gbm_quantile,nonsentiment,40,log_return,55.90999984741211,55.4934578521215,0.41654199529060776,0.41654199529060776
2021-06-11 00:00:00+00:00,KO,gbm_quantile,nonsentiment,40,log_return,56.15999984741211,55.91502333161941,0.2449765157927004,0.2449765157927004
2021-06-14 00:00:00+00:00,KO,gbm_quantile,nonsentiment,40,log_return,55.54999923706055,56.14670490343891,-0.5967056663783623,0.5967056663783623
2021-06-15 00:00:00+00:00,KO,gbm_quantile,nonsentiment,40,log_return,55.40999984741211,55.53473267767648,-0.12473283026437088,0.12473283026437088
2021-06-16 00:00:00+00:00,KO,gbm_quantile,nonsentiment,40,log_return,54.66999816894531,55.45449660941713,-0.7844984404718147,0.7844984404718147
2021-06-17 00:00:00+00:00,KO,gbm_quantile,nonsentiment,40,log_return,54.95000076293945,54.68226390538953,0.26773685754992016,0.26773685754992016
2021-06-18 00:00:00+00:00,KO,gbm_quantile,nonsentiment,40,log_return,53.77000045776367,54.986319965415,-1.2163195076513276,1.2163195076513276
2021-06-21 00:00:00+00:00,KO,gbm_quantile,nonsentiment,40,log_return,54.36000061035156,53.808747014429564,0.5512535959219989,0.5512535959219989
2021-06-22 00:00:00+00:00,KO,gbm_quantile,nonsentiment,40,log_return,54.560001373291016,54.37181794005172,0.18818343323929554,0.18818343323929554
2021-06-23 00:00:00+00:00,KO,gbm_quantile,nonsentiment,40,log_return,54.119998931884766,54.56572292949691,-0.44572399761214143,0.44572399761214143
2021-06-24 00:00:00+00:00,KO,gbm_quantile,nonsentiment,40,log_return,54.38999938964844,54.12033512587502,0.26966426377341435,0.26966426377341435
2021-06-25 00:00:00+00:00,KO,gbm_quantile,nonsentiment,40,log_return,54.31999969482422,54.42936611020506,-0.10936641538084046,0.10936641538084046
2021-06-28 00:00:00+00:00,KO,gbm_quantile,nonsentiment,40,log_return,54.2599983215332,54.32575378516394,-0.0657554636307367,0.0657554636307367
2021-06-29 00:00:00+00:00,KO,gbm_quantile,nonsentiment,40,log_return,53.86000061035156,54.303715774386994,-0.44371516403543154,0.44371516403543154
2021-06-30 00:00:00+00:00,KO,gbm_quantile,nonsentiment,40,log_return,54.11000061035156,53.882569536309326,0.2274310740422365,0.2274310740422365
2021-07-01 00:00:00+00:00,KO,gbm_quantile,nonsentiment,40,log_return,53.959999084472656,54.100504001374965,-0.1405049169023087,0.1405049169023087
2021-07-02 00:00:00+00:00,KO,gbm_quantile,nonsentiment,40,log_return,54.18000030517578,53.972700797618856,0.20729950755692528,0.20729950755692528
2021-07-06 00:00:00+00:00,KO,gbm_quantile,nonsentiment,40,log_return,53.880001068115234,54.177178438549525,-0.2971773704342908,0.2971773704342908
2021-07-07 00:00:00+00:00,KO,gbm_quantile,nonsentiment,40,log_return,54.31999969482422,53.861607263962966,0.45839243086125236,0.45839243086125236
2021-07-08 00:00:00+00:00,KO,gbm_quantile,nonsentiment,40,log_return,54.130001068115234,54.32608679217856,-0.19608572406332314,0.19608572406332314
2021-07-09 00:00:00+00:00,KO,gbm_quantile,nonsentiment,40,log_return,54.459999084472656,54.14400930139429,0.3159897830783649,0.3159897830783649
2021-07-12 00:00:00+00:00,KO,gbm_quantile,nonsentiment,40,log_return,54.47999954223633,54.506784132590106,-0.02678459035377756,0.02678459035377756
2021-07-13 00:00:00+00:00,KO,gbm_quantile,nonsentiment,40,log_return,55.02000045776367,54.532364419416055,0.4876360383476168,0.4876360383476168
2021-07-14 00:00:00+00:00,KO,gbm_quantile,nonsentiment,40,log_return,56.2599983215332,54.97456160043681,1.2854367210963957,1.2854367210963957
2021-07-15 00:00:00+00:00,KO,gbm_quantile,nonsentiment,40,log_return,56.43999862670898,56.12372895422386,0.31626967248512017,0.31626967248512017
2021-07-16 00:00:00+00:00,KO,gbm_quantile,nonsentiment,40,log_return,56.400001525878906,56.47052398822645,-0.07052246234754023,0.07052246234754023
2021-07-19 00:00:00+00:00,KO,gbm_quantile,nonsentiment,40,log_return,55.72999954223633,56.42236252174894,-0.692362979512609,0.692362979512609
2021-07-20 00:00:00+00:00,KO,gbm_quantile,nonsentiment,40,log_return,55.83000183105469,55.7077964354655,0.12220539558919086,0.12220539558919086
2021-07-21 00:00:00+00:00,KO,gbm_quantile,nonsentiment,40,log_return,56.54999923706055,55.78666642486326,0.7633328121972838,0.7633328121972838
2021-07-22 00:00:00+00:00,KO,gbm_quantile,nonsentiment,40,log_return,56.470001220703125,56.523336759698054,-0.053335538994929266,0.053335538994929266
2021-07-23 00:00:00+00:00,KO,gbm_quantile,nonsentiment,40,log_return,57.0099983215332,56.442773585252304,0.5672247362808989,0.5672247362808989
2021-07-26 00:00:00+00:00,KO,gbm_quantile,nonsentiment,40,log_return,57.060001373291016,56.995638112112466,0.06436326117854918,0.06436326117854918
2021-07-27 00:00:00+00:00,KO,gbm_quantile,nonsentiment,40,log_return,57.2599983215332,57.02429138817477,0.2357069333584363,0.2357069333584363
2021-07-28 00:00:00+00:00,KO,gbm_quantile,nonsentiment,40,log_return,56.7400016784668,57.20348460154339,-0.4634829230765902,0.4634829230765902
2021-07-29 00:00:00+00:00,KO,gbm_quantile,nonsentiment,40,log_return,57.04999923706055,56.67578124197593,0.3742179950846136,0.3742179950846136
2021-07-30 00:00:00+00:00,KO,gbm_quantile,nonsentiment,40,log_return,57.02999877929688,57.024558637047264,0.005440142249618418,0.005440142249618418
2021-08-02 00:00:00+00:00,KO,gbm_quantile,nonsentiment,40,log_return,56.880001068115234,57.011287730270624,-0.13128666215538942,0.13128666215538942
2021-08-03 00:00:00+00:00,KO,gbm_quantile,nonsentiment,40,log_return,56.91999816894531,56.85119990522713,0.06879826371817899,0.06879826371817899
2021-08-04 00:00:00+00:00,KO,gbm_quantile,nonsentiment,40,log_return,56.09999847412109,56.81794188285317,-0.7179434087320828,0.7179434087320828
2021-08-05 00:00:00+00:00,KO,gbm_quantile,nonsentiment,40,log_return,56.5,56.04857310279311,0.45142689720689333,0.45142689720689333
2021-08-06 00:00:00+00:00,KO,gbm_quantile,nonsentiment,40,log_return,56.63999938964844,56.4354052339224,0.2045941557260349,0.2045941557260349
2021-08-09 00:00:00+00:00,KO,gbm_quantile,nonsentiment,40,log_return,56.650001525878906,56.56017516099804,0.08982636488086371,0.08982636488086371
2021-08-10 00:00:00+00:00,KO,gbm_quantile,nonsentiment,40,log_return,56.79999923706055,56.62929036120982,0.17070887585072825,0.17070887585072825
2021-08-11 00:00:00+00:00,KO,gbm_quantile,nonsentiment,40,log_return,56.72999954223633,56.78511086691602,-0.05511132467969304,0.05511132467969304
2021-08-12 00:00:00+00:00,KO,gbm_quantile,nonsentiment,40,log_return,56.84000015258789,56.70635308719684,0.13364706539105242,0.13364706539105242
2021-08-13 00:00:00+00:00,KO,gbm_quantile,nonsentiment,40,log_return,57.22999954223633,56.80371798497938,0.4262815572569494,0.4262815572569494
2021-08-16 00:00:00+00:00,KO,gbm_quantile,nonsentiment,40,log_return,57.47999954223633,57.23540074948629,0.2445987927500397,0.2445987927500397
2021-08-17 00:00:00+00:00,KO,gbm_quantile,nonsentiment,40,log_return,57.27999877929688,57.48512024993441,-0.20512147063752906,0.20512147063752906
2021-08-18 00:00:00+00:00,KO,gbm_quantile,nonsentiment,40,log_return,56.5,57.22653178944753,-0.7265317894475274,0.7265317894475274
2021-08-19 00:00:00+00:00,KO,gbm_quantile,nonsentiment,40,log_return,56.86000061035156,56.45066870024065,0.4093319101109145,0.4093319101109145
2021-08-20 00:00:00+00:00,KO,gbm_quantile,nonsentiment,40,log_return,56.63999938964844,56.85490315711707,-0.21490376746863404,0.21490376746863404
2021-08-23 00:00:00+00:00,KO,gbm_quantile,nonsentiment,40,log_return,56.43999862670898,56.61593545343419,-0.17593682672521282,0.17593682672521282
2021-08-24 00:00:00+00:00,KO,gbm_quantile,nonsentiment,40,log_return,56.0099983215332,56.433938515288446,-0.42394019375524294,0.42394019375524294
2021-08-25 00:00:00+00:00,KO,gbm_quantile,nonsentiment,40,log_return,56.06999969482422,56.032528264049155,0.03747143077506365,0.03747143077506365
2021-08-26 00:00:00+00:00,KO,gbm_quantile,nonsentiment,40,log_return,55.540000915527344,56.039112342365996,-0.4991114268386525,0.4991114268386525
2021-08-27 00:00:00+00:00,KO,gbm_quantile,nonsentiment,40,log_return,55.650001525878906,55.5449723413067,0.1050291845722029,0.1050291845722029
2021-08-30 00:00:00+00:00,KO,gbm_quantile,nonsentiment,40,log_return,56.18000030517578,55.66978659349019,0.5102137116855943,0.5102137116855943
2021-08-31 00:00:00+00:00,KO,gbm_quantile,nonsentiment,40,log_return,56.310001373291016,56.19398817311889,0.11601320017212657,0.11601320017212657
2021-09-01 00:00:00+00:00,KO,gbm_quantile,nonsentiment,40,log_return,56.68999862670898,56.31136659965503,0.3786320270539463,0.3786320270539463
2021-09-02 00:00:00+00:00,KO,gbm_quantile,nonsentiment,40,log_return,56.77000045776367,56.72007879125425,0.04992166650941954,0.04992166650941954
2021-09-03 00:00:00+00:00,KO,gbm_quantile,nonsentiment,40,log_return,56.72999954223633,56.78381446386724,-0.053814921630909396,0.053814921630909396
2021-09-07 00:00:00+00:00,KO,gbm_quantile,nonsentiment,40,log_return,55.66999816894531,56.680802058734024,-1.0108038897887113,1.0108038897887113
2021-09-08 00:00:00+00:00,KO,gbm_quantile,nonsentiment,40,log_return,56.41999816894531,55.651669818746015,0.7683283501992975,0.7683283501992975
2021-09-09 00:00:00+00:00,KO,gbm_quantile,nonsentiment,40,log_return,55.86000061035156,56.3265274102618,-0.46652679991023405,0.46652679991023405
2021-09-10 00:00:00+00:00,KO,gbm_quantile,nonsentiment,40,log_return,55.61000061035156,55.76391311649161,-0.15391250614004548,0.15391250614004548
2021-09-13 00:00:00+00:00,KO,gbm_quantile,nonsentiment,40,log_return,56.06999969482422,55.49454208111552,0.5754576137087,0.5754576137087
2021-09-14 00:00:00+00:00,KO,gbm_quantile,nonsentiment,40,log_return,55.68999862670898,55.995775263591376,-0.3057766368823991,0.3057766368823991
2021-09-15 00:00:00+00:00,KO,gbm_quantile,nonsentiment,40,log_return,55.880001068115234,55.641730072004364,0.23827099611087021,0.23827099611087021
2021-09-16 00:00:00+00:00,KO,gbm_quantile,nonsentiment,40,log_return,55.34999847412109,55.81932322220497,-0.4693247480838849,0.4693247480838849
2021-09-17 00:00:00+00:00,KO,gbm_quantile,nonsentiment,40,log_return,54.43999862670898,55.29410027946981,-0.854101652760832,0.854101652760832
2021-09-20 00:00:00+00:00,KO,gbm_quantile,nonsentiment,40,log_return,54.060001373291016,54.41820570158129,-0.3582043282902774,0.3582043282902774
2021-09-21 00:00:00+00:00,KO,gbm_quantile,nonsentiment,40,log_return,54.04999923706055,54.043216100892096,0.006783136168451165,0.006783136168451165
2021-09-22 00:00:00+00:00,KO,gbm_quantile,nonsentiment,40,log_return,54.130001068115234,54.02692485733236,0.10307621078287355,0.10307621078287355
2021-09-23 00:00:00+00:00,KO,gbm_quantile,nonsentiment,40,log_return,54.040000915527344,54.07418520969669,-0.03418429416934288,0.03418429416934288
2021-09-24 00:00:00+00:00,KO,gbm_quantile,nonsentiment,40,log_return,53.88999938964844,54.000264155168594,-0.11026476552015652,0.11026476552015652
2021-09-27 00:00:00+00:00,KO,gbm_quantile,nonsentiment,40,log_return,53.61000061035156,53.87039091343346,-0.26039030308189837,0.26039030308189837
2021-09-28 00:00:00+00:00,KO,gbm_quantile,nonsentiment,40,log_return,52.63999938964844,53.56663968446673,-0.9266402948182915,0.9266402948182915
2021-09-29 00:00:00+00:00,KO,gbm_quantile,nonsentiment,40,log_return,52.959999084472656,52.59551212746474,0.36448695700791944,0.36448695700791944
2021-09-30 00:00:00+00:00,KO,gbm_quantile,nonsentiment,40,log_return,52.470001220703125,52.906613863533046,-0.43661264282992107,0.43661264282992107
2021-10-01 00:00:00+00:00,KO,gbm_quantile,nonsentiment,40,log_return,53.02000045776367,52.475773093774926,0.544227363988746,0.544227363988746
2021-10-04 00:00:00+00:00,KO,gbm_quantile,nonsentiment,40,log_return,52.9900016784668,53.01032714717402,-0.020325468707220296,0.020325468707220296
2021-10-05 00:00:00+00:00,KO,gbm_quantile,nonsentiment,40,log_return,53.08000183105469,52.95576855315298,0.12423327790170902,0.12423327790170902
2021-10-06 00:00:00+00:00,KO,gbm_quantile,nonsentiment,40,log_return,53.709999084472656,53.06031487439424,0.6496842100784193,0.6496842100784193
2021-10-07 00:00:00+00:00,KO,gbm_quantile,nonsentiment,40,log_return,53.880001068115234,53.654700025849124,0.22530104226611058,0.22530104226611058
2021-10-08 00:00:00+00:00,KO,gbm_quantile,nonsentiment,40,log_return,54.119998931884766,53.84687323040801,0.27312570147675785,0.27312570147675785
2021-10-11 00:00:00+00:00,KO,gbm_quantile,nonsentiment,40,log_return,54.22999954223633,54.056985369464684,0.17301417277164433,0.17301417277164433
2021-10-12 00:00:00+00:00,KO,gbm_quantile,nonsentiment,40,log_return,54.22999954223633,54.199617508033576,0.030382034202752095,0.030382034202752095
2021-10-13 00:00:00+00:00,KO,gbm_quantile,nonsentiment,40,log_return,54.2400016784668,54.2107093925879,0.02929228587889554,0.02929228587889554
2021-10-14 00:00:00+00:00,KO,gbm_quantile,nonsentiment,40,log_return,54.61000061035156,54.235263629551845,0.3747369807997174,0.3747369807997174
2021-10-15 00:00:00+00:00,KO,gbm_quantile,nonsentiment,40,log_return,54.47999954223633,54.59122709820413,-0.1112275559678011,0.1112275559678011
2021-10-18 00:00:00+00:00,KO,gbm_quantile,nonsentiment,40,log_return,53.93999862670898,54.45735058321863,-0.5173519565096498,0.5173519565096498
2021-10-19 00:00:00+00:00,KO,gbm_quantile,nonsentiment,40,log_return,54.150001525878906,53.90593949292536,0.24406203295354345,0.24406203295354345
2021-10-20 00:00:00+00:00,KO,gbm_quantile,nonsentiment,40,log_return,54.630001068115234,54.105056327069875,0.5249447410453598,0.5249447410453598
2021-10-21 00:00:00+00:00,KO,gbm_quantile,nonsentiment,40,log_return,54.34999847412109,54.57118238005892,-0.22118390593783488,0.22118390593783488
2021-10-22 00:00:00+00:00,KO,gbm_quantile,nonsentiment,40,log_return,54.45000076293945,54.319334161488435,0.1306666014510185,0.1306666014510185
2021-10-25 00:00:00+00:00,KO,gbm_quantile,nonsentiment,40,log_return,54.22999954223633,54.40785824325378,-0.17785870101744905,0.17785870101744905
2021-10-26 00:00:00+00:00,KO,gbm_quantile,nonsentiment,40,log_return,54.470001220703125,54.18406029368339,0.2859409270197375,0.2859409270197375
2021-10-27 00:00:00+00:00,KO,gbm_quantile,nonsentiment,40,log_return,55.52000045776367,54.437258535774504,1.082741921989168,1.082741921989168
2021-10-28 00:00:00+00:00,KO,gbm_quantile,nonsentiment,40,log_return,56.040000915527344,55.446295711956985,0.5937052035703587,0.5937052035703587
2021-10-29 00:00:00+00:00,KO,gbm_quantile,nonsentiment,40,log_return,56.369998931884766,56.02805848846731,0.34194044341745666,0.34194044341745666
2021-11-01 00:00:00+00:00,KO,gbm_quantile,nonsentiment,40,log_return,56.16999816894531,56.34274427011372,-0.17274610116840705,0.17274610116840705
2021-11-02 00:00:00+00:00,KO,gbm_quantile,nonsentiment,40,log_return,56.09999847412109,56.13016178459129,-0.0301633104702006,0.0301633104702006
2021-11-03 00:00:00+00:00,KO,gbm_quantile,nonsentiment,40,log_return,56.290000915527344,55.977720627745825,0.31228028778151895,0.31228028778151895
2021-11-04 00:00:00+00:00,KO,gbm_quantile,nonsentiment,40,log_return,56.59999847412109,56.23786405593329,0.3621344181878001,0.3621344181878001
2021-11-05 00:00:00+00:00,KO,gbm_quantile,nonsentiment,40,log_return,56.84000015258789,56.534944819966704,0.3050553326211869,0.3050553326211869
2021-11-08 00:00:00+00:00,KO,gbm_quantile,nonsentiment,40,log_return,56.33000183105469,56.79549943184334,-0.46549760078865177,0.46549760078865177
2021-11-09 00:00:00+00:00,KO,gbm_quantile,nonsentiment,40,log_return,56.4900016784668,56.321826799810346,0.1681748786564512,0.1681748786564512
2021-11-10 00:00:00+00:00,KO,gbm_quantile,nonsentiment,40,log_return,56.720001220703125,56.48514764064834,0.23485358005478219,0.23485358005478219
2021-11-11 00:00:00+00:00,KO,gbm_quantile,nonsentiment,40,log_return,56.7400016784668,56.68181573757546,0.05818594089133455,0.05818594089133455
2021-11-12 00:00:00+00:00,KO,gbm_quantile,nonsentiment,40,log_return,56.61000061035156,56.734795244094514,-0.12479463374295108,0.12479463374295108
2021-11-15 00:00:00+00:00,KO,gbm_quantile,nonsentiment,40,log_return,56.619998931884766,56.58410004081078,0.03589889107398392,0.03589889107398392
2021-11-16 00:00:00+00:00,KO,gbm_quantile,nonsentiment,40,log_return,56.220001220703125,56.631815162135524,-0.41181394143239913,0.41181394143239913
2021-11-17 00:00:00+00:00,KO,gbm_quantile,nonsentiment,40,log_return,55.90999984741211,56.21789527599863,-0.3078954285865194,0.3078954285865194
2021-11-18 00:00:00+00:00,KO,gbm_quantile,nonsentiment,40,log_return,55.40999984741211,55.90146504798001,-0.49146520056790166,0.49146520056790166
2021-11-19 00:00:00+00:00,KO,gbm_quantile,nonsentiment,40,log_return,55.130001068115234,55.39039564843305,-0.2603945803178149,0.2603945803178149
2021-11-22 00:00:00+00:00,KO,gbm_quantile,nonsentiment,40,log_return,55.470001220703125,55.137852810429884,0.33214841027324127,0.33214841027324127
2021-11-23 00:00:00+00:00,KO,gbm_quantile,nonsentiment,40,log_return,55.880001068115234,55.48472533199517,0.3952757361200625,0.3952757361200625
2021-11-24 00:00:00+00:00,KO,gbm_quantile,nonsentiment,40,log_return,55.43000030517578,55.90607853663488,-0.47607823145909833,0.47607823145909833
2021-11-26 00:00:00+00:00,KO,gbm_quantile,nonsentiment,40,log_return,53.72999954223633,55.4606721514466,-1.7306726092102735,1.7306726092102735
2021-11-29 00:00:00+00:00,KO,gbm_quantile,nonsentiment,40,log_return,54.58000183105469,53.73481359019961,0.8451882408550802,0.8451882408550802
2021-11-30 00:00:00+00:00,KO,gbm_quantile,nonsentiment,40,log_return,52.45000076293945,54.60764104261453,-2.1576402796750784,2.1576402796750784
2021-12-01 00:00:00+00:00,KO,gbm_quantile,nonsentiment,40,log_return,52.29999923706055,52.48208062480318,-0.1820813877426346,0.1820813877426346
2021-12-02 00:00:00+00:00,KO,gbm_quantile,nonsentiment,40,log_return,53.06999969482422,52.36121263042522,0.7087870643989973,0.7087870643989973
2021-12-03 00:00:00+00:00,KO,gbm_quantile,nonsentiment,40,log_return,53.540000915527344,53.075330855669506,0.4646700598578377,0.4646700598578377
2021-12-06 00:00:00+00:00,KO,gbm_quantile,nonsentiment,40,log_return,54.90999984741211,53.59999536177604,1.310004485636071,1.310004485636071
2021-12-07 00:00:00+00:00,KO,gbm_quantile,nonsentiment,40,log_return,55.209999084472656,54.91260962924739,0.2973894552252645,0.2973894552252645
2021-12-08 00:00:00+00:00,KO,gbm_quantile,nonsentiment,40,log_return,55.0,55.21759909077217,-0.21759909077216832,0.21759909077216832
2021-12-09 00:00:00+00:00,KO,gbm_quantile,nonsentiment,40,log_return,54.86000061035156,55.04106790143769,-0.18106729108612996,0.18106729108612996
2021-12-10 00:00:00+00:00,KO,gbm_quantile,nonsentiment,40,log_return,56.27999877929688,54.92280374788381,1.3571950314130703,1.3571950314130703
2021-12-13 00:00:00+00:00,KO,gbm_quantile,nonsentiment,40,log_return,57.7599983215332,56.30857511520968,1.4514232063235255,1.4514232063235255
2021-12-14 00:00:00+00:00,KO,gbm_quantile,nonsentiment,40,log_return,57.79999923706055,57.78205250619609,0.01794673086445897,0.01794673086445897
2021-12-15 00:00:00+00:00,KO,gbm_quantile,nonsentiment,40,log_return,58.060001373291016,57.889633767745586,0.1703676055454295,0.1703676055454295
2021-12-16 00:00:00+00:00,KO,gbm_quantile,nonsentiment,40,log_return,58.650001525878906,58.15936926306425,0.4906322628146569,0.4906322628146569
2021-12-17 00:00:00+00:00,KO,gbm_quantile,nonsentiment,40,log_return,57.72999954223633,58.70424316166457,-0.9742436194282433,0.9742436194282433
2021-12-20 00:00:00+00:00,KO,gbm_quantile,nonsentiment,40,log_return,57.540000915527344,57.71640825407156,-0.17640733854421597,0.17640733854421597
2021-12-21 00:00:00+00:00,KO,gbm_quantile,nonsentiment,40,log_return,57.77000045776367,57.53606423504849,0.23393622271517955,0.23393622271517955
2021-12-22 00:00:00+00:00,KO,gbm_quantile,nonsentiment,40,log_return,58.18000030517578,57.71434490870659,0.4656553964691881,0.4656553964691881
2021-12-23 00:00:00+00:00,KO,gbm_quantile,nonsentiment,40,log_return,58.220001220703125,58.16625855673179,0.05374266397133454,0.05374266397133454
2021-12-27 00:00:00+00:00,KO,gbm_quantile,nonsentiment,40,log_return,58.650001525878906,58.20435876788118,0.44564275799772446,0.44564275799772446
2021-12-28 00:00:00+00:00,KO,gbm_quantile,nonsentiment,40,log_return,58.880001068115234,58.66659730510269,0.21340376301254338,0.21340376301254338
2021-12-29 00:00:00+00:00,KO,gbm_quantile,nonsentiment,40,log_return,58.95000076293945,58.91741399479409,0.03258676814536443,0.03258676814536443
2021-12-30 00:00:00+00:00,KO,gbm_quantile,nonsentiment,40,log_return,58.77999877929688,58.94892002401049,-0.1689212447136086,0.1689212447136086
2021-12-31 00:00:00+00:00,KO,gbm_quantile,nonsentiment,40,log_return,59.209999084472656,58.74082305441584,0.46917603005681485,0.46917603005681485
2022-01-03 00:00:00+00:00,KO,gbm_quantile,nonsentiment,40,log_return,59.29999923706055,59.21588535161273,0.08411388544782028,0.08411388544782028
2022-01-04 00:00:00+00:00,KO,gbm_quantile,nonsentiment,40,log_return,60.290000915527344,59.22596152596909,1.0640393895582534,1.0640393895582534
2022-01-05 00:00:00+00:00,KO,gbm_quantile,nonsentiment,40,log_return,60.790000915527344,60.23271625422457,0.5572846613027735,0.5572846613027735
2022-01-06 00:00:00+00:00,KO,gbm_quantile,nonsentiment,40,log_return,60.470001220703125,60.68213300082269,-0.21213178011956302,0.21213178011956302
2022-01-07 00:00:00+00:00,KO,gbm_quantile,nonsentiment,40,log_return,60.33000183105469,60.39217821527481,-0.06217638422012328,0.06217638422012328
2022-01-10 00:00:00+00:00,KO,gbm_quantile,nonsentiment,40,log_return,60.43000030517578,60.24807961176505,0.18192069341073136,0.18192069341073136
2022-01-11 00:00:00+00:00,KO,gbm_quantile,nonsentiment,40,log_return,60.45000076293945,60.37736775480538,0.07263300813407625,0.07263300813407625
2022-01-12 00:00:00+00:00,KO,gbm_quantile,nonsentiment,40,log_return,60.540000915527344,60.42779322841698,0.112207687110363,0.112207687110363
2022-01-13 00:00:00+00:00,KO,gbm_quantile,nonsentiment,40,log_return,60.900001525878906,60.51627969448312,0.3837218313957891,0.3837218313957891
2022-01-14 00:00:00+00:00,KO,gbm_quantile,nonsentiment,40,log_return,61.38999938964844,60.88855261543029,0.5014467742181452,0.5014467742181452
2022-01-18 00:00:00+00:00,KO,gbm_quantile,nonsentiment,40,log_return,60.900001525878906,61.3618271780571,-0.4618256521781916,0.4618256521781916
2022-01-19 00:00:00+00:00,KO,gbm_quantile,nonsentiment,40,log_return,61.0,60.90987368199601,0.09012631800398907,0.09012631800398907
2022-01-20 00:00:00+00:00,KO,gbm_quantile,nonsentiment,40,log_return,60.75,61.00043930181713,-0.25043930181713137,0.25043930181713137
2022-01-21 00:00:00+00:00,KO,gbm_quantile,nonsentiment,40,log_return,60.45000076293945,60.74345931239586,-0.29345854945641037,0.29345854945641037
2022-01-24 00:00:00+00:00,KO,gbm_quantile,nonsentiment,40,log_return,59.959999084472656,60.49257008994504,-0.5325710054723842,0.5325710054723842
2022-01-25 00:00:00+00:00,KO,gbm_quantile,nonsentiment,40,log_return,59.81999969482422,60.005814543495234,-0.18581484867101494,0.18581484867101494
2022-01-26 00:00:00+00:00,KO,gbm_quantile,nonsentiment,40,log_return,59.59999847412109,59.8253032654482,-0.2253047913271118,0.2253047913271118
2022-01-27 00:00:00+00:00,KO,gbm_quantile,nonsentiment,40,log_return,59.650001525878906,59.63305653480315,0.016944991075753535,0.016944991075753535
2022-01-28 00:00:00+00:00,KO,gbm_quantile,nonsentiment,40,log_return,60.84000015258789,59.578627180552935,1.2613729720349554,1.2613729720349554
2022-01-31 00:00:00+00:00,KO,gbm_quantile,nonsentiment,40,log_return,61.0099983215332,60.91549592360533,0.09450239792787585,0.09450239792787585
2022-02-01 00:00:00+00:00,KO,gbm_quantile,nonsentiment,40,log_return,60.560001373291016,61.08238715406957,-0.5223857807785564,0.5223857807785564
2022-02-02 00:00:00+00:00,KO,gbm_quantile,nonsentiment,40,log_return,61.18000030517578,60.64501854179358,0.5349817633821985,0.5349817633821985
2022-02-03 00:00:00+00:00,KO,gbm_quantile,nonsentiment,40,log_return,61.61000061035156,61.08087397698582,0.5291266333657418,0.5291266333657418
2022-02-04 00:00:00+00:00,KO,gbm_quantile,nonsentiment,40,log_return,60.959999084472656,61.40815404702683,-0.4481549625541703,0.4481549625541703
2022-02-07 00:00:00+00:00,KO,gbm_quantile,nonsentiment,40,log_return,61.59999847412109,60.96442433073486,0.6355741433862292,0.6355741433862292
2022-02-08 00:00:00+00:00,KO,gbm_quantile,nonsentiment,40,log_return,62.0,61.423648754916776,0.5763512450832238,0.5763512450832238
2022-02-09 00:00:00+00:00,KO,gbm_quantile,nonsentiment,40,log_return,61.040000915527344,61.81481713379517,-0.7748162182678229,0.7748162182678229
2022-02-10 00:00:00+00:00,KO,gbm_quantile,nonsentiment,40,log_return,61.380001068115234,60.827857823820146,0.5521432442950882,0.5521432442950882
2022-02-11 00:00:00+00:00,KO,gbm_quantile,nonsentiment,40,log_return,60.290000915527344,61.1935950663479,-0.9035941508205596,0.9035941508205596
2022-02-14 00:00:00+00:00,KO,gbm_quantile,nonsentiment,40,log_return,60.68000030517578,60.105360549187594,0.5746397559881871,0.5746397559881871
2022-02-15 00:00:00+00:00,KO,gbm_quantile,nonsentiment,40,log_return,60.90999984741211,60.52780395899346,0.38219588841865004,0.38219588841865004
2022-02-16 00:00:00+00:00,KO,gbm_quantile,nonsentiment,40,log_return,60.900001525878906,60.7599974345883,0.14000409129060642,0.14000409129060642
2022-02-17 00:00:00+00:00,KO,gbm_quantile,nonsentiment,40,log_return,62.119998931884766,60.74988066653413,1.3701182653506336,1.3701182653506336
2022-02-18 00:00:00+00:00,KO,gbm_quantile,nonsentiment,40,log_return,62.540000915527344,61.97598119178467,0.5640197237426747,0.5640197237426747
2022-02-22 00:00:00+00:00,KO,gbm_quantile,nonsentiment,40,log_return,62.27999877929688,62.3874392476503,-0.10744046835341692,0.10744046835341692
2022-02-23 00:00:00+00:00,KO,gbm_quantile,nonsentiment,40,log_return,61.59000015258789,62.12123789907635,-0.5312377464884577,0.5312377464884577
2022-02-24 00:00:00+00:00,KO,gbm_quantile,nonsentiment,40,log_return,60.5099983215332,61.44733097475418,-0.9373326532209774,0.9373326532209774
2022-02-25 00:00:00+00:00,KO,gbm_quantile,nonsentiment,40,log_return,62.84999847412109,60.383250983771674,2.4667474903494124,2.4667474903494124
2022-02-28 00:00:00+00:00,KO,gbm_quantile,nonsentiment,40,log_return,62.2400016784668,62.79986872396557,-0.5598670454987698,0.5598670454987698
2022-03-01 00:00:00+00:00,KO,gbm_quantile,nonsentiment,40,log_return,61.970001220703125,62.24863391424464,-0.27863269354151754,0.27863269354151754
2022-03-02 00:00:00+00:00,KO,gbm_quantile,nonsentiment,40,log_return,62.43000030517578,61.935395609420134,0.4946046957556476,0.4946046957556476
2022-03-03 00:00:00+00:00,KO,gbm_quantile,nonsentiment,40,log_return,62.470001220703125,62.42875820981781,0.04124301088531723,0.04124301088531723
2022-03-04 00:00:00+00:00,KO,gbm_quantile,nonsentiment,40,log_return,62.56999969482422,62.27888662968488,0.2911130651393421,0.2911130651393421
2022-03-07 00:00:00+00:00,KO,gbm_quantile,nonsentiment,40,log_return,61.08000183105469,62.37292212812763,-1.2929202970729392,1.2929202970729392
2022-03-08 00:00:00+00:00,KO,gbm_quantile,nonsentiment,40,log_return,58.65999984741211,60.888062100879715,-2.2280622534676056,2.2280622534676056
2022-03-09 00:00:00+00:00,KO,gbm_quantile,nonsentiment,40,log_return,58.959999084472656,58.51957111445522,0.4404279700174385,0.4404279700174385
2022-03-10 00:00:00+00:00,KO,gbm_quantile,nonsentiment,40,log_return,57.880001068115234,58.77896577764121,-0.898964709525977,0.898964709525977
2022-03-11 00:00:00+00:00,KO,gbm_quantile,nonsentiment,40,log_return,57.91999816894531,57.716824138318344,0.20317403062696826,0.20317403062696826
2022-03-14 00:00:00+00:00,KO,gbm_quantile,nonsentiment,40,log_return,58.540000915527344,57.78985135263033,0.7501495628970147,0.7501495628970147
2022-03-15 00:00:00+00:00,KO,gbm_quantile,nonsentiment,40,log_return,59.619998931884766,58.348389550174204,1.2716093817105616,1.2716093817105616
2022-03-16 00:00:00+00:00,KO,gbm_quantile,nonsentiment,40,log_return,59.459999084472656,59.457523190202174,0.002475894270482115,0.002475894270482115
2022-03-17 00:00:00+00:00,KO,gbm_quantile,nonsentiment,40,log_return,60.09000015258789,59.274170328743,0.8158298238448936,0.8158298238448936
2022-03-18 00:00:00+00:00,KO,gbm_quantile,nonsentiment,40,log_return,60.09999847412109,59.91933447042655,0.18066400369453817,0.18066400369453817
2022-03-21 00:00:00+00:00,KO,gbm_quantile,nonsentiment,40,log_return,60.58000183105469,59.94709389980311,0.6329079312515802,0.6329079312515802
2022-03-22 00:00:00+00:00,KO,gbm_quantile,nonsentiment,40,log_return,60.79999923706055,60.455986165672776,0.3440130713877707,0.3440130713877707
2022-03-23 00:00:00+00:00,KO,gbm_quantile,nonsentiment,40,log_return,60.400001525878906,60.63332856669272,-0.23332704081381195,0.23332704081381195
2022-03-24 00:00:00+00:00,KO,gbm_quantile,nonsentiment,40,log_return,60.97999954223633,60.242810720108814,0.7371888221275142,0.7371888221275142
2022-03-25 00:00:00+00:00,KO,gbm_quantile,nonsentiment,40,log_return,61.52999877929688,60.81192474094807,0.71807403834881,0.71807403834881
2022-03-28 00:00:00+00:00,KO,gbm_quantile,nonsentiment,40,log_return,61.91999816894531,61.32568810611544,0.5943100628298694,0.5943100628298694
2022-03-29 00:00:00+00:00,KO,gbm_quantile,nonsentiment,40,log_return,62.15999984741211,61.71608392862962,0.44391591878248704,0.44391591878248704
2022-03-30 00:00:00+00:00,KO,gbm_quantile,nonsentiment,40,log_return,62.209999084472656,61.95417117425465,0.25582791021800944,0.25582791021800944
2022-03-31 00:00:00+00:00,KO,gbm_quantile,nonsentiment,40,log_return,62.0,62.03041956523009,-0.030419565230090484,0.030419565230090484
2022-04-01 00:00:00+00:00,KO,gbm_quantile,nonsentiment,40,log_return,62.869998931884766,61.85173851704299,1.0182604148417767,1.0182604148417767
2022-04-04 00:00:00+00:00,KO,gbm_quantile,nonsentiment,40,log_return,62.540000915527344,62.69206173258458,-0.15206081705723307,0.15206081705723307
2022-04-05 00:00:00+00:00,KO,gbm_quantile,nonsentiment,40,log_return,62.470001220703125,62.343813262163515,0.12618795853961018,0.12618795853961018
2022-04-06 00:00:00+00:00,KO,gbm_quantile,nonsentiment,40,log_return,63.09999847412109,62.258760671392615,0.8412378027284717,0.8412378027284717
2022-04-07 00:00:00+00:00,KO,gbm_quantile,nonsentiment,40,log_return,63.43999862670898,62.903875169104836,0.5361234576041412,0.5361234576041412
2022-04-08 00:00:00+00:00,KO,gbm_quantile,nonsentiment,40,log_return,63.83000183105469,63.27897415653406,0.5510276745206255,0.5510276745206255
2022-04-11 00:00:00+00:00,KO,gbm_quantile,nonsentiment,40,log_return,63.810001373291016,63.792995993268704,0.017005380022311556,0.017005380022311556
2022-04-12 00:00:00+00:00,KO,gbm_quantile,nonsentiment,40,log_return,64.55999755859375,63.77383109620841,0.7861664623853386,0.7861664623853386
2022-04-13 00:00:00+00:00,KO,gbm_quantile,nonsentiment,40,log_return,64.7300033569336,64.48661264207259,0.2433907148610075,0.2433907148610075
2022-04-14 00:00:00+00:00,KO,gbm_quantile,nonsentiment,40,log_return,65.0199966430664,64.69411219581526,0.3258844472511413,0.3258844472511413
2022-04-18 00:00:00+00:00,KO,gbm_quantile,nonsentiment,40,log_return,64.44000244140625,64.97005531942135,-0.5300528780150984,0.5300528780150984
2022-04-19 00:00:00+00:00,KO,gbm_quantile,nonsentiment,40,log_return,65.06999969482422,64.25820979265816,0.8117899021660548,0.8117899021660548
2022-04-20 00:00:00+00:00,KO,gbm_quantile,nonsentiment,40,log_return,65.95999908447266,65.01522775911663,0.9447713253560295,0.9447713253560295
2022-04-21 00:00:00+00:00,KO,gbm_quantile,nonsentiment,40,log_return,66.20999908447266,65.71945670185315,0.490542382619509,0.490542382619509
2022-04-22 00:00:00+00:00,KO,gbm_quantile,nonsentiment,40,log_return,65.25,65.93410577701336,-0.6841057770133574,0.6841057770133574
2022-04-25 00:00:00+00:00,KO,gbm_quantile,nonsentiment,40,log_return,65.94000244140625,65.02662105198145,0.9133813894247993,0.9133813894247993
2022-04-26 00:00:00+00:00,KO,gbm_quantile,nonsentiment,40,log_return,65.05000305175781,65.74015341097441,-0.6901503592166023,0.6901503592166023
2022-04-27 00:00:00+00:00,KO,gbm_quantile,nonsentiment,40,log_return,65.55999755859375,64.83512135855543,0.7248762000383238,0.7248762000383238
2022-04-28 00:00:00+00:00,KO,gbm_quantile,nonsentiment,40,log_return,66.19000244140625,65.35844360024691,0.8315588411593353,0.8315588411593353
2022-04-29 00:00:00+00:00,KO,gbm_quantile,nonsentiment,40,log_return,64.61000061035156,65.98477546799877,-1.3747748576472105,1.3747748576472105
2022-05-02 00:00:00+00:00,KO,gbm_quantile,nonsentiment,40,log_return,63.43999862670898,64.43549186403318,-0.9954932373242045,0.9954932373242045
2022-05-03 00:00:00+00:00,KO,gbm_quantile,nonsentiment,40,log_return,63.08000183105469,63.26605170322448,-0.1860498721697894,0.1860498721697894
2022-05-04 00:00:00+00:00,KO,gbm_quantile,nonsentiment,40,log_return,65.02999877929688,62.89680395529498,2.1331948240018974,2.1331948240018974
2022-05-05 00:00:00+00:00,KO,gbm_quantile,nonsentiment,40,log_return,64.51000213623047,64.84475106592284,-0.3347489296923669,0.3347489296923669
2022-05-06 00:00:00+00:00,KO,gbm_quantile,nonsentiment,40,log_return,64.73999786376953,64.30910955587902,0.4308883078905126,0.4308883078905126
2022-05-09 00:00:00+00:00,KO,gbm_quantile,nonsentiment,40,log_return,64.61000061035156,64.57898059648969,0.031020013861876805,0.031020013861876805
2022-05-10 00:00:00+00:00,KO,gbm_quantile,nonsentiment,40,log_return,64.01000213623047,64.42891532442616,-0.41891318819568824,0.41891318819568824
2022-05-11 00:00:00+00:00,KO,gbm_quantile,nonsentiment,40,log_return,64.30999755859375,63.84144673523932,0.4685508233544269,0.4685508233544269
2022-05-12 00:00:00+00:00,KO,gbm_quantile,nonsentiment,40,log_return,64.51000213623047,64.12477188125692,0.3852302549735498,0.3852302549735498
2022-05-13 00:00:00+00:00,KO,gbm_quantile,nonsentiment,40,log_return,65.72000122070312,64.29919741759598,1.4208038031071482,1.4208038031071482
2022-05-16 00:00:00+00:00,KO,gbm_quantile,nonsentiment,40,log_return,65.95999908447266,65.55344567573317,0.40655340873948376,0.40655340873948376
2022-05-17 00:00:00+00:00,KO,gbm_quantile,nonsentiment,40,log_return,65.77999877929688,65.75767059042902,0.02232818886785992,0.02232818886785992
2022-05-18 00:00:00+00:00,KO,gbm_quantile,nonsentiment,40,log_return,61.20000076293945,65.59826682535605,-4.398266062416596,4.398266062416596
2022-05-19 00:00:00+00:00,KO,gbm_quantile,nonsentiment,40,log_return,60.0,61.04355998154995,-1.0435599815499472,1.0435599815499472
2022-05-20 00:00:00+00:00,KO,gbm_quantile,nonsentiment,40,log_return,60.97999954223633,59.83520152686188,1.1447980153744481,1.1447980153744481
2022-05-23 00:00:00+00:00,KO,gbm_quantile,nonsentiment,40,log_return,62.86000061035156,60.81133732851383,2.048663281837733,2.048663281837733
2022-05-24 00:00:00+00:00,KO,gbm_quantile,nonsentiment,40,log_return,64.0199966430664,62.68725632794224,1.3327403151241697,1.3327403151241697
2022-05-25 00:00:00+00:00,KO,gbm_quantile,nonsentiment,40,log_return,64.06999969482422,63.85160756829324,0.21839212653097917,0.21839212653097917
2022-05-26 00:00:00+00:00,KO,gbm_quantile,nonsentiment,40,log_return,64.30000305175781,63.91130563374903,0.3886974180087819,0.3886974180087819
2022-05-27 00:00:00+00:00,KO,gbm_quantile,nonsentiment,40,log_return,64.68000030517578,64.12602234156087,0.553977963614912,0.553977963614912
2022-05-31 00:00:00+00:00,KO,gbm_quantile,nonsentiment,40,log_return,63.380001068115234,64.5046392847723,-1.1246382166570612,1.1246382166570612
2022-06-01 00:00:00+00:00,KO,gbm_quantile,nonsentiment,40,log_return,63.06999969482422,63.20767521508536,-0.1376755202611406,0.1376755202611406
2022-06-02 00:00:00+00:00,KO,gbm_quantile,nonsentiment,40,log_return,63.72999954223633,63.09498740468538,0.6350121375509516,0.6350121375509516
2022-06-03 00:00:00+00:00,KO,gbm_quantile,nonsentiment,40,log_return,62.970001220703125,63.584739047270965,-0.6147378265678398,0.6147378265678398
2022-06-06 00:00:00+00:00,KO,gbm_quantile,nonsentiment,40,log_return,62.869998931884766,62.833092627244085,0.03690630464068079,0.03690630464068079
2022-06-07 00:00:00+00:00,KO,gbm_quantile,nonsentiment,40,log_return,63.25,62.709004230456074,0.540995769543926,0.540995769543926
2022-06-08 00:00:00+00:00,KO,gbm_quantile,nonsentiment,40,log_return,62.88999938964844,63.06214551127875,-0.17214612163031262,0.17214612163031262
2022-06-09 00:00:00+00:00,KO,gbm_quantile,nonsentiment,40,log_return,61.79999923706055,62.737359532529254,-0.9373602954687072,0.9373602954687072
2022-06-10 00:00:00+00:00,KO,gbm_quantile,nonsentiment,40,log_return,61.40999984741211,61.63609661879918,-0.22609677138706985,0.22609677138706985
2022-06-13 00:00:00+00:00,KO,gbm_quantile,nonsentiment,40,log_return,61.34000015258789,61.17749966851465,0.16250048407324158,0.16250048407324158
2022-06-14 00:00:00+00:00,KO,gbm_quantile,nonsentiment,40,log_return,59.22999954223633,61.208086901132035,-1.9780873588957064,1.9780873588957064
2022-06-15 00:00:00+00:00,KO,gbm_quantile,nonsentiment,40,log_return,59.66999816894531,59.07129919296102,0.5986989759842913,0.5986989759842913
2022-06-16 00:00:00+00:00,KO,gbm_quantile,nonsentiment,40,log_return,59.06999969482422,59.50150951796519,-0.43150982314097064,0.43150982314097064
2022-06-17 00:00:00+00:00,KO,gbm_quantile,nonsentiment,40,log_return,59.43000030517578,58.894239345582434,0.5357609595933468,0.5357609595933468
2022-06-21 00:00:00+00:00,KO,gbm_quantile,nonsentiment,40,log_return,60.70000076293945,59.25536381265476,1.4446369502846963,1.4446369502846963
2022-06-22 00:00:00+00:00,KO,gbm_quantile,nonsentiment,40,log_return,61.150001525878906,60.652970379627206,0.4970311462517003,0.4970311462517003
2022-06-23 00:00:00+00:00,KO,gbm_quantile,nonsentiment,40,log_return,61.880001068115234,60.98109087207975,0.8989101960354873,0.8989101960354873
2022-06-24 00:00:00+00:00,KO,gbm_quantile,nonsentiment,40,log_return,63.040000915527344,61.70183857793959,1.3381623375877538,1.3381623375877538
2022-06-27 00:00:00+00:00,KO,gbm_quantile,nonsentiment,40,log_return,62.90999984741211,62.874363951269906,0.035635896142203194,0.035635896142203194
2022-06-28 00:00:00+00:00,KO,gbm_quantile,nonsentiment,40,log_return,62.27999877929688,62.731324892985995,-0.45132611368911313,0.45132611368911313
2022-06-29 00:00:00+00:00,KO,gbm_quantile,nonsentiment,40,log_return,62.72999954223633,62.13121265797807,0.59878688425826,0.59878688425826
2022-06-30 00:00:00+00:00,KO,gbm_quantile,nonsentiment,40,log_return,62.90999984741211,62.51853098121144,0.39146886620066823,0.39146886620066823
2022-07-01 00:00:00+00:00,KO,gbm_quantile,nonsentiment,40,log_return,64.37999725341797,62.67369706004303,1.7063001933749362,1.7063001933749362
2022-07-05 00:00:00+00:00,KO,gbm_quantile,nonsentiment,40,log_return,63.27999877929688,64.23166140448757,-0.9516626251906857,0.9516626251906857
2022-07-06 00:00:00+00:00,KO,gbm_quantile,nonsentiment,40,log_return,63.40999984741211,63.01136683789546,0.3986330095166508,0.3986330095166508
2022-07-07 00:00:00+00:00,KO,gbm_quantile,nonsentiment,40,log_return,62.90999984741211,63.14182198393091,-0.2318221365188009,0.2318221365188009
2022-07-08 00:00:00+00:00,KO,gbm_quantile,nonsentiment,40,log_return,63.13999938964844,62.65432718057308,0.4856722090753607,0.4856722090753607
2022-07-11 00:00:00+00:00,KO,gbm_quantile,nonsentiment,40,log_return,62.93999862670898,62.924916838650695,0.015081788058282086,0.015081788058282086
2022-07-12 00:00:00+00:00,KO,gbm_quantile,nonsentiment,40,log_return,62.66999816894531,62.725865210097886,-0.055867041152573904,0.055867041152573904
2022-07-13 00:00:00+00:00,KO,gbm_quantile,nonsentiment,40,log_return,62.380001068115234,62.48913070918036,-0.1091296410651239,0.1091296410651239
2022-07-14 00:00:00+00:00,KO,gbm_quantile,nonsentiment,40,log_return,62.18000030517578,62.20412101524812,-0.024120710072338625,0.024120710072338625
2022-07-15 00:00:00+00:00,KO,gbm_quantile,nonsentiment,40,log_return,62.5,61.97582122912485,0.5241787708751531,0.5241787708751531
2022-07-18 00:00:00+00:00,KO,gbm_quantile,nonsentiment,40,log_return,61.650001525878906,62.321952690810186,-0.6719511649312793,0.6719511649312793
2022-07-19 00:00:00+00:00,KO,gbm_quantile,nonsentiment,40,log_return,62.52999877929688,61.269701280327546,1.2602974989693365,1.2602974989693365
2022-07-20 00:00:00+00:00,KO,gbm_quantile,nonsentiment,40,log_return,61.5,62.34086899345942,-0.8408689934594165,0.8408689934594165
2022-07-21 00:00:00+00:00,KO,gbm_quantile,nonsentiment,40,log_return,61.36000061035156,61.29936763915495,0.06063297119661115,0.06063297119661115
2022-07-22 00:00:00+00:00,KO,gbm_quantile,nonsentiment,40,log_return,61.59000015258789,61.30647463219069,0.28352552039719825,0.28352552039719825
2022-07-25 00:00:00+00:00,KO,gbm_quantile,nonsentiment,40,log_return,62.18999862670898,61.3944090275552,0.7955895991537787,0.7955895991537787
2022-07-26 00:00:00+00:00,KO,gbm_quantile,nonsentiment,40,log_return,63.209999084472656,61.99143990102413,1.2185591834485265,1.2185591834485265
2022-07-27 00:00:00+00:00,KO,gbm_quantile,nonsentiment,40,log_return,63.0099983215332,62.99015868839847,0.019839633134729695,0.019839633134729695
2022-07-28 00:00:00+00:00,KO,gbm_quantile,nonsentiment,40,log_return,64.05999755859375,62.821647884793386,1.2383496738003643,1.2383496738003643
2022-07-29 00:00:00+00:00,KO,gbm_quantile,nonsentiment,40,log_return,64.16999816894531,63.8421383955992,0.3278597733461126,0.3278597733461126
2022-08-01 00:00:00+00:00,KO,gbm_quantile,nonsentiment,40,log_return,64.5199966430664,63.95972763979241,0.5602690032739943,0.5602690032739943
2022-08-02 00:00:00+00:00,KO,gbm_quantile,nonsentiment,40,log_return,63.63999938964844,64.29985913244646,-0.6598597427980195,0.6598597427980195
2022-08-03 00:00:00+00:00,KO,gbm_quantile,nonsentiment,40,log_return,63.91999816894531,63.46319254265339,0.4568056262919242,0.4568056262919242
2022-08-04 00:00:00+00:00,KO,gbm_quantile,nonsentiment,40,log_return,63.66999816894531,63.698520114548565,-0.028521945603252163,0.028521945603252163
2022-08-05 00:00:00+00:00,KO,gbm_quantile,nonsentiment,40,log_return,63.380001068115234,63.476804158045475,-0.09680308993024056,0.09680308993024056
2022-08-08 00:00:00+00:00,KO,gbm_quantile,nonsentiment,40,log_return,62.970001220703125,63.15289687197128,-0.18289565126815432,0.18289565126815432
2022-08-09 00:00:00+00:00,KO,gbm_quantile,nonsentiment,40,log_return,63.04999923706055,62.76977367818963,0.28022555887091727,0.28022555887091727
2022-08-10 00:00:00+00:00,KO,gbm_quantile,nonsentiment,40,log_return,63.650001525878906,62.87130758799606,0.7786939378828492,0.7786939378828492
2022-08-11 00:00:00+00:00,KO,gbm_quantile,nonsentiment,40,log_return,63.220001220703125,63.45854861310595,-0.23854739240282186,0.23854739240282186
2022-08-12 00:00:00+00:00,KO,gbm_quantile,nonsentiment,40,log_return,63.70000076293945,62.97223523843875,0.727765524500704,0.727765524500704
2022-08-15 00:00:00+00:00,KO,gbm_quantile,nonsentiment,40,log_return,64.5,63.45384818791115,1.0461518120888513,1.0461518120888513
2022-08-16 00:00:00+00:00,KO,gbm_quantile,nonsentiment,40,log_return,65.02999877929688,64.19419241991251,0.8358063593843639,0.8358063593843639
2022-08-17 00:00:00+00:00,KO,gbm_quantile,nonsentiment,40,log_return,64.87999725341797,64.76681413887522,0.11318311454274976,0.11318311454274976
2022-08-18 00:00:00+00:00,KO,gbm_quantile,nonsentiment,40,log_return,65.22000122070312,64.64551794889397,0.5744832718091573,0.5744832718091573
2022-08-19 00:00:00+00:00,KO,gbm_quantile,nonsentiment,40,log_return,65.16999816894531,64.97011762622488,0.19988054272043598,0.19988054272043598
2022-08-22 00:00:00+00:00,KO,gbm_quantile,nonsentiment,40,log_return,64.19999694824219,64.93342139029319,-0.7334244420510032,0.7334244420510032
2022-08-23 00:00:00+00:00,KO,gbm_quantile,nonsentiment,40,log_return,64.2699966430664,63.91632478335368,0.3536718597127262,0.3536718597127262
2022-08-24 00:00:00+00:00,KO,gbm_quantile,nonsentiment,40,log_return,64.36000061035156,63.99264725819013,0.3673533521614303,0.3673533521614303
2022-08-25 00:00:00+00:00,KO,gbm_quantile,nonsentiment,40,log_return,64.66999816894531,64.09870383254619,0.5712943363991201,0.5712943363991201
2022-08-26 00:00:00+00:00,KO,gbm_quantile,nonsentiment,40,log_return,63.11000061035156,64.40621964773374,-1.2962190373821727,1.2962190373821727
2022-08-29 00:00:00+00:00,KO,gbm_quantile,nonsentiment,40,log_return,62.72999954223633,62.83623490286091,-0.10623536062458072,0.10623536062458072
2022-08-30 00:00:00+00:00,KO,gbm_quantile,nonsentiment,40,log_return,62.150001525878906,62.496424187020004,-0.3464226611410979,0.3464226611410979
2022-08-31 00:00:00+00:00,KO,gbm_quantile,nonsentiment,40,log_return,61.709999084472656,61.94141071242277,-0.23141162795011638,0.23141162795011638
2022-09-01 00:00:00+00:00,KO,gbm_quantile,nonsentiment,40,log_return,62.0,61.44341127570037,0.5565887242996297,0.5565887242996297
2022-09-02 00:00:00+00:00,KO,gbm_quantile,nonsentiment,40,log_return,61.150001525878906,61.72838422190767,-0.5783826960287612,0.5783826960287612
2022-09-06 00:00:00+00:00,KO,gbm_quantile,nonsentiment,40,log_return,61.18000030517578,60.869732476693706,0.31026782848207546,0.31026782848207546
2022-09-07 00:00:00+00:00,KO,gbm_quantile,nonsentiment,40,log_return,62.310001373291016,60.91092832586456,1.3990730474264552,1.3990730474264552
2022-09-08 00:00:00+00:00,KO,gbm_quantile,nonsentiment,40,log_return,62.119998931884766,62.06417462208973,0.055824309795035276,0.055824309795035276
2022-09-09 00:00:00+00:00,KO,gbm_quantile,nonsentiment,40,log_return,62.31999969482422,61.9250080077313,0.39499168709291865,0.39499168709291865
2022-09-12 00:00:00+00:00,KO,gbm_quantile,nonsentiment,40,log_return,62.5,62.15010884339414,0.3498911566058567,0.3498911566058567
2022-09-13 00:00:00+00:00,KO,gbm_quantile,nonsentiment,40,log_return,60.470001220703125,62.312575531829,-1.8425743111258726,1.8425743111258726
2022-09-14 00:00:00+00:00,KO,gbm_quantile,nonsentiment,40,log_return,60.790000915527344,60.23755405639114,0.5524468591362037,0.5524468591362037
2022-09-15 00:00:00+00:00,KO,gbm_quantile,nonsentiment,40,log_return,59.52999877929688,60.605814035557366,-1.0758152562604835,1.0758152562604835
2022-09-16 00:00:00+00:00,KO,gbm_quantile,nonsentiment,40,log_return,59.540000915527344,59.33722234888314,0.20277856664420568,0.20277856664420568
2022-09-19 00:00:00+00:00,KO,gbm_quantile,nonsentiment,40,log_return,59.9900016784668,59.3755687979323,0.6144328805344941,0.6144328805344941
2022-09-20 00:00:00+00:00,KO,gbm_quantile,nonsentiment,40,log_return,59.900001525878906,59.786991838470726,0.11300968740818007,0.11300968740818007
2022-09-21 00:00:00+00:00,KO,gbm_quantile,nonsentiment,40,log_return,59.400001525878906,59.6740024547651,-0.27400092888619554,0.27400092888619554
2022-09-22 00:00:00+00:00,KO,gbm_quantile,nonsentiment,40,log_return,59.2599983215332,59.2074726334239,0.05252568810930569,0.05252568810930569
2022-09-23 00:00:00+00:00,KO,gbm_quantile,nonsentiment,40,log_return,58.59999847412109,59.060753409326125,-0.4607549352050384,0.4607549352050384
2022-09-26 00:00:00+00:00,KO,gbm_quantile,nonsentiment,40,log_return,57.869998931884766,58.39201948313001,-0.5220205512452409,0.5220205512452409
2022-09-27 00:00:00+00:00,KO,gbm_quantile,nonsentiment,40,log_return,56.380001068115234,57.688238280720924,-1.3082372126056896,1.3082372126056896
2022-09-28 00:00:00+00:00,KO,gbm_quantile,nonsentiment,40,log_return,56.97999954223633,56.228275493474364,0.7517240487619645,0.7517240487619645
2022-09-29 00:00:00+00:00,KO,gbm_quantile,nonsentiment,40,log_return,56.56999969482422,56.81078063892093,-0.2407809440967128,0.2407809440967128
2022-09-30 00:00:00+00:00,KO,gbm_quantile,nonsentiment,40,log_return,56.02000045776367,56.400198308812236,-0.38019785104856396,0.38019785104856396
2022-10-03 00:00:00+00:00,KO,gbm_quantile,nonsentiment,40,log_return,56.650001525878906,55.847006076963964,0.8029954489149418,0.8029954489149418
2022-10-04 00:00:00+00:00,KO,gbm_quantile,nonsentiment,40,log_return,56.77999877929688,56.489597097306934,0.2904016819899482,0.2904016819899482
2022-10-05 00:00:00+00:00,KO,gbm_quantile,nonsentiment,40,log_return,56.2400016784668,56.62952618631567,-0.3895245078488756,0.3895245078488756
2022-10-06 00:00:00+00:00,KO,gbm_quantile,nonsentiment,40,log_return,55.02999877929688,56.08815673418233,-1.058157954885445,1.058157954885445
2022-10-07 00:00:00+00:00,KO,gbm_quantile,nonsentiment,40,log_return,54.5099983215332,54.87692255014055,-0.3669242286073455,0.3669242286073455
2022-10-10 00:00:00+00:00,KO,gbm_quantile,nonsentiment,40,log_return,54.38999938964844,54.365140519518306,0.02485887013013155,0.02485887013013155
2022-10-11 00:00:00+00:00,KO,gbm_quantile,nonsentiment,40,log_return,54.47999954223633,54.30170276422561,0.17829677801071853,0.17829677801071853
2022-10-12 00:00:00+00:00,KO,gbm_quantile,nonsentiment,40,log_return,55.13999938964844,54.32010543261808,0.8198939570303594,0.8198939570303594
2022-10-13 00:00:00+00:00,KO,gbm_quantile,nonsentiment,40,log_return,55.869998931884766,54.97564396301386,0.8943549688709069,0.8943549688709069
2022-10-14 00:00:00+00:00,KO,gbm_quantile,nonsentiment,40,log_return,54.97999954223633,55.72267672725124,-0.7426771850149123,0.7426771850149123
2022-10-17 00:00:00+00:00,KO,gbm_quantile,nonsentiment,40,log_return,55.68999862670898,54.83917534775967,0.8508232789493064,0.8508232789493064
2022-10-18 00:00:00+00:00,KO,gbm_quantile,nonsentiment,40,log_return,56.43999862670898,55.499595565240654,0.9404030614683236,0.9404030614683236
2022-10-19 00:00:00+00:00,KO,gbm_quantile,nonsentiment,40,log_return,55.959999084472656,56.23254480302998,-0.2725457185573248,0.2725457185573248
2022-10-20 00:00:00+00:00,KO,gbm_quantile,nonsentiment,40,log_return,55.08000183105469,55.79500563679068,-0.7150038057359893,0.7150038057359893
2022-10-21 00:00:00+00:00,KO,gbm_quantile,nonsentiment,40,log_return,55.959999084472656,54.91731288368182,1.0426862007908397,1.0426862007908397
2022-10-24 00:00:00+00:00,KO,gbm_quantile,nonsentiment,40,log_return,57.56999969482422,55.81279236767464,1.7572073271495796,1.7572073271495796
2022-10-25 00:00:00+00:00,KO,gbm_quantile,nonsentiment,40,log_return,58.95000076293945,57.40473646106276,1.545264301876692,1.545264301876692
2022-10-26 00:00:00+00:00,KO,gbm_quantile,nonsentiment,40,log_return,59.38999938964844,58.77546789864171,0.6145314910067299,0.6145314910067299
2022-10-27 00:00:00+00:00,KO,gbm_quantile,nonsentiment,40,log_return,59.52999877929688,59.34508221130086,0.1849165679960194,0.1849165679960194
2022-10-28 00:00:00+00:00,KO,gbm_quantile,nonsentiment,40,log_return,60.7599983215332,59.48099063350457,1.279007688028635,1.279007688028635
2022-10-31 00:00:00+00:00,KO,gbm_quantile,nonsentiment,40,log_return,59.84999847412109,60.71428079192454,-0.8642823178034504,0.8642823178034504
2022-11-01 00:00:00+00:00,KO,gbm_quantile,nonsentiment,40,log_return,59.63999938964844,59.8085215427804,-0.16852215313195984,0.16852215313195984
2022-11-02 00:00:00+00:00,KO,gbm_quantile,nonsentiment,40,log_return,58.810001373291016,59.6108875740339,-0.8008862007428874,0.8008862007428874
2022-11-03 00:00:00+00:00,KO,gbm_quantile,nonsentiment,40,log_return,58.77999877929688,58.743624898254275,0.03637388104260708,0.03637388104260708
2022-11-04 00:00:00+00:00,KO,gbm_quantile,nonsentiment,40,log_return,59.2599983215332,58.74888614798477,0.5111121735484332,0.5111121735484332
2022-11-07 00:00:00+00:00,KO,gbm_quantile,nonsentiment,40,log_return,59.4900016784668,59.20871748269474,0.2812841957720593,0.2812841957720593
2022-11-08 00:00:00+00:00,KO,gbm_quantile,nonsentiment,40,log_return,59.59999847412109,59.47665990149926,0.1233385726218259,0.1233385726218259
2022-11-09 00:00:00+00:00,KO,gbm_quantile,nonsentiment,40,log_return,58.77000045776367,59.53687087790803,-0.7668704201443575,0.7668704201443575
2022-11-10 00:00:00+00:00,KO,gbm_quantile,nonsentiment,40,log_return,60.880001068115234,58.72027201901375,2.159729049101486,2.159729049101486
2022-11-11 00:00:00+00:00,KO,gbm_quantile,nonsentiment,40,log_return,61.31999969482422,60.787364800531215,0.5326348942930039,0.5326348942930039
2022-11-14 00:00:00+00:00,KO,gbm_quantile,nonsentiment,40,log_return,60.72999954223633,61.24487157081057,-0.5148720285742385,0.5148720285742385
2022-11-15 00:00:00+00:00,KO,gbm_quantile,nonsentiment,40,log_return,60.630001068115234,60.61461825358714,0.015382814528095423,0.015382814528095423
2022-11-16 00:00:00+00:00,KO,gbm_quantile,nonsentiment,40,log_return,60.52000045776367,60.54851487692799,-0.028514419164316962,0.028514419164316962
2022-11-17 00:00:00+00:00,KO,gbm_quantile,nonsentiment,40,log_return,60.709999084472656,60.412540194118016,0.29745889035464046,0.29745889035464046
2022-11-18 00:00:00+00:00,KO,gbm_quantile,nonsentiment,40,log_return,61.13999938964844,60.605124054805486,0.5348753348429511,0.5348753348429511
2022-11-21 00:00:00+00:00,KO,gbm_quantile,nonsentiment,40,log_return,62.08000183105469,61.09766825404377,0.9823335770109196,0.9823335770109196
2022-11-22 00:00:00+00:00,KO,gbm_quantile,nonsentiment,40,log_return,62.34999847412109,62.04376925217087,0.3062292219502183,0.3062292219502183
2022-11-23 00:00:00+00:00,KO,gbm_quantile,nonsentiment,40,log_return,62.630001068115234,62.322190214582385,0.30781085353284965,0.30781085353284965
2022-11-25 00:00:00+00:00,KO,gbm_quantile,nonsentiment,40,log_return,62.68999862670898,62.55911443246794,0.13088419424103392,0.13088419424103392
2022-11-28 00:00:00+00:00,KO,gbm_quantile,nonsentiment,40,log_return,62.70000076293945,62.63179282901501,0.06820793392444102,0.06820793392444102
2022-11-29 00:00:00+00:00,KO,gbm_quantile,nonsentiment,40,log_return,62.47999954223633,62.4512078253569,0.028791716879425167,0.028791716879425167
2022-11-30 00:00:00+00:00,KO,gbm_quantile,nonsentiment,40,log_return,63.61000061035156,62.31745362017057,1.2925469901809947,1.2925469901809947
2022-12-01 00:00:00+00:00,KO,gbm_quantile,nonsentiment,40,log_return,63.790000915527344,63.47048678506625,0.3195141304610942,0.3195141304610942
2022-12-02 00:00:00+00:00,KO,gbm_quantile,nonsentiment,40,log_return,64.3499984741211,63.64672193892486,0.7032765351962311,0.7032765351962311
2022-12-05 00:00:00+00:00,KO,gbm_quantile,nonsentiment,40,log_return,63.470001220703125,64.08260265128462,-0.612601430581492,0.612601430581492
2022-12-06 00:00:00+00:00,KO,gbm_quantile,nonsentiment,40,log_return,63.43999862670898,63.265820160439986,0.17417846626899092,0.17417846626899092
2022-12-07 00:00:00+00:00,KO,gbm_quantile,nonsentiment,40,log_return,63.540000915527344,63.258464317419914,0.28153659810742937,0.28153659810742937
2022-12-08 00:00:00+00:00,KO,gbm_quantile,nonsentiment,40,log_return,63.810001373291016,63.311312159532804,0.49868921375821174,0.49868921375821174
2022-12-09 00:00:00+00:00,KO,gbm_quantile,nonsentiment,40,log_return,63.13999938964844,63.581546791674704,-0.4415474020262664,0.4415474020262664
2022-12-12 00:00:00+00:00,KO,gbm_quantile,nonsentiment,40,log_return,63.970001220703125,62.9421848466592,1.0278163740439226,1.0278163740439226
2022-12-13 00:00:00+00:00,KO,gbm_quantile,nonsentiment,40,log_return,63.9900016784668,63.73069241385649,0.2593092646103088,0.2593092646103088
2022-12-14 00:00:00+00:00,KO,gbm_quantile,nonsentiment,40,log_return,63.9900016784668,63.75557854051845,0.23442313794834746,0.23442313794834746
2022-12-15 00:00:00+00:00,KO,gbm_quantile,nonsentiment,40,log_return,63.11000061035156,63.74618546281409,-0.6361848524625273,0.6361848524625273
2022-12-16 00:00:00+00:00,KO,gbm_quantile,nonsentiment,40,log_return,62.75,62.903179472727295,-0.15317947272729526,0.15317947272729526
2022-12-19 00:00:00+00:00,KO,gbm_quantile,nonsentiment,40,log_return,62.84000015258789,62.54958699133694,0.29041316125095307,0.29041316125095307
2022-12-20 00:00:00+00:00,KO,gbm_quantile,nonsentiment,40,log_return,62.790000915527344,62.77107528530194,0.018925630225403722,0.018925630225403722
2022-12-21 00:00:00+00:00,KO,gbm_quantile,nonsentiment,40,log_return,63.79999923706055,62.52529288252116,1.27470635453939,1.27470635453939
2022-12-22 00:00:00+00:00,KO,gbm_quantile,nonsentiment,40,log_return,63.34000015258789,63.588514695335114,-0.2485145427472233,0.2485145427472233
2022-12-23 00:00:00+00:00,KO,gbm_quantile,nonsentiment,40,log_return,63.81999969482422,63.143209725741904,0.6767899690823143,0.6767899690823143
2022-12-27 00:00:00+00:00,KO,gbm_quantile,nonsentiment,40,log_return,64.20999908447266,63.606655595226435,0.603343489246221,0.603343489246221
2022-12-28 00:00:00+00:00,KO,gbm_quantile,nonsentiment,40,log_return,63.56999969482422,64.03818221938167,-0.4681825245574487,0.4681825245574487
2022-12-29 00:00:00+00:00,KO,gbm_quantile,nonsentiment,40,log_return,63.95000076293945,63.374161279454974,0.5758394834844793,0.5758394834844793
2022-12-30 00:00:00+00:00,KO,gbm_quantile,nonsentiment,40,log_return,63.61000061035156,63.69778726998712,-0.08778665963555454,0.08778665963555454
2023-01-03 00:00:00+00:00,KO,gbm_quantile,nonsentiment,40,log_return,62.95000076293945,63.3586780260073,-0.4086772630678439,0.4086772630678439
2023-01-04 00:00:00+00:00,KO,gbm_quantile,nonsentiment,40,log_return,62.91999816894531,62.73657890497117,0.18341926397414454,0.18341926397414454
2023-01-05 00:00:00+00:00,KO,gbm_quantile,nonsentiment,40,log_return,62.20000076293945,62.643439851816964,-0.44343908887751127,0.44343908887751127
2023-01-06 00:00:00+00:00,KO,gbm_quantile,nonsentiment,40,log_return,63.400001525878906,61.935478370380956,1.4645231554979503,1.4645231554979503
2023-01-09 00:00:00+00:00,KO,gbm_quantile,nonsentiment,40,log_return,62.61000061035156,63.09879527357775,-0.48879466322618725,0.48879466322618725
2023-01-10 00:00:00+00:00,KO,gbm_quantile,nonsentiment,40,log_return,62.130001068115234,62.351949714164014,-0.22194864604878006,0.22194864604878006
2023-01-11 00:00:00+00:00,KO,gbm_quantile,nonsentiment,40,log_return,62.0099983215332,61.87922273760701,0.13077558392619437,0.13077558392619437
2023-01-12 00:00:00+00:00,KO,gbm_quantile,nonsentiment,40,log_return,61.209999084472656,61.80548024670235,-0.5954811622296958,0.5954811622296958
2023-01-13 00:00:00+00:00,KO,gbm_quantile,nonsentiment,40,log_return,61.43000030517578,61.00568368279138,0.4243166223844028,0.4243166223844028
2023-01-17 00:00:00+00:00,KO,gbm_quantile,nonsentiment,40,log_return,61.68000030517578,61.18515539588299,0.49484490929279445,0.49484490929279445
2023-01-18 00:00:00+00:00,KO,gbm_quantile,nonsentiment,40,log_return,59.810001373291016,61.45489984788185,-1.644898474590832,1.644898474590832
2023-01-19 00:00:00+00:00,KO,gbm_quantile,nonsentiment,40,log_return,59.720001220703125,59.64805214483057,0.07194907587255273,0.07194907587255273
2023-01-20 00:00:00+00:00,KO,gbm_quantile,nonsentiment,40,log_return,60.08000183105469,59.60658364500507,0.4734181860496207,0.4734181860496207
2023-01-23 00:00:00+00:00,KO,gbm_quantile,nonsentiment,40,log_return,60.22999954223633,59.991546387263966,0.23845315497236186,0.23845315497236186
2023-01-24 00:00:00+00:00,KO,gbm_quantile,nonsentiment,40,log_return,60.54999923706055,59.977387286837455,0.5726119502230915,0.5726119502230915
2023-01-25 00:00:00+00:00,KO,gbm_quantile,nonsentiment,40,log_return,60.93000030517578,60.328180361411974,0.6018199437638074,0.6018199437638074
2023-01-26 00:00:00+00:00,KO,gbm_quantile,nonsentiment,40,log_return,60.810001373291016,60.70275897606577,0.10724239722524231,0.10724239722524231
2023-01-27 00:00:00+00:00,KO,gbm_quantile,nonsentiment,40,log_return,60.4900016784668,60.58620788266581,-0.09620620419901371,0.09620620419901371
2023-01-30 00:00:00+00:00,KO,gbm_quantile,nonsentiment,40,log_return,60.63999938964844,60.2881484884892,0.35185090115923856,0.35185090115923856
2023-01-31 00:00:00+00:00,KO,gbm_quantile,nonsentiment,40,log_return,61.31999969482422,60.46164957445546,0.8583501203687618,0.8583501203687618
2023-02-01 00:00:00+00:00,KO,gbm_quantile,nonsentiment,40,log_return,61.33000183105469,61.15253829677681,0.17746353427787653,0.17746353427787653
2023-02-02 00:00:00+00:00,KO,gbm_quantile,nonsentiment,40,log_return,60.27999877929688,61.1490152871911,-0.8690165078942158,0.8690165078942158
2023-02-03 00:00:00+00:00,KO,gbm_quantile,nonsentiment,40,log_return,59.83000183105469,60.034091313763035,-0.2040894827083477,0.2040894827083477
2023-02-06 00:00:00+00:00,KO,gbm_quantile,nonsentiment,40,log_return,60.16999816894531,59.66821322577982,0.5017849431654895,0.5017849431654895
2023-02-07 00:00:00+00:00,KO,gbm_quantile,nonsentiment,40,log_return,60.06999969482422,60.002746094540306,0.06725360028391236,0.06725360028391236
2023-02-08 00:00:00+00:00,KO,gbm_quantile,nonsentiment,40,log_return,59.720001220703125,59.86869466198828,-0.14869344128515394,0.14869344128515394
2023-02-09 00:00:00+00:00,KO,gbm_quantile,nonsentiment,40,log_return,59.619998931884766,59.54926652456462,0.07073240732014341,0.07073240732014341
2023-02-10 00:00:00+00:00,KO,gbm_quantile,nonsentiment,40,log_return,59.619998931884766,59.416596862795444,0.20340206908932146,0.20340206908932146
2023-02-13 00:00:00+00:00,KO,gbm_quantile,nonsentiment,40,log_return,60.59999847412109,59.45241652436121,1.147581949759875,1.147581949759875
2023-02-14 00:00:00+00:00,KO,gbm_quantile,nonsentiment,40,log_return,59.59000015258789,60.43995410781002,-0.8499539552221265,0.8499539552221265
2023-02-15 00:00:00+00:00,KO,gbm_quantile,nonsentiment,40,log_return,59.59000015258789,59.4171968411196,0.17280331146829297,0.17280331146829297
2023-02-16 00:00:00+00:00,KO,gbm_quantile,nonsentiment,40,log_return,59.220001220703125,59.410176436476036,-0.19017521577291063,0.19017521577291063
2023-02-17 00:00:00+00:00,KO,gbm_quantile,nonsentiment,40,log_return,60.119998931884766,59.05060836070076,1.0693905711840088,1.0693905711840088
2023-02-21 00:00:00+00:00,KO,gbm_quantile,nonsentiment,40,log_return,59.79999923706055,59.99113322890283,-0.1911339918422854,0.1911339918422854
2023-02-22 00:00:00+00:00,KO,gbm_quantile,nonsentiment,40,log_return,59.97999954223633,59.64423587254251,0.33576366969381866,0.33576366969381866
2023-02-23 00:00:00+00:00,KO,gbm_quantile,nonsentiment,40,log_return,60.09000015258789,59.84994419072518,0.2400559618627085,0.2400559618627085
2023-02-24 00:00:00+00:00,KO,gbm_quantile,nonsentiment,40,log_return,59.84000015258789,59.87807463719618,-0.03807448460828766,0.03807448460828766
2023-02-27 00:00:00+00:00,KO,gbm_quantile,nonsentiment,40,log_return,59.81999969482422,59.65280702975896,0.16719266506525798,0.16719266506525798
2023-02-28 00:00:00+00:00,KO,gbm_quantile,nonsentiment,40,log_return,59.5099983215332,59.632773443693274,-0.12277512216007125,0.12277512216007125
2023-03-01 00:00:00+00:00,KO,gbm_quantile,nonsentiment,40,log_return,58.86000061035156,59.337393758320516,-0.4773931479689537,0.4773931479689537
2023-03-02 00:00:00+00:00,KO,gbm_quantile,nonsentiment,40,log_return,59.720001220703125,58.70690233530517,1.0130988853979517,1.0130988853979517
2023-03-03 00:00:00+00:00,KO,gbm_quantile,nonsentiment,40,log_return,59.43999862670898,59.5456668404045,-0.10566821369552315,0.10566821369552315
2023-03-06 00:00:00+00:00,KO,gbm_quantile,nonsentiment,40,log_return,60.36000061035156,59.24826515412949,1.1117354562220712,1.1117354562220712
2023-03-07 00:00:00+00:00,KO,gbm_quantile,nonsentiment,40,log_return,60.0099983215332,60.1309341164828,-0.12093579494959528,0.12093579494959528
2023-03-08 00:00:00+00:00,KO,gbm_quantile,nonsentiment,40,log_return,60.040000915527344,59.80451420836874,0.2354867071586071,0.2354867071586071
2023-03-09 00:00:00+00:00,KO,gbm_quantile,nonsentiment,40,log_return,59.459999084472656,59.86194797373216,-0.4019488892595007,0.4019488892595007
2023-03-10 00:00:00+00:00,KO,gbm_quantile,nonsentiment,40,log_return,59.209999084472656,59.26594246737159,-0.055943382898931304,0.055943382898931304
2023-03-13 00:00:00+00:00,KO,gbm_quantile,nonsentiment,40,log_return,59.810001373291016,58.99675042093062,0.8132509523603986,0.8132509523603986
2023-03-14 00:00:00+00:00,KO,gbm_quantile,nonsentiment,40,log_return,60.02999877929688,59.626687398482275,0.40331138081460693,0.40331138081460693
2023-03-15 00:00:00+00:00,KO,gbm_quantile,nonsentiment,40,log_return,60.43000030517578,59.85357042517235,0.5764298800034311,0.5764298800034311
2023-03-16 00:00:00+00:00,KO,gbm_quantile,nonsentiment,40,log_return,60.29999923706055,60.25450431367766,0.04549492338288985,0.04549492338288985
2023-03-17 00:00:00+00:00,KO,gbm_quantile,nonsentiment,40,log_return,60.02000045776367,60.11216118503748,-0.0921607272738072,0.0921607272738072
2023-03-20 00:00:00+00:00,KO,gbm_quantile,nonsentiment,40,log_return,60.59999847412109,59.85755112470126,0.7424473494198267,0.7424473494198267
2023-03-21 00:00:00+00:00,KO,gbm_quantile,nonsentiment,40,log_return,60.31999969482422,60.419216477786534,-0.09921678296231562,0.09921678296231562
2023-03-22 00:00:00+00:00,KO,gbm_quantile,nonsentiment,40,log_return,60.04999923706055,60.121084656825765,-0.0710854197652182,0.0710854197652182
2023-03-23 00:00:00+00:00,KO,gbm_quantile,nonsentiment,40,log_return,59.91999816894531,59.84464562352814,0.07535254541717507,0.07535254541717507
2023-03-24 00:00:00+00:00,KO,gbm_quantile,nonsentiment,40,log_return,60.900001525878906,59.7490034238037,1.1509981020752065,1.1509981020752065
2023-03-27 00:00:00+00:00,KO,gbm_quantile,nonsentiment,40,log_return,61.34999847412109,60.73563401543271,0.6143644586883781,0.6143644586883781
2023-03-28 00:00:00+00:00,KO,gbm_quantile,nonsentiment,40,log_return,61.41999816894531,61.152661247005284,0.26733692194002856,0.26733692194002856
2023-03-29 00:00:00+00:00,KO,gbm_quantile,nonsentiment,40,log_return,61.86000061035156,61.21972920985656,0.6402714004950028,0.6402714004950028
2023-03-30 00:00:00+00:00,KO,gbm_quantile,nonsentiment,40,log_return,61.84999847412109,61.66174138404202,0.18825709007906966,0.18825709007906966
2023-03-31 00:00:00+00:00,KO,gbm_quantile,nonsentiment,40,log_return,62.02999877929688,61.66802410330472,0.3619746759921654,0.3619746759921654
2023-04-03 00:00:00+00:00,KO,gbm_quantile,nonsentiment,40,log_return,62.400001525878906,61.851138461508114,0.5488630643707921,0.5488630643707921
2023-04-04 00:00:00+00:00,KO,gbm_quantile,nonsentiment,40,log_return,62.209999084472656,62.21798394646395,-0.007984861991296555,0.007984861991296555
2023-04-05 00:00:00+00:00,KO,gbm_quantile,nonsentiment,40,log_return,62.79999923706055,61.996873999338895,0.8031252377216518,0.8031252377216518
2023-04-06 00:00:00+00:00,KO,gbm_quantile,nonsentiment,40,log_return,62.84000015258789,62.55722323841284,0.28277691417505224,0.28277691417505224
2023-04-10 00:00:00+00:00,KO,gbm_quantile,nonsentiment,40,log_return,62.68999862670898,62.582226575185246,0.1077720515237317,0.1077720515237317
2023-04-11 00:00:00+00:00,KO,gbm_quantile,nonsentiment,40,log_return,62.58000183105469,62.47838575129974,0.10161607975494746,0.10161607975494746
2023-04-12 00:00:00+00:00,KO,gbm_quantile,nonsentiment,40,log_return,62.68999862670898,62.386233725842075,0.3037649008669021,0.3037649008669021
2023-04-13 00:00:00+00:00,KO,gbm_quantile,nonsentiment,40,log_return,63.150001525878906,62.45503434917779,0.6949671767011196,0.6949671767011196
2023-04-14 00:00:00+00:00,KO,gbm_quantile,nonsentiment,40,log_return,63.04999923706055,62.929580985930265,0.12041825113028182,0.12041825113028182
2023-04-17 00:00:00+00:00,KO,gbm_quantile,nonsentiment,40,log_return,63.459999084472656,62.83468877401675,0.6253103104559088,0.6253103104559088
2023-04-18 00:00:00+00:00,KO,gbm_quantile,nonsentiment,40,log_return,63.560001373291016,63.20878785072372,0.3512135225672921,0.3512135225672921
2023-04-19 00:00:00+00:00,KO,gbm_quantile,nonsentiment,40,log_return,63.68000030517578,63.30604510427468,0.3739552009011007,0.3739552009011007
2023-04-20 00:00:00+00:00,KO,gbm_quantile,nonsentiment,40,log_return,63.959999084472656,63.46134556657538,0.4986535178972744,0.4986535178972744
2023-04-21 00:00:00+00:00,KO,gbm_quantile,nonsentiment,40,log_return,64.05000305175781,63.68232853125971,0.367674520498106,0.367674520498106
2023-04-24 00:00:00+00:00,KO,gbm_quantile,nonsentiment,40,log_return,63.95000076293945,63.77806686875804,0.17193389418141436,0.17193389418141436
2023-04-25 00:00:00+00:00,KO,gbm_quantile,nonsentiment,40,log_return,63.84999847412109,63.689826966385816,0.16017150773527078,0.16017150773527078
2023-04-26 00:00:00+00:00,KO,gbm_quantile,nonsentiment,40,log_return,63.54999923706055,63.61463357466453,-0.06463433760398374,0.06463433760398374
2023-04-27 00:00:00+00:00,KO,gbm_quantile,nonsentiment,40,log_return,63.68000030517578,63.29883321115195,0.3811670940238301,0.3811670940238301
2023-04-28 00:00:00+00:00,KO,gbm_quantile,nonsentiment,40,log_return,64.1500015258789,63.44968058658288,0.7003209392960272,0.7003209392960272
2023-05-01 00:00:00+00:00,KO,gbm_quantile,nonsentiment,40,log_return,64.30000305175781,63.93099693335504,0.36900611840277264,0.36900611840277264
2023-05-02 00:00:00+00:00,KO,gbm_quantile,nonsentiment,40,log_return,64.01000213623047,64.09583330988802,-0.085831173657553,0.085831173657553
2023-05-03 00:00:00+00:00,KO,gbm_quantile,nonsentiment,40,log_return,63.650001525878906,63.79461352361375,-0.14461199773484168,0.14461199773484168
2023-05-04 00:00:00+00:00,KO,gbm_quantile,nonsentiment,40,log_return,63.720001220703125,63.451663561427296,0.2683376592758293,0.2683376592758293
2023-05-05 00:00:00+00:00,KO,gbm_quantile,nonsentiment,40,log_return,64.0199966430664,63.522801891869044,0.49719475119736245,0.49719475119736245
2023-05-08 00:00:00+00:00,KO,gbm_quantile,nonsentiment,40,log_return,63.91999816894531,63.82382205666181,0.09617611228350142,0.09617611228350142
2023-05-09 00:00:00+00:00,KO,gbm_quantile,nonsentiment,40,log_return,63.38999938964844,63.71702146621721,-0.3270220765687739,0.3270220765687739
2023-05-10 00:00:00+00:00,KO,gbm_quantile,nonsentiment,40,log_return,63.5,63.13880247515624,0.3611975248437602,0.3611975248437602
2023-05-11 00:00:00+00:00,KO,gbm_quantile,nonsentiment,40,log_return,63.86000061035156,63.23362924792142,0.6263713624301417,0.6263713624301417
2023-05-12 00:00:00+00:00,KO,gbm_quantile,nonsentiment,40,log_return,64.11000061035156,63.60989732162719,0.5001032887243753,0.5001032887243753
2023-05-15 00:00:00+00:00,KO,gbm_quantile,nonsentiment,40,log_return,63.93999862670898,63.869812272030394,0.07018635467858303,0.07018635467858303
2023-05-16 00:00:00+00:00,KO,gbm_quantile,nonsentiment,40,log_return,63.220001220703125,63.70325062289918,-0.4832494021960585,0.4832494021960585
2023-05-17 00:00:00+00:00,KO,gbm_quantile,nonsentiment,40,log_return,63.150001525878906,62.943419423767146,0.20658210211175998,0.20658210211175998
2023-05-18 00:00:00+00:00,KO,gbm_quantile,nonsentiment,40,log_return,62.79999923706055,62.87451885363913,-0.07451961657858419,0.07451961657858419
2023-05-19 00:00:00+00:00,KO,gbm_quantile,nonsentiment,40,log_return,62.83000183105469,62.549401374496384,0.2806004565583038,0.2806004565583038
2023-05-22 00:00:00+00:00,KO,gbm_quantile,nonsentiment,40,log_return,61.5099983215332,62.595151061634965,-1.085152740101762,1.085152740101762
2023-05-23 00:00:00+00:00,KO,gbm_quantile,nonsentiment,40,log_return,61.400001525878906,61.286120572583755,0.11388095329515124,0.11388095329515124
2023-05-24 00:00:00+00:00,KO,gbm_quantile,nonsentiment,40,log_return,60.880001068115234,61.16468534023016,-0.284684272114923,0.284684272114923
2023-05-25 00:00:00+00:00,KO,gbm_quantile,nonsentiment,40,log_return,60.40999984741211,60.64837009600932,-0.23837024859721367,0.23837024859721367
2023-05-26 00:00:00+00:00,KO,gbm_quantile,nonsentiment,40,log_return,60.2599983215332,60.20660539881159,0.053392922721613445,0.053392922721613445
2023-05-30 00:00:00+00:00,KO,gbm_quantile,nonsentiment,40,log_return,59.77999877929688,60.07199520926872,-0.2919964299718387,0.2919964299718387
2023-05-31 00:00:00+00:00,KO,gbm_quantile,nonsentiment,40,log_return,59.65999984741211,59.592197145395104,0.06780270201700489,0.06780270201700489
2023-06-01 00:00:00+00:00,KO,gbm_quantile,nonsentiment,40,log_return,60.0,59.4707115754405,0.5292884245595033,0.5292884245595033
2023-06-02 00:00:00+00:00,KO,gbm_quantile,nonsentiment,40,log_return,61.15999984741211,60.022936226096476,1.137063621315633,1.137063621315633
2023-06-05 00:00:00+00:00,KO,gbm_quantile,nonsentiment,40,log_return,60.75,60.9343707633542,-0.18437076335420244,0.18437076335420244
2023-06-06 00:00:00+00:00,KO,gbm_quantile,nonsentiment,40,log_return,60.310001373291016,60.577552333441844,-0.26755096015082813,0.26755096015082813
2023-06-07 00:00:00+00:00,KO,gbm_quantile,nonsentiment,40,log_return,60.220001220703125,60.152540469752466,0.06746075095065862,0.06746075095065862
2023-06-08 00:00:00+00:00,KO,gbm_quantile,nonsentiment,40,log_return,60.369998931884766,60.02538627660977,0.3446126552749931,0.3446126552749931
2023-06-09 00:00:00+00:00,KO,gbm_quantile,nonsentiment,40,log_return,60.470001220703125,60.21630859784644,0.2536926228566827,0.2536926228566827
2023-06-12 00:00:00+00:00,KO,gbm_quantile,nonsentiment,40,log_return,60.209999084472656,60.28320437201442,-0.07320528754176081,0.07320528754176081
2023-06-13 00:00:00+00:00,KO,gbm_quantile,nonsentiment,40,log_return,60.45000076293945,60.00617700859943,0.4438237543400234,0.4438237543400234
2023-06-14 00:00:00+00:00,KO,gbm_quantile,nonsentiment,40,log_return,60.86000061035156,60.29955055277374,0.5604500575778246,0.5604500575778246
2023-06-15 00:00:00+00:00,KO,gbm_quantile,nonsentiment,40,log_return,61.22999954223633,60.628138412197174,0.6018611300391541,0.6018611300391541
2023-06-16 00:00:00+00:00,KO,gbm_quantile,nonsentiment,40,log_return,61.66999816894531,61.03234013094262,0.6376580380026908,0.6376580380026908
2023-06-20 00:00:00+00:00,KO,gbm_quantile,nonsentiment,40,log_return,61.2599983215332,61.4970232371231,-0.2370249155898989,0.2370249155898989
2023-06-21 00:00:00+00:00,KO,gbm_quantile,nonsentiment,40,log_return,61.43000030517578,61.08970296895636,0.3402973362194217,0.3402973362194217
2023-06-22 00:00:00+00:00,KO,gbm_quantile,nonsentiment,40,log_return,61.84999847412109,61.226913648554806,0.6230848255662806,0.6230848255662806
2023-06-23 00:00:00+00:00,KO,gbm_quantile,nonsentiment,40,log_return,61.20000076293945,61.67043943070737,-0.4704386677679153,0.4704386677679153
2023-06-26 00:00:00+00:00,KO,gbm_quantile,nonsentiment,40,log_return,61.220001220703125,61.03322462493884,0.18677659576428596,0.18677659576428596
2023-06-27 00:00:00+00:00,KO,gbm_quantile,nonsentiment,40,log_return,61.09000015258789,61.06255179939081,0.027448353197080166,0.027448353197080166
2023-06-28 00:00:00+00:00,KO,gbm_quantile,nonsentiment,40,log_return,60.52000045776367,60.921630616524695,-0.4016301587610229,0.4016301587610229
2023-06-29 00:00:00+00:00,KO,gbm_quantile,nonsentiment,40,log_return,60.02000045776367,60.35280042523417,-0.3327999674704998,0.3327999674704998
2023-06-30 00:00:00+00:00,KO,gbm_quantile,nonsentiment,40,log_return,60.220001220703125,59.8444371977058,0.37556402299732383,0.37556402299732383
2023-07-03 00:00:00+00:00,KO,gbm_quantile,nonsentiment,40,log_return,60.58000183105469,60.04968750090656,0.5303143301481299,0.5303143301481299
2023-07-05 00:00:00+00:00,KO,gbm_quantile,nonsentiment,40,log_return,61.02999877929688,60.400465234681384,0.6295335446154979,0.6295335446154979
2023-07-06 00:00:00+00:00,KO,gbm_quantile,nonsentiment,40,log_return,60.560001373291016,60.84159199213029,-0.2815906188392745,0.2815906188392745
2023-07-07 00:00:00+00:00,KO,gbm_quantile,nonsentiment,40,log_return,59.7599983215332,60.3765962412981,-0.6165979197648994,0.6165979197648994
2023-07-10 00:00:00+00:00,KO,gbm_quantile,nonsentiment,40,log_return,59.310001373291016,59.60155006257399,-0.29154868928297617,0.29154868928297617
2023-07-11 00:00:00+00:00,KO,gbm_quantile,nonsentiment,40,log_return,59.52000045776367,59.11351769430865,0.4064827634550241,0.4064827634550241
2023-07-12 00:00:00+00:00,KO,gbm_quantile,nonsentiment,40,log_return,59.84000015258789,59.31883778269702,0.5211623698908738,0.5211623698908738
2023-07-13 00:00:00+00:00,KO,gbm_quantile,nonsentiment,40,log_return,60.34999847412109,59.64525145235735,0.7047470217637368,0.7047470217637368
2023-07-14 00:00:00+00:00,KO,gbm_quantile,nonsentiment,40,log_return,60.900001525878906,60.18028321830637,0.7197183075725349,0.7197183075725349
2023-07-17 00:00:00+00:00,KO,gbm_quantile,nonsentiment,40,log_return,60.810001373291016,60.70941444050633,0.10058693278468667,0.10058693278468667
2023-07-18 00:00:00+00:00,KO,gbm_quantile,nonsentiment,40,log_return,60.56999969482422,60.554128592539286,0.01587110228493316,0.01587110228493316
2023-07-19 00:00:00+00:00,KO,gbm_quantile,nonsentiment,40,log_return,61.63999938964844,60.23260487041861,1.4073945192298254,1.4073945192298254
2023-07-20 00:00:00+00:00,KO,gbm_quantile,nonsentiment,40,log_return,62.38999938964844,61.43869010231685,0.9513092873315898,0.9513092873315898
2023-07-21 00:00:00+00:00,KO,gbm_quantile,nonsentiment,40,log_return,62.43999862670898,62.212727699312936,0.2272709273960416,0.2272709273960416
2023-07-24 00:00:00+00:00,KO,gbm_quantile,nonsentiment,40,log_return,62.459999084472656,62.211242313074564,0.24875677139809227,0.24875677139809227
2023-07-25 00:00:00+00:00,KO,gbm_quantile,nonsentiment,40,log_return,62.25,62.22750007879795,0.0224999212020478,0.0224999212020478
2023-07-26 00:00:00+00:00,KO,gbm_quantile,nonsentiment,40,log_return,63.04999923706055,62.02427120512851,1.02572803193204,1.02572803193204
2023-07-27 00:00:00+00:00,KO,gbm_quantile,nonsentiment,40,log_return,62.43999862670898,62.83032795731269,-0.3903293306037128,0.3903293306037128
2023-07-28 00:00:00+00:00,KO,gbm_quantile,nonsentiment,40,log_return,62.47999954223633,62.24767961676647,0.23231992546985936,0.23231992546985936
2023-07-31 00:00:00+00:00,KO,gbm_quantile,nonsentiment,40,log_return,61.93000030517578,62.28653480862594,-0.35653450345015614,0.35653450345015614
2023-08-01 00:00:00+00:00,KO,gbm_quantile,nonsentiment,40,log_return,61.77000045776367,61.71292676048637,0.05707369727730338,0.05707369727730338
2023-08-02 00:00:00+00:00,KO,gbm_quantile,nonsentiment,40,log_return,61.959999084472656,61.54383323879119,0.4161658456814692,0.4161658456814692
2023-08-03 00:00:00+00:00,KO,gbm_quantile,nonsentiment,40,log_return,61.63999938964844,61.74930133803794,-0.10930194838950058,0.10930194838950058
2023-08-04 00:00:00+00:00,KO,gbm_quantile,nonsentiment,40,log_return,60.709999084472656,61.44828388707406,-0.7382848026014059,0.7382848026014059
2023-08-07 00:00:00+00:00,KO,gbm_quantile,nonsentiment,40,log_return,61.18999862670898,60.49391401509702,0.6960846116119583,0.6960846116119583
2023-08-08 00:00:00+00:00,KO,gbm_quantile,nonsentiment,40,log_return,60.91999816894531,60.953828563198186,-0.03383039425287393,0.03383039425287393
2023-08-09 00:00:00+00:00,KO,gbm_quantile,nonsentiment,40,log_return,61.060001373291016,60.707037465684785,0.352963907606231,0.352963907606231
2023-08-10 00:00:00+00:00,KO,gbm_quantile,nonsentiment,40,log_return,60.91999816894531,60.80998410910679,0.11001405983851953,0.11001405983851953
2023-08-11 00:00:00+00:00,KO,gbm_quantile,nonsentiment,40,log_return,61.16999816894531,60.63976662584169,0.5302315431036249,0.5302315431036249
2023-08-14 00:00:00+00:00,KO,gbm_quantile,nonsentiment,40,log_return,60.880001068115234,60.91322585730563,-0.03322478919039895,0.03322478919039895
2023-08-15 00:00:00+00:00,KO,gbm_quantile,nonsentiment,40,log_return,60.470001220703125,60.612845299193665,-0.14284407849054048,0.14284407849054048
2023-08-16 00:00:00+00:00,KO,gbm_quantile,nonsentiment,40,log_return,60.47999954223633,60.21242863928863,0.26757090294769625,0.26757090294769625
2023-08-17 00:00:00+00:00,KO,gbm_quantile,nonsentiment,40,log_return,60.61000061035156,60.20975192723689,0.40024868311467543,0.40024868311467543
2023-08-18 00:00:00+00:00,KO,gbm_quantile,nonsentiment,40,log_return,60.95000076293945,60.381240538042135,0.5687602248973178,0.5687602248973178
2023-08-21 00:00:00+00:00,KO,gbm_quantile,nonsentiment,40,log_return,60.43000030517578,60.72878044777638,-0.2987801426005987,0.2987801426005987
2023-08-22 00:00:00+00:00,KO,gbm_quantile,nonsentiment,40,log_return,60.060001373291016,60.18786598782086,-0.127864614529841,0.127864614529841
2023-08-23 00:00:00+00:00,KO,gbm_quantile,nonsentiment,40,log_return,60.27000045776367,59.807312561741,0.4626878960226719,0.4626878960226719
2023-08-24 00:00:00+00:00,KO,gbm_quantile,nonsentiment,40,log_return,60.11000061035156,60.049833805114716,0.0601668052368467,0.0601668052368467
2023-08-25 00:00:00+00:00,KO,gbm_quantile,nonsentiment,40,log_return,60.38999938964844,59.90565991526437,0.48433947438406477,0.48433947438406477
2023-08-28 00:00:00+00:00,KO,gbm_quantile,nonsentiment,40,log_return,60.560001373291016,60.14896707471059,0.4110342985804252,0.4110342985804252
2023-08-29 00:00:00+00:00,KO,gbm_quantile,nonsentiment,40,log_return,60.5,60.32391714892085,0.17608285107915123,0.17608285107915123
2023-08-30 00:00:00+00:00,KO,gbm_quantile,nonsentiment,40,log_return,60.470001220703125,60.260703250577215,0.20929797012590967,0.20929797012590967
2023-08-31 00:00:00+00:00,KO,gbm_quantile,nonsentiment,40,log_return,59.83000183105469,60.22330839086536,-0.3933065598106751,0.3933065598106751
2023-09-01 00:00:00+00:00,KO,gbm_quantile,nonsentiment,40,log_return,59.310001373291016,59.61149068975535,-0.30148931646433397,0.30148931646433397
2023-09-05 00:00:00+00:00,KO,gbm_quantile,nonsentiment,40,log_return,58.81999969482422,59.06447174053348,-0.24447204570925862,0.24447204570925862
2023-09-06 00:00:00+00:00,KO,gbm_quantile,nonsentiment,40,log_return,58.77999877929688,58.64679892577181,0.13319985352507047,0.13319985352507047
2023-09-07 00:00:00+00:00,KO,gbm_quantile,nonsentiment,40,log_return,58.33000183105469,58.598535166242364,-0.2685333351876764,0.2685333351876764
2023-09-08 00:00:00+00:00,KO,gbm_quantile,nonsentiment,40,log_return,58.33000183105469,58.14172512328686,0.18827670776782668,0.18827670776782668
2023-09-11 00:00:00+00:00,KO,gbm_quantile,nonsentiment,40,log_return,58.880001068115234,58.10480989561666,0.7751911724985732,0.7751911724985732
2023-09-12 00:00:00+00:00,KO,gbm_quantile,nonsentiment,40,log_return,58.29999923706055,58.64519180956974,-0.3451925725091911,0.3451925725091911
2023-09-13 00:00:00+00:00,KO,gbm_quantile,nonsentiment,40,log_return,58.43999862670898,58.05893559186943,0.3810630348395492,0.3810630348395492
2023-09-14 00:00:00+00:00,KO,gbm_quantile,nonsentiment,40,log_return,58.459999084472656,58.231805342885245,0.22819374158741113,0.22819374158741113
2023-09-15 00:00:00+00:00,KO,gbm_quantile,nonsentiment,40,log_return,57.93999862670898,58.30213228493491,-0.362133658225936,0.362133658225936
2023-09-18 00:00:00+00:00,KO,gbm_quantile,nonsentiment,40,log_return,58.29999923706055,57.73832430719106,0.5616749298694899,0.5616749298694899
2023-09-19 00:00:00+00:00,KO,gbm_quantile,nonsentiment,40,log_return,58.18000030517578,58.37335632571385,-0.19335602053806866,0.19335602053806866
2023-09-20 00:00:00+00:00,KO,gbm_quantile,nonsentiment,40,log_return,58.43999862670898,58.02383240723648,0.416166219472494,0.416166219472494
2023-09-21 00:00:00+00:00,KO,gbm_quantile,nonsentiment,40,log_return,57.540000915527344,58.26548087027275,-0.7254799547454027,0.7254799547454027
2023-09-22 00:00:00+00:00,KO,gbm_quantile,nonsentiment,40,log_return,57.59999847412109,57.34739308250526,0.2526053916158233,0.2526053916158233
2023-09-25 00:00:00+00:00,KO,gbm_quantile,nonsentiment,40,log_return,57.0,57.39224057968451,-0.3922405796845112,0.3922405796845112
2023-09-26 00:00:00+00:00,KO,gbm_quantile,nonsentiment,40,log_return,56.52999877929688,56.83523025693142,-0.3052314776345355,0.3052314776345355
2023-09-27 00:00:00+00:00,KO,gbm_quantile,nonsentiment,40,log_return,55.95000076293945,56.35086213138474,-0.40086136844528397,0.40086136844528397
2023-09-28 00:00:00+00:00,KO,gbm_quantile,nonsentiment,40,log_return,55.810001373291016,55.79847584848573,0.011525524805286125,0.011525524805286125
2023-09-29 00:00:00+00:00,KO,gbm_quantile,nonsentiment,40,log_return,55.97999954223633,55.65803039435676,0.321969147879571,0.321969147879571
2023-10-02 00:00:00+00:00,KO,gbm_quantile,nonsentiment,40,log_return,55.47999954223633,55.78740674708717,-0.30740720485083983,0.30740720485083983
2023-10-03 00:00:00+00:00,KO,gbm_quantile,nonsentiment,40,log_return,54.880001068115234,55.32209090890381,-0.4420898407885758,0.4420898407885758
2023-10-04 00:00:00+00:00,KO,gbm_quantile,nonsentiment,40,log_return,55.040000915527344,54.711260336960336,0.32874057856700745,0.32874057856700745
2023-10-05 00:00:00+00:00,KO,gbm_quantile,nonsentiment,40,log_return,52.380001068115234,54.8841124145223,-2.504111346407065,2.504111346407065
2023-10-06 00:00:00+00:00,KO,gbm_quantile,nonsentiment,40,log_return,53.13999938964844,52.247984460692386,0.8920149289560513,0.8920149289560513
2023-10-09 00:00:00+00:00,KO,gbm_quantile,nonsentiment,40,log_return,52.880001068115234,52.94375819833663,-0.06375713022139706,0.06375713022139706
2023-10-10 00:00:00+00:00,KO,gbm_quantile,nonsentiment,40,log_return,54.02999877929688,52.70450912747621,1.325489651820675,1.325489651820675
2023-10-11 00:00:00+00:00,KO,gbm_quantile,nonsentiment,40,log_return,53.709999084472656,53.859031734778306,-0.14903265030564938,0.14903265030564938
2023-10-12 00:00:00+00:00,KO,gbm_quantile,nonsentiment,40,log_return,52.810001373291016,53.558790026693174,-0.7487886534021584,0.7487886534021584
2023-10-13 00:00:00+00:00,KO,gbm_quantile,nonsentiment,40,log_return,52.88999938964844,52.66894965147349,0.22104973817494766,0.22104973817494766
2023-10-16 00:00:00+00:00,KO,gbm_quantile,nonsentiment,40,log_return,53.43000030517578,52.7557366422653,0.6742636629104837,0.6742636629104837
2023-10-17 00:00:00+00:00,KO,gbm_quantile,nonsentiment,40,log_return,54.06999969482422,53.271439033081286,0.7985606617429326,0.7985606617429326
2023-10-18 00:00:00+00:00,KO,gbm_quantile,nonsentiment,40,log_return,54.04999923706055,53.91034009187765,0.1396591451828968,0.1396591451828968
2023-10-19 00:00:00+00:00,KO,gbm_quantile,nonsentiment,40,log_return,54.34999847412109,53.95994184521506,0.39005662890602366,0.39005662890602366
2023-10-20 00:00:00+00:00,KO,gbm_quantile,nonsentiment,40,log_return,54.56999969482422,54.24818966810373,0.32181002672049175,0.32181002672049175
2023-10-23 00:00:00+00:00,KO,gbm_quantile,nonsentiment,40,log_return,54.08000183105469,54.40246262282317,-0.32246079176848497,0.32246079176848497
2023-10-24 00:00:00+00:00,KO,gbm_quantile,nonsentiment,40,log_return,55.63999938964844,53.93497201306726,1.705027376581178,1.705027376581178
2023-10-25 00:00:00+00:00,KO,gbm_quantile,nonsentiment,40,log_return,56.119998931884766,55.48414307418526,0.6358558576995037,0.6358558576995037
2023-10-26 00:00:00+00:00,KO,gbm_quantile,nonsentiment,40,log_return,55.77999877929688,55.95672644894852,-0.17672766965164044,0.17672766965164044
2023-10-27 00:00:00+00:00,KO,gbm_quantile,nonsentiment,40,log_return,55.2400016784668,55.62735372983368,-0.3873520513668822,0.3873520513668822
2023-10-30 00:00:00+00:00,KO,gbm_quantile,nonsentiment,40,log_return,56.150001525878906,55.18425181270735,0.9657497131715544,0.9657497131715544
2023-10-31 00:00:00+00:00,KO,gbm_quantile,nonsentiment,40,log_return,56.4900016784668,56.07754425961718,0.41245741884961973,0.41245741884961973
2023-11-01 00:00:00+00:00,KO,gbm_quantile,nonsentiment,40,log_return,56.43999862670898,56.30502155929303,0.13497706741594584,0.13497706741594584
2023-11-02 00:00:00+00:00,KO,gbm_quantile,nonsentiment,40,log_return,57.09000015258789,56.42693911841911,0.6630610341687841,0.6630610341687841
2023-11-03 00:00:00+00:00,KO,gbm_quantile,nonsentiment,40,log_return,56.7400016784668,57.07383785533415,-0.3338361768673508,0.3338361768673508
2023-11-06 00:00:00+00:00,KO,gbm_quantile,nonsentiment,40,log_return,56.970001220703125,56.70192241957133,0.26807880113179294,0.26807880113179294
2023-11-07 00:00:00+00:00,KO,gbm_quantile,nonsentiment,40,log_return,57.18000030517578,56.937771546163056,0.24222875901272545,0.24222875901272545
2023-11-08 00:00:00+00:00,KO,gbm_quantile,nonsentiment,40,log_return,57.09000015258789,57.12670022986266,-0.036700077274765874,0.036700077274765874
2023-11-09 00:00:00+00:00,KO,gbm_quantile,nonsentiment,40,log_return,56.65999984741211,57.06338163764516,-0.4033817902330483,0.4033817902330483
2023-11-10 00:00:00+00:00,KO,gbm_quantile,nonsentiment,40,log_return,56.720001220703125,56.62002071330325,0.09998050739987718,0.09998050739987718
2023-11-13 00:00:00+00:00,KO,gbm_quantile,nonsentiment,40,log_return,56.93000030517578,56.65835065628963,0.2716496488861537,0.2716496488861537
2023-11-14 00:00:00+00:00,KO,gbm_quantile,nonsentiment,40,log_return,57.09999847412109,56.87105078171312,0.22894769240796364,0.22894769240796364
2023-11-15 00:00:00+00:00,KO,gbm_quantile,nonsentiment,40,log_return,57.209999084472656,57.07466269555672,0.13533638891593824,0.13533638891593824
2023-11-16 00:00:00+00:00,KO,gbm_quantile,nonsentiment,40,log_return,57.150001525878906,57.15866080099033,-0.008659275111426723,0.008659275111426723
2023-11-17 00:00:00+00:00,KO,gbm_quantile,nonsentiment,40,log_return,57.2599983215332,57.129843229483356,0.1301550920498471,0.1301550920498471
2023-11-20 00:00:00+00:00,KO,gbm_quantile,nonsentiment,40,log_return,57.400001525878906,57.20648765516971,0.19351387070919657,0.19351387070919657
2023-11-21 00:00:00+00:00,KO,gbm_quantile,nonsentiment,40,log_return,58.02999877929688,57.31260648952428,0.7173922897726044,0.7173922897726044
2023-11-22 00:00:00+00:00,KO,gbm_quantile,nonsentiment,40,log_return,58.41999816894531,58.00281331888813,0.41718485005718264,0.41718485005718264
2023-11-24 00:00:00+00:00,KO,gbm_quantile,nonsentiment,40,log_return,58.56999969482422,58.405763003528186,0.1642366912960327,0.1642366912960327
2023-11-27 00:00:00+00:00,KO,gbm_quantile,nonsentiment,40,log_return,58.459999084472656,58.53801846821064,-0.07801938373798123,0.07801938373798123
2023-11-28 00:00:00+00:00,KO,gbm_quantile,nonsentiment,40,log_return,58.58000183105469,58.44874219510758,0.1312596359471101,0.1312596359471101
2023-11-29 00:00:00+00:00,KO,gbm_quantile,nonsentiment,40,log_return,58.22999954223633,58.60060882370356,-0.3706092814672317,0.3706092814672317
2023-11-30 00:00:00+00:00,KO,gbm_quantile,nonsentiment,40,log_return,58.43999862670898,58.267056610634846,0.1729420160741313,0.1729420160741313
2023-12-01 00:00:00+00:00,KO,gbm_quantile,nonsentiment,40,log_return,58.63999938964844,58.46382823004094,0.17617115960749885,0.17617115960749885
2023-12-04 00:00:00+00:00,KO,gbm_quantile,nonsentiment,40,log_return,58.56999969482422,58.63019001586616,-0.06019032104194366,0.06019032104194366
2023-12-05 00:00:00+00:00,KO,gbm_quantile,nonsentiment,40,log_return,58.65999984741211,58.583097236133135,0.07690261127897458,0.07690261127897458
2023-12-06 00:00:00+00:00,KO,gbm_quantile,nonsentiment,40,log_return,58.59999847412109,58.70442613419187,-0.10442766007078319,0.10442766007078319
2023-12-07 00:00:00+00:00,KO,gbm_quantile,nonsentiment,40,log_return,58.7400016784668,58.51384447171052,0.2261572067562767,0.2261572067562767
2023-12-08 00:00:00+00:00,KO,gbm_quantile,nonsentiment,40,log_return,58.61000061035156,58.76049835007011,-0.15049773971854563,0.15049773971854563
2023-12-11 00:00:00+00:00,KO,gbm_quantile,nonsentiment,40,log_return,59.040000915527344,58.63991833556947,0.4000825799578749,0.4000825799578749
2023-12-12 00:00:00+00:00,KO,gbm_quantile,nonsentiment,40,log_return,59.41999816894531,58.90906145485008,0.5109367140952301,0.5109367140952301
2023-12-13 00:00:00+00:00,KO,gbm_quantile,nonsentiment,40,log_return,59.93000030517578,59.31066686274034,0.6193334424354404,0.6193334424354404
2023-12-14 00:00:00+00:00,KO,gbm_quantile,nonsentiment,40,log_return,59.040000915527344,59.91921539660736,-0.8792144810800195,0.8792144810800195
2023-12-15 00:00:00+00:00,KO,gbm_quantile,nonsentiment,40,log_return,58.59999847412109,59.01174903669447,-0.4117505625733813,0.4117505625733813
