Date,Stock,Model,Mode,Lag_Count,Target_Transform,Actual,Predicted,Residual,Absolute_Error
2021-03-04 00:00:00+00:00,BRK-B,gbm_quantile,nonsentiment,40,difference,245.47999572753903,251.67805705773065,-6.198061330191621,6.198061330191621
2021-03-05 00:00:00+00:00,BRK-B,gbm_quantile,nonsentiment,40,difference,253.1499938964844,245.59100749214213,7.558986404342278,7.558986404342278
2021-03-08 00:00:00+00:00,BRK-B,gbm_quantile,nonsentiment,40,difference,257.6099853515625,253.23030230504725,4.379683046515254,4.379683046515254
2021-03-09 00:00:00+00:00,BRK-B,gbm_quantile,nonsentiment,40,difference,259.0199890136719,257.71351207010395,1.3064769435679295,1.3064769435679295
2021-03-10 00:00:00+00:00,BRK-B,gbm_quantile,nonsentiment,40,difference,263.989990234375,259.13775595538556,4.852234278989442,4.852234278989442
2021-03-11 00:00:00+00:00,BRK-B,gbm_quantile,nonsentiment,40,difference,260.9100036621094,264.0503055282006,-3.1403018660912494,3.1403018660912494
2021-03-12 00:00:00+00:00,BRK-B,gbm_quantile,nonsentiment,40,difference,260.0199890136719,260.88869851203,-0.8687094983581005,0.8687094983581005
2021-03-15 00:00:00+00:00,BRK-B,gbm_quantile,nonsentiment,40,difference,254.6100006103516,259.94623081569256,-5.336230205340968,5.336230205340968
2021-03-16 00:00:00+00:00,BRK-B,gbm_quantile,nonsentiment,40,difference,251.5,254.75507003346564,-3.2550700334656426,3.2550700334656426
2021-03-17 00:00:00+00:00,BRK-B,gbm_quantile,nonsentiment,40,difference,252.0,251.6225145562296,0.3774854437704107,0.3774854437704107
2021-03-18 00:00:00+00:00,BRK-B,gbm_quantile,nonsentiment,40,difference,252.4600067138672,252.1086240482273,0.35138266563987486,0.35138266563987486
2021-03-19 00:00:00+00:00,BRK-B,gbm_quantile,nonsentiment,40,difference,250.9900054931641,252.52835088777874,-1.5383453946146517,1.5383453946146517
2021-03-22 00:00:00+00:00,BRK-B,gbm_quantile,nonsentiment,40,difference,250.3600006103516,251.22074503196342,-0.8607444216118267,0.8607444216118267
2021-03-23 00:00:00+00:00,BRK-B,gbm_quantile,nonsentiment,40,difference,248.3099975585937,250.42453434640882,-2.114536787815126,2.114536787815126
2021-03-24 00:00:00+00:00,BRK-B,gbm_quantile,nonsentiment,40,difference,249.6300048828125,248.3589763304617,1.2710285523507991,1.2710285523507991
2021-03-25 00:00:00+00:00,BRK-B,gbm_quantile,nonsentiment,40,difference,250.75,249.5167533592744,1.2332466407256106,1.2332466407256106
2021-03-26 00:00:00+00:00,BRK-B,gbm_quantile,nonsentiment,40,difference,256.7699890136719,250.94924752698722,5.820741486684653,5.820741486684653
2021-03-29 00:00:00+00:00,BRK-B,gbm_quantile,nonsentiment,40,difference,258.82000732421875,256.883377391934,1.9366299322847453,1.9366299322847453
2021-03-30 00:00:00+00:00,BRK-B,gbm_quantile,nonsentiment,40,difference,258.19000244140625,258.8770703187548,-0.6870678773485679,0.6870678773485679
2021-03-31 00:00:00+00:00,BRK-B,gbm_quantile,nonsentiment,40,difference,255.47000122070312,258.29090578804346,-2.8209045673403352,2.8209045673403352
2021-04-01 00:00:00+00:00,BRK-B,gbm_quantile,nonsentiment,40,difference,258.20001220703125,255.6199275399831,2.5800846670481405,2.5800846670481405
2021-04-05 00:00:00+00:00,BRK-B,gbm_quantile,nonsentiment,40,difference,262.6600036621094,258.3004287064709,4.359574955638493,4.359574955638493
2021-04-06 00:00:00+00:00,BRK-B,gbm_quantile,nonsentiment,40,difference,263.0599975585937,262.73396470234263,0.3260328562510608,0.3260328562510608
2021-04-07 00:00:00+00:00,BRK-B,gbm_quantile,nonsentiment,40,difference,263.6199951171875,263.2475465540511,0.37244856313640184,0.37244856313640184
2021-04-08 00:00:00+00:00,BRK-B,gbm_quantile,nonsentiment,40,difference,263.510009765625,263.7293123034408,-0.21930253781579268,0.21930253781579268
2021-04-09 00:00:00+00:00,BRK-B,gbm_quantile,nonsentiment,40,difference,266.010009765625,263.7462154599048,2.2637943057201824,2.2637943057201824
2021-04-12 00:00:00+00:00,BRK-B,gbm_quantile,nonsentiment,40,difference,267.92999267578125,266.1559257740457,1.774066901735523,1.774066901735523
2021-04-13 00:00:00+00:00,BRK-B,gbm_quantile,nonsentiment,40,difference,267.1000061035156,268.0435944949934,-0.9435883914777605,0.9435883914777605
2021-04-14 00:00:00+00:00,BRK-B,gbm_quantile,nonsentiment,40,difference,267.5299987792969,267.27906594118934,0.25093283810753064,0.25093283810753064
2021-04-15 00:00:00+00:00,BRK-B,gbm_quantile,nonsentiment,40,difference,269.1400146484375,267.65687947732084,1.4831351711166576,1.4831351711166576
2021-04-16 00:00:00+00:00,BRK-B,gbm_quantile,nonsentiment,40,difference,272.1099853515625,269.29547670863815,2.814508642924352,2.814508642924352
2021-04-19 00:00:00+00:00,BRK-B,gbm_quantile,nonsentiment,40,difference,270.2799987792969,272.26914487786627,-1.9891460985693925,1.9891460985693925
2021-04-20 00:00:00+00:00,BRK-B,gbm_quantile,nonsentiment,40,difference,267.8900146484375,270.3752399890743,-2.4852253406368163,2.4852253406368163
2021-04-21 00:00:00+00:00,BRK-B,gbm_quantile,nonsentiment,40,difference,272.2099914550781,267.92615928359305,4.283832171485074,4.283832171485074
2021-04-22 00:00:00+00:00,BRK-B,gbm_quantile,nonsentiment,40,difference,269.510009765625,272.3079883605469,-2.797978594921915,2.797978594921915
2021-04-23 00:00:00+00:00,BRK-B,gbm_quantile,nonsentiment,40,difference,271.9800109863281,269.63189858177,2.348112404558151,2.348112404558151
2021-04-26 00:00:00+00:00,BRK-B,gbm_quantile,nonsentiment,40,difference,270.8599853515625,272.2353632318681,-1.3753778803056207,1.3753778803056207
2021-04-27 00:00:00+00:00,BRK-B,gbm_quantile,nonsentiment,40,difference,273.6499938964844,271.12565160352307,2.5243422929613075,2.5243422929613075
2021-04-28 00:00:00+00:00,BRK-B,gbm_quantile,nonsentiment,40,difference,272.95001220703125,273.9129111747488,-0.9628989677175355,0.9628989677175355
2021-04-29 00:00:00+00:00,BRK-B,gbm_quantile,nonsentiment,40,difference,277.6000061035156,273.2198158997043,4.38019020381131,4.38019020381131
2021-04-30 00:00:00+00:00,BRK-B,gbm_quantile,nonsentiment,40,difference,274.95001220703125,277.8534473834517,-2.9034351764204303,2.9034351764204303
2021-05-03 00:00:00+00:00,BRK-B,gbm_quantile,nonsentiment,40,difference,279.17999267578125,275.16710272851367,4.012889947267581,4.012889947267581
2021-05-04 00:00:00+00:00,BRK-B,gbm_quantile,nonsentiment,40,difference,280.260009765625,279.17597985075975,1.0840299148652548,1.0840299148652548
2021-05-05 00:00:00+00:00,BRK-B,gbm_quantile,nonsentiment,40,difference,282.760009765625,280.02327227521914,2.736737490405858,2.736737490405858
2021-05-06 00:00:00+00:00,BRK-B,gbm_quantile,nonsentiment,40,difference,289.7099914550781,282.9399750721046,6.770016382973552,6.770016382973552
2021-05-07 00:00:00+00:00,BRK-B,gbm_quantile,nonsentiment,40,difference,290.92999267578125,289.8231343498036,1.1068583259776688,1.1068583259776688
2021-05-10 00:00:00+00:00,BRK-B,gbm_quantile,nonsentiment,40,difference,292.3299865722656,291.0788207850963,1.2511657871693274,1.2511657871693274
2021-05-11 00:00:00+00:00,BRK-B,gbm_quantile,nonsentiment,40,difference,285.6300048828125,292.3087451427122,-6.678740259899712,6.678740259899712
2021-05-12 00:00:00+00:00,BRK-B,gbm_quantile,nonsentiment,40,difference,282.9100036621094,285.7508893908398,-2.840885728730427,2.840885728730427
2021-05-13 00:00:00+00:00,BRK-B,gbm_quantile,nonsentiment,40,difference,286.8999938964844,283.02742794739055,3.8725659490938256,3.8725659490938256
2021-05-14 00:00:00+00:00,BRK-B,gbm_quantile,nonsentiment,40,difference,290.67999267578125,287.06556874321234,3.6144239325689114,3.6144239325689114
2021-05-17 00:00:00+00:00,BRK-B,gbm_quantile,nonsentiment,40,difference,289.2200012207031,290.79668600291586,-1.5766847822127374,1.5766847822127374
2021-05-18 00:00:00+00:00,BRK-B,gbm_quantile,nonsentiment,40,difference,287.5899963378906,289.35934012523154,-1.7693437873409152,1.7693437873409152
2021-05-19 00:00:00+00:00,BRK-B,gbm_quantile,nonsentiment,40,difference,286.2200012207031,287.6868885965605,-1.4668873758573682,1.4668873758573682
2021-05-20 00:00:00+00:00,BRK-B,gbm_quantile,nonsentiment,40,difference,286.7300109863281,286.3668533591781,0.36315762715003075,0.36315762715003075
2021-05-21 00:00:00+00:00,BRK-B,gbm_quantile,nonsentiment,40,difference,287.739990234375,286.82747736556547,0.9125128688095288,0.9125128688095288
2021-05-24 00:00:00+00:00,BRK-B,gbm_quantile,nonsentiment,40,difference,289.7300109863281,287.89256615463336,1.8374448316947678,1.8374448316947678
2021-05-25 00:00:00+00:00,BRK-B,gbm_quantile,nonsentiment,40,difference,287.20001220703125,289.84160027806206,-2.64158807103081,2.64158807103081
2021-05-26 00:00:00+00:00,BRK-B,gbm_quantile,nonsentiment,40,difference,287.3299865722656,287.19102459265576,0.13896197960986,0.13896197960986
2021-05-27 00:00:00+00:00,BRK-B,gbm_quantile,nonsentiment,40,difference,289.29998779296875,287.42342150961116,1.8765662833575902,1.8765662833575902
2021-05-28 00:00:00+00:00,BRK-B,gbm_quantile,nonsentiment,40,difference,289.44000244140625,289.43829815985504,0.0017042815512127163,0.0017042815512127163
2021-06-01 00:00:00+00:00,BRK-B,gbm_quantile,nonsentiment,40,difference,289.8399963378906,289.55907394633465,0.28092239155597554,0.28092239155597554
2021-06-02 00:00:00+00:00,BRK-B,gbm_quantile,nonsentiment,40,difference,290.0199890136719,290.01385560918794,0.006133404483932736,0.006133404483932736
2021-06-03 00:00:00+00:00,BRK-B,gbm_quantile,nonsentiment,40,difference,291.9700012207031,290.1719945316846,1.7980066890185071,1.7980066890185071
2021-06-04 00:00:00+00:00,BRK-B,gbm_quantile,nonsentiment,40,difference,292.5199890136719,292.11129224240585,0.40869677126602255,0.40869677126602255
2021-06-07 00:00:00+00:00,BRK-B,gbm_quantile,nonsentiment,40,difference,289.4599914550781,292.7405893605292,-3.2805979054510885,3.2805979054510885
2021-06-08 00:00:00+00:00,BRK-B,gbm_quantile,nonsentiment,40,difference,289.19000244140625,289.60482048700646,-0.41481804560021374,0.41481804560021374
2021-06-09 00:00:00+00:00,BRK-B,gbm_quantile,nonsentiment,40,difference,288.5799865722656,289.3319203478346,-0.7519337755690003,0.7519337755690003
2021-06-10 00:00:00+00:00,BRK-B,gbm_quantile,nonsentiment,40,difference,284.9100036621094,288.75850849207114,-3.848504829961769,3.848504829961769
2021-06-11 00:00:00+00:00,BRK-B,gbm_quantile,nonsentiment,40,difference,286.82000732421875,285.04926014287634,1.770747181342415,1.770747181342415
2021-06-14 00:00:00+00:00,BRK-B,gbm_quantile,nonsentiment,40,difference,283.5299987792969,286.9838495854932,-3.4538508061963284,3.4538508061963284
2021-06-15 00:00:00+00:00,BRK-B,gbm_quantile,nonsentiment,40,difference,283.94000244140625,283.67191668572525,0.2680857556809997,0.2680857556809997
2021-06-16 00:00:00+00:00,BRK-B,gbm_quantile,nonsentiment,40,difference,283.1099853515625,284.09570020324566,-0.9857148516831558,0.9857148516831558
2021-06-17 00:00:00+00:00,BRK-B,gbm_quantile,nonsentiment,40,difference,278.69000244140625,283.2774435256278,-4.5874410842215525,4.5874410842215525
2021-06-18 00:00:00+00:00,BRK-B,gbm_quantile,nonsentiment,40,difference,274.0400085449219,278.85739225159995,-4.817383706678072,4.817383706678072
2021-06-21 00:00:00+00:00,BRK-B,gbm_quantile,nonsentiment,40,difference,277.1000061035156,274.1940955885493,2.9059105149663083,2.9059105149663083
2021-06-22 00:00:00+00:00,BRK-B,gbm_quantile,nonsentiment,40,difference,276.9200134277344,277.16680849598237,-0.2467950682479909,0.2467950682479909
2021-06-23 00:00:00+00:00,BRK-B,gbm_quantile,nonsentiment,40,difference,274.6600036621094,277.00634601971313,-2.34634235760376,2.34634235760376
2021-06-24 00:00:00+00:00,BRK-B,gbm_quantile,nonsentiment,40,difference,275.489990234375,274.788429614921,0.7015606194540283,0.7015606194540283
2021-06-25 00:00:00+00:00,BRK-B,gbm_quantile,nonsentiment,40,difference,278.3800048828125,275.59526915311625,2.7847357296962514,2.7847357296962514
2021-06-28 00:00:00+00:00,BRK-B,gbm_quantile,nonsentiment,40,difference,276.6099853515625,278.4611936109822,-1.8512082594197068,1.8512082594197068
2021-06-29 00:00:00+00:00,BRK-B,gbm_quantile,nonsentiment,40,difference,276.2099914550781,276.7548429304579,-0.5448514753798008,0.5448514753798008
2021-06-30 00:00:00+00:00,BRK-B,gbm_quantile,nonsentiment,40,difference,277.9200134277344,276.3400249398221,1.57998848791226,1.57998848791226
2021-07-01 00:00:00+00:00,BRK-B,gbm_quantile,nonsentiment,40,difference,280.1700134277344,278.03986387919485,2.1301495485395208,2.1301495485395208
2021-07-02 00:00:00+00:00,BRK-B,gbm_quantile,nonsentiment,40,difference,279.1199951171875,280.14687309529313,-1.026877978105631,1.026877978105631
2021-07-06 00:00:00+00:00,BRK-B,gbm_quantile,nonsentiment,40,difference,277.32000732421875,279.15626588454126,-1.8362585603225057,1.8362585603225057
2021-07-07 00:00:00+00:00,BRK-B,gbm_quantile,nonsentiment,40,difference,279.239990234375,277.495242473839,1.7447477605359722,1.7447477605359722
2021-07-08 00:00:00+00:00,BRK-B,gbm_quantile,nonsentiment,40,difference,274.1000061035156,279.40957063117327,-5.309564527657642,5.309564527657642
2021-07-09 00:00:00+00:00,BRK-B,gbm_quantile,nonsentiment,40,difference,280.489990234375,274.257183404425,6.232806829949993,6.232806829949993
2021-07-12 00:00:00+00:00,BRK-B,gbm_quantile,nonsentiment,40,difference,280.1099853515625,280.629231602096,-0.5192462505335129,0.5192462505335129
2021-07-13 00:00:00+00:00,BRK-B,gbm_quantile,nonsentiment,40,difference,279.2099914550781,280.3230690611494,-1.113077606071272,1.113077606071272
2021-07-14 00:00:00+00:00,BRK-B,gbm_quantile,nonsentiment,40,difference,278.3099975585937,279.4054179106769,-1.0954203520831811,1.0954203520831811
2021-07-15 00:00:00+00:00,BRK-B,gbm_quantile,nonsentiment,40,difference,279.7200012207031,278.4703897366779,1.2496114840252517,1.2496114840252517
2021-07-16 00:00:00+00:00,BRK-B,gbm_quantile,nonsentiment,40,difference,277.8999938964844,279.89967375628737,-1.9996798598029955,1.9996798598029955
2021-07-19 00:00:00+00:00,BRK-B,gbm_quantile,nonsentiment,40,difference,272.6600036621094,278.0629077660935,-5.402904103984099,5.402904103984099
2021-07-20 00:00:00+00:00,BRK-B,gbm_quantile,nonsentiment,40,difference,276.8900146484375,272.7905327367893,4.0994819116481835,4.0994819116481835
2021-07-21 00:00:00+00:00,BRK-B,gbm_quantile,nonsentiment,40,difference,279.8800048828125,277.0281873097473,2.8518175730652047,2.8518175730652047
2021-07-22 00:00:00+00:00,BRK-B,gbm_quantile,nonsentiment,40,difference,277.70001220703125,280.04725869365103,-2.347246486619781,2.347246486619781
2021-07-23 00:00:00+00:00,BRK-B,gbm_quantile,nonsentiment,40,difference,278.489990234375,277.8386045842743,0.6513856501006785,0.6513856501006785
2021-07-26 00:00:00+00:00,BRK-B,gbm_quantile,nonsentiment,40,difference,278.79998779296875,278.6708119166481,0.12917587632063032,0.12917587632063032
2021-07-27 00:00:00+00:00,BRK-B,gbm_quantile,nonsentiment,40,difference,280.7799987792969,278.93715178323396,1.8428469960629172,1.8428469960629172
2021-07-28 00:00:00+00:00,BRK-B,gbm_quantile,nonsentiment,40,difference,278.1000061035156,280.9629495264445,-2.862943422928879,2.862943422928879
2021-07-29 00:00:00+00:00,BRK-B,gbm_quantile,nonsentiment,40,difference,279.760009765625,278.2576422242759,1.5023675413490878,1.5023675413490878
2021-07-30 00:00:00+00:00,BRK-B,gbm_quantile,nonsentiment,40,difference,278.2900085449219,279.9761024834952,-1.6860939385733218,1.6860939385733218
2021-08-02 00:00:00+00:00,BRK-B,gbm_quantile,nonsentiment,40,difference,278.1400146484375,278.51305923692246,-0.3730445884849587,0.3730445884849587
2021-08-03 00:00:00+00:00,BRK-B,gbm_quantile,nonsentiment,40,difference,281.79998779296875,278.3466379157359,3.4533498772328244,3.4533498772328244
2021-08-04 00:00:00+00:00,BRK-B,gbm_quantile,nonsentiment,40,difference,278.7799987792969,281.9145683762464,-3.134569596949518,3.134569596949518
2021-08-05 00:00:00+00:00,BRK-B,gbm_quantile,nonsentiment,40,difference,280.2099914550781,279.0167451027186,1.1932463523595516,1.1932463523595516
2021-08-06 00:00:00+00:00,BRK-B,gbm_quantile,nonsentiment,40,difference,285.6300048828125,280.35443167995874,5.275573202853764,5.275573202853764
2021-08-09 00:00:00+00:00,BRK-B,gbm_quantile,nonsentiment,40,difference,287.2300109863281,285.76090963215177,1.4691013541763596,1.4691013541763596
2021-08-10 00:00:00+00:00,BRK-B,gbm_quantile,nonsentiment,40,difference,288.94000244140625,287.2083178537364,1.7316845876698608,1.7316845876698608
2021-08-11 00:00:00+00:00,BRK-B,gbm_quantile,nonsentiment,40,difference,291.2799987792969,289.0508232898723,2.229175489424563,2.229175489424563
2021-08-12 00:00:00+00:00,BRK-B,gbm_quantile,nonsentiment,40,difference,290.239990234375,291.41981042180333,-1.1798201874283336,1.1798201874283336
2021-08-13 00:00:00+00:00,BRK-B,gbm_quantile,nonsentiment,40,difference,287.8900146484375,290.40270001123514,-2.51268536279764,2.51268536279764
2021-08-16 00:00:00+00:00,BRK-B,gbm_quantile,nonsentiment,40,difference,289.45001220703125,288.0449577397872,1.4050544672440424,1.4050544672440424
2021-08-17 00:00:00+00:00,BRK-B,gbm_quantile,nonsentiment,40,difference,289.1000061035156,289.54664383680625,-0.44663773329062906,0.44663773329062906
2021-08-18 00:00:00+00:00,BRK-B,gbm_quantile,nonsentiment,40,difference,286.3599853515625,289.2550112960793,-2.895025944516817,2.895025944516817
2021-08-19 00:00:00+00:00,BRK-B,gbm_quantile,nonsentiment,40,difference,285.1300048828125,286.50302635638707,-1.3730214735745676,1.3730214735745676
2021-08-20 00:00:00+00:00,BRK-B,gbm_quantile,nonsentiment,40,difference,285.2699890136719,285.2682457624439,0.0017432512279924595,0.0017432512279924595
2021-08-23 00:00:00+00:00,BRK-B,gbm_quantile,nonsentiment,40,difference,285.6199951171875,285.39904614037425,0.2209489768132471,0.2209489768132471
2021-08-24 00:00:00+00:00,BRK-B,gbm_quantile,nonsentiment,40,difference,286.0199890136719,285.75134433943964,0.2686446742322346,0.2686446742322346
2021-08-25 00:00:00+00:00,BRK-B,gbm_quantile,nonsentiment,40,difference,287.29998779296875,286.1107309416122,1.1892568513565607,1.1892568513565607
2021-08-26 00:00:00+00:00,BRK-B,gbm_quantile,nonsentiment,40,difference,285.2699890136719,287.42925942966576,-2.1592704159938876,2.1592704159938876
2021-08-27 00:00:00+00:00,BRK-B,gbm_quantile,nonsentiment,40,difference,286.6000061035156,285.41643513643635,1.1835709670792767,1.1835709670792767
2021-08-30 00:00:00+00:00,BRK-B,gbm_quantile,nonsentiment,40,difference,285.6600036621094,286.77095640551335,-1.1109527434039705,1.1109527434039705
2021-08-31 00:00:00+00:00,BRK-B,gbm_quantile,nonsentiment,40,difference,285.7699890136719,285.76800692222406,0.0019820914478145824,0.0019820914478145824
2021-09-01 00:00:00+00:00,BRK-B,gbm_quantile,nonsentiment,40,difference,285.260009765625,285.90694006887674,-0.646930303251736,0.646930303251736
2021-09-02 00:00:00+00:00,BRK-B,gbm_quantile,nonsentiment,40,difference,285.04998779296875,285.4174895072143,-0.3675017142455772,0.3675017142455772
2021-09-03 00:00:00+00:00,BRK-B,gbm_quantile,nonsentiment,40,difference,281.8900146484375,285.1926204107051,-3.3026057622676035,3.3026057622676035
2021-09-07 00:00:00+00:00,BRK-B,gbm_quantile,nonsentiment,40,difference,278.8999938964844,282.0301470722034,-3.1301531757190446,3.1301531757190446
2021-09-08 00:00:00+00:00,BRK-B,gbm_quantile,nonsentiment,40,difference,279.3399963378906,279.0125476690703,0.3274486688203524,0.3274486688203524
2021-09-09 00:00:00+00:00,BRK-B,gbm_quantile,nonsentiment,40,difference,278.6099853515625,279.4231665590673,-0.8131812075047833,0.8131812075047833
2021-09-10 00:00:00+00:00,BRK-B,gbm_quantile,nonsentiment,40,difference,277.6000061035156,278.7741878270325,-1.174181723516881,1.174181723516881
2021-09-13 00:00:00+00:00,BRK-B,gbm_quantile,nonsentiment,40,difference,279.9200134277344,277.69364983917353,2.2263635885608437,2.2263635885608437
2021-09-14 00:00:00+00:00,BRK-B,gbm_quantile,nonsentiment,40,difference,277.20001220703125,280.0446555123972,-2.844643305365935,2.844643305365935
2021-09-15 00:00:00+00:00,BRK-B,gbm_quantile,nonsentiment,40,difference,278.17999267578125,277.3033487307412,0.8766439450400298,0.8766439450400298
2021-09-16 00:00:00+00:00,BRK-B,gbm_quantile,nonsentiment,40,difference,277.510009765625,278.2734452760114,-0.7634355103863868,0.7634355103863868
2021-09-17 00:00:00+00:00,BRK-B,gbm_quantile,nonsentiment,40,difference,276.760009765625,277.665164652066,-0.9051548864409824,0.9051548864409824
2021-09-20 00:00:00+00:00,BRK-B,gbm_quantile,nonsentiment,40,difference,274.20001220703125,276.9162592097678,-2.7162470027365657,2.7162470027365657
2021-09-21 00:00:00+00:00,BRK-B,gbm_quantile,nonsentiment,40,difference,273.17999267578125,274.1976525055306,-1.0176598297493342,1.0176598297493342
2021-09-22 00:00:00+00:00,BRK-B,gbm_quantile,nonsentiment,40,difference,274.07000732421875,273.21026222839265,0.8597450958260993,0.8597450958260993
2021-09-23 00:00:00+00:00,BRK-B,gbm_quantile,nonsentiment,40,difference,278.1199951171875,274.1318445183189,3.9881505988685717,3.9881505988685717
2021-09-24 00:00:00+00:00,BRK-B,gbm_quantile,nonsentiment,40,difference,277.8699951171875,278.26524699576333,-0.3952518785758343,0.3952518785758343
2021-09-27 00:00:00+00:00,BRK-B,gbm_quantile,nonsentiment,40,difference,279.7200012207031,278.06309325044276,1.656907970260363,1.656907970260363
2021-09-28 00:00:00+00:00,BRK-B,gbm_quantile,nonsentiment,40,difference,276.7900085449219,279.8769559562072,-3.086947411285337,3.086947411285337
2021-09-29 00:00:00+00:00,BRK-B,gbm_quantile,nonsentiment,40,difference,277.2900085449219,276.95368614955464,0.3363223953672332,0.3363223953672332
2021-09-30 00:00:00+00:00,BRK-B,gbm_quantile,nonsentiment,40,difference,272.94000244140625,277.4458588453927,-4.505856403986456,4.505856403986456
2021-10-01 00:00:00+00:00,BRK-B,gbm_quantile,nonsentiment,40,difference,275.7099914550781,273.09877711761675,2.6112143374613765,2.6112143374613765
2021-10-04 00:00:00+00:00,BRK-B,gbm_quantile,nonsentiment,40,difference,273.6400146484375,275.75687192805526,-2.1168572796177614,2.1168572796177614
2021-10-05 00:00:00+00:00,BRK-B,gbm_quantile,nonsentiment,40,difference,278.04998779296875,273.74847235695853,4.30151543601022,4.30151543601022
2021-10-06 00:00:00+00:00,BRK-B,gbm_quantile,nonsentiment,40,difference,280.2200012207031,278.1769309921565,2.0430702285466396,2.0430702285466396
2021-10-07 00:00:00+00:00,BRK-B,gbm_quantile,nonsentiment,40,difference,282.95001220703125,280.3702015328377,2.5798106741935385,2.5798106741935385
2021-10-08 00:00:00+00:00,BRK-B,gbm_quantile,nonsentiment,40,difference,284.1400146484375,283.10820776452726,1.0318068839102352,1.0318068839102352
2021-10-11 00:00:00+00:00,BRK-B,gbm_quantile,nonsentiment,40,difference,280.92999267578125,284.4299503398582,-3.4999576640769305,3.4999576640769305
2021-10-12 00:00:00+00:00,BRK-B,gbm_quantile,nonsentiment,40,difference,278.6199951171875,281.1387788524941,-2.518783735306613,2.518783735306613
2021-10-13 00:00:00+00:00,BRK-B,gbm_quantile,nonsentiment,40,difference,277.8999938964844,278.8171424700845,-0.9171485736001159,0.9171485736001159
2021-10-14 00:00:00+00:00,BRK-B,gbm_quantile,nonsentiment,40,difference,281.6400146484375,278.17795399930634,3.4620606491311605,3.4620606491311605
2021-10-15 00:00:00+00:00,BRK-B,gbm_quantile,nonsentiment,40,difference,284.2099914550781,281.7745048082468,2.4354866468313503,2.4354866468313503
2021-10-18 00:00:00+00:00,BRK-B,gbm_quantile,nonsentiment,40,difference,282.5899963378906,284.3557788598366,-1.7657825219459937,1.7657825219459937
2021-10-19 00:00:00+00:00,BRK-B,gbm_quantile,nonsentiment,40,difference,284.8299865722656,282.6830823872604,2.146904185005212,2.146904185005212
2021-10-20 00:00:00+00:00,BRK-B,gbm_quantile,nonsentiment,40,difference,287.489990234375,284.8659026697227,2.6240875646523136,2.6240875646523136
2021-10-21 00:00:00+00:00,BRK-B,gbm_quantile,nonsentiment,40,difference,286.82000732421875,287.6559737208665,-0.8359663966477342,0.8359663966477342
2021-10-22 00:00:00+00:00,BRK-B,gbm_quantile,nonsentiment,40,difference,289.239990234375,286.939116457968,2.300873776407002,2.300873776407002
2021-10-25 00:00:00+00:00,BRK-B,gbm_quantile,nonsentiment,40,difference,290.260009765625,289.40436774558117,0.855642020043831,0.855642020043831
2021-10-26 00:00:00+00:00,BRK-B,gbm_quantile,nonsentiment,40,difference,290.8500061035156,290.4632343028244,0.3867718006912355,0.3867718006912355
2021-10-27 00:00:00+00:00,BRK-B,gbm_quantile,nonsentiment,40,difference,287.7799987792969,290.89476942668796,-3.114770647391083,3.114770647391083
2021-10-28 00:00:00+00:00,BRK-B,gbm_quantile,nonsentiment,40,difference,289.7200012207031,287.9199746671029,1.800026553600219,1.800026553600219
2021-10-29 00:00:00+00:00,BRK-B,gbm_quantile,nonsentiment,40,difference,287.010009765625,289.9443385966385,-2.934328831013488,2.934328831013488
2021-11-01 00:00:00+00:00,BRK-B,gbm_quantile,nonsentiment,40,difference,286.239990234375,287.0671204345292,-0.8271302001542153,0.8271302001542153
2021-11-02 00:00:00+00:00,BRK-B,gbm_quantile,nonsentiment,40,difference,287.92999267578125,286.0916564806073,1.8383361951739516,1.8383361951739516
2021-11-03 00:00:00+00:00,BRK-B,gbm_quantile,nonsentiment,40,difference,288.7200012207031,288.18112121918944,0.5388800015136894,0.5388800015136894
2021-11-04 00:00:00+00:00,BRK-B,gbm_quantile,nonsentiment,40,difference,287.69000244140625,288.8963722827444,-1.2063698413381303,1.2063698413381303
2021-11-05 00:00:00+00:00,BRK-B,gbm_quantile,nonsentiment,40,difference,287.8800048828125,287.84801268766313,0.03199219514937113,0.03199219514937113
2021-11-08 00:00:00+00:00,BRK-B,gbm_quantile,nonsentiment,40,difference,288.79998779296875,287.8446139184727,0.9553738744960469,0.9553738744960469
2021-11-09 00:00:00+00:00,BRK-B,gbm_quantile,nonsentiment,40,difference,286.3500061035156,288.8553763267248,-2.5053702232091837,2.5053702232091837
2021-11-10 00:00:00+00:00,BRK-B,gbm_quantile,nonsentiment,40,difference,285.32000732421875,286.49320130051734,-1.1731939762985917,1.1731939762985917
2021-11-11 00:00:00+00:00,BRK-B,gbm_quantile,nonsentiment,40,difference,284.6499938964844,285.3851880452101,-0.735194148725725,0.735194148725725
2021-11-12 00:00:00+00:00,BRK-B,gbm_quantile,nonsentiment,40,difference,285.989990234375,284.79399301189125,1.1959972224837543,1.1959972224837543
2021-11-15 00:00:00+00:00,BRK-B,gbm_quantile,nonsentiment,40,difference,284.6700134277344,286.17426522322455,-1.5042517954901768,1.5042517954901768
2021-11-16 00:00:00+00:00,BRK-B,gbm_quantile,nonsentiment,40,difference,283.3599853515625,284.8484630695809,-1.4884777180183733,1.4884777180183733
2021-11-17 00:00:00+00:00,BRK-B,gbm_quantile,nonsentiment,40,difference,281.5899963378906,283.4647731249767,-1.8747767870860912,1.8747767870860912
2021-11-18 00:00:00+00:00,BRK-B,gbm_quantile,nonsentiment,40,difference,280.6300048828125,281.70349572249637,-1.0734908396838705,1.0734908396838705
2021-11-19 00:00:00+00:00,BRK-B,gbm_quantile,nonsentiment,40,difference,279.989990234375,280.752519748743,-0.7625295143679978,0.7625295143679978
2021-11-22 00:00:00+00:00,BRK-B,gbm_quantile,nonsentiment,40,difference,284.9700012207031,280.0865000585162,4.883501162186917,4.883501162186917
2021-11-23 00:00:00+00:00,BRK-B,gbm_quantile,nonsentiment,40,difference,288.5599975585937,285.0340818027066,3.5259157558870697,3.5259157558870697
2021-11-24 00:00:00+00:00,BRK-B,gbm_quantile,nonsentiment,40,difference,287.2799987792969,288.62889037459723,-1.3488915953003584,1.3488915953003584
2021-11-26 00:00:00+00:00,BRK-B,gbm_quantile,nonsentiment,40,difference,283.0899963378906,287.41378645806253,-4.323790120171907,4.323790120171907
2021-11-29 00:00:00+00:00,BRK-B,gbm_quantile,nonsentiment,40,difference,282.1199951171875,283.23868401373323,-1.1186888965457342,1.1186888965457342
2021-11-30 00:00:00+00:00,BRK-B,gbm_quantile,nonsentiment,40,difference,276.69000244140625,282.29565121617946,-5.605648774773215,5.605648774773215
2021-12-01 00:00:00+00:00,BRK-B,gbm_quantile,nonsentiment,40,difference,275.0,276.8760799930297,-1.8760799930296912,1.8760799930296912
2021-12-02 00:00:00+00:00,BRK-B,gbm_quantile,nonsentiment,40,difference,279.0899963378906,275.06264337364877,4.027352964241857,4.027352964241857
2021-12-03 00:00:00+00:00,BRK-B,gbm_quantile,nonsentiment,40,difference,277.42999267578125,279.1759567623123,-1.7459640865310462,1.7459640865310462
2021-12-06 00:00:00+00:00,BRK-B,gbm_quantile,nonsentiment,40,difference,281.3800048828125,277.5613597520706,3.8186451307419134,3.8186451307419134
2021-12-07 00:00:00+00:00,BRK-B,gbm_quantile,nonsentiment,40,difference,284.9700012207031,281.47341219953904,3.496589021164084,3.496589021164084
2021-12-08 00:00:00+00:00,BRK-B,gbm_quantile,nonsentiment,40,difference,283.7200012207031,285.1050695816546,-1.385068360951493,1.385068360951493
2021-12-09 00:00:00+00:00,BRK-B,gbm_quantile,nonsentiment,40,difference,284.5199890136719,283.8799261277514,0.6400628859204858,0.6400628859204858
2021-12-10 00:00:00+00:00,BRK-B,gbm_quantile,nonsentiment,40,difference,288.2300109863281,284.70478668668926,3.5252242996388645,3.5252242996388645
2021-12-13 00:00:00+00:00,BRK-B,gbm_quantile,nonsentiment,40,difference,290.010009765625,288.3207450159586,1.6892647496663926,1.6892647496663926
2021-12-14 00:00:00+00:00,BRK-B,gbm_quantile,nonsentiment,40,difference,295.0299987792969,290.10150449985684,4.928494279440031,4.928494279440031
2021-12-15 00:00:00+00:00,BRK-B,gbm_quantile,nonsentiment,40,difference,294.5799865722656,295.02179686655563,-0.44181029429000773,0.44181029429000773
2021-12-16 00:00:00+00:00,BRK-B,gbm_quantile,nonsentiment,40,difference,300.1700134277344,294.72309359714984,5.446919830584534,5.446919830584534
2021-12-17 00:00:00+00:00,BRK-B,gbm_quantile,nonsentiment,40,difference,293.6600036621094,300.30121105547903,-6.641207393369655,6.641207393369655
2021-12-20 00:00:00+00:00,BRK-B,gbm_quantile,nonsentiment,40,difference,289.6099853515625,293.8070793764723,-4.197094024909802,4.197094024909802
2021-12-21 00:00:00+00:00,BRK-B,gbm_quantile,nonsentiment,40,difference,293.239990234375,289.6663532339156,3.573637000459428,3.573637000459428
2021-12-22 00:00:00+00:00,BRK-B,gbm_quantile,nonsentiment,40,difference,294.4100036621094,293.37722374758414,1.0327799145252357,1.0327799145252357
2021-12-23 00:00:00+00:00,BRK-B,gbm_quantile,nonsentiment,40,difference,294.489990234375,294.5561121905545,-0.06612195617947236,0.06612195617947236
2021-12-27 00:00:00+00:00,BRK-B,gbm_quantile,nonsentiment,40,difference,296.6700134277344,294.68801672738357,1.9819967003508054,1.9819967003508054
2021-12-28 00:00:00+00:00,BRK-B,gbm_quantile,nonsentiment,40,difference,298.2900085449219,296.8463387269517,1.4436698179701466,1.4436698179701466
2021-12-29 00:00:00+00:00,BRK-B,gbm_quantile,nonsentiment,40,difference,299.4599914550781,298.4127106407152,1.0472808143629209,1.0472808143629209
2021-12-30 00:00:00+00:00,BRK-B,gbm_quantile,nonsentiment,40,difference,299.9800109863281,299.57156993038836,0.4084410559397611,0.4084410559397611
2021-12-31 00:00:00+00:00,BRK-B,gbm_quantile,nonsentiment,40,difference,299.0,300.04101068696906,-1.0410106869690594,1.0410106869690594
2022-01-03 00:00:00+00:00,BRK-B,gbm_quantile,nonsentiment,40,difference,300.7900085449219,299.1107518985588,1.6792566463630578,1.6792566463630578
2022-01-04 00:00:00+00:00,BRK-B,gbm_quantile,nonsentiment,40,difference,308.5299987792969,300.9091251918766,7.620873587420249,7.620873587420249
2022-01-05 00:00:00+00:00,BRK-B,gbm_quantile,nonsentiment,40,difference,309.9200134277344,308.76834724374294,1.1516661839914377,1.1516661839914377
2022-01-06 00:00:00+00:00,BRK-B,gbm_quantile,nonsentiment,40,difference,313.2200012207031,310.09846143084127,3.121539789861856,3.121539789861856
2022-01-07 00:00:00+00:00,BRK-B,gbm_quantile,nonsentiment,40,difference,319.7799987792969,313.33793790451045,6.442060874786421,6.442060874786421
2022-01-10 00:00:00+00:00,BRK-B,gbm_quantile,nonsentiment,40,difference,318.92999267578125,319.8443032933525,-0.9143106175712319,0.9143106175712319
2022-01-11 00:00:00+00:00,BRK-B,gbm_quantile,nonsentiment,40,difference,319.79998779296875,319.1569910645877,0.6429967283810356,0.6429967283810356
2022-01-12 00:00:00+00:00,BRK-B,gbm_quantile,nonsentiment,40,difference,320.3900146484375,319.9956335831045,0.39438106533299333,0.39438106533299333
2022-01-13 00:00:00+00:00,BRK-B,gbm_quantile,nonsentiment,40,difference,321.260009765625,320.5024656543769,0.7575441112480803,0.7575441112480803
2022-01-14 00:00:00+00:00,BRK-B,gbm_quantile,nonsentiment,40,difference,324.1300048828125,321.38728912305106,2.742715759761438,2.742715759761438
2022-01-18 00:00:00+00:00,BRK-B,gbm_quantile,nonsentiment,40,difference,320.2900085449219,324.27024296156543,-3.9802344166435546,3.9802344166435546
2022-01-19 00:00:00+00:00,BRK-B,gbm_quantile,nonsentiment,40,difference,314.75,320.33682716406815,-5.586827164068154,5.586827164068154
2022-01-20 00:00:00+00:00,BRK-B,gbm_quantile,nonsentiment,40,difference,311.010009765625,314.84437648162265,-3.8343667159976462,3.8343667159976462
2022-01-21 00:00:00+00:00,BRK-B,gbm_quantile,nonsentiment,40,difference,305.2200012207031,310.95703604563744,-5.737034824934312,5.737034824934312
2022-01-24 00:00:00+00:00,BRK-B,gbm_quantile,nonsentiment,40,difference,303.7300109863281,305.2801629636659,-1.5501519773377481,1.5501519773377481
2022-01-25 00:00:00+00:00,BRK-B,gbm_quantile,nonsentiment,40,difference,307.19000244140625,303.80290249850106,3.387099942905195,3.387099942905195
2022-01-26 00:00:00+00:00,BRK-B,gbm_quantile,nonsentiment,40,difference,309.260009765625,307.2191540905619,2.040855675063085,2.040855675063085
2022-01-27 00:00:00+00:00,BRK-B,gbm_quantile,nonsentiment,40,difference,307.6700134277344,309.20700941048625,-1.5369959827518755,1.5369959827518755
2022-01-28 00:00:00+00:00,BRK-B,gbm_quantile,nonsentiment,40,difference,312.8999938964844,307.77026467745543,5.129729219028945,5.129729219028945
2022-01-31 00:00:00+00:00,BRK-B,gbm_quantile,nonsentiment,40,difference,313.0199890136719,313.060652076501,-0.04066306282913956,0.04066306282913956
2022-02-01 00:00:00+00:00,BRK-B,gbm_quantile,nonsentiment,40,difference,313.9599914550781,313.07132731714785,0.8886641379302773,0.8886641379302773
2022-02-02 00:00:00+00:00,BRK-B,gbm_quantile,nonsentiment,40,difference,319.6000061035156,314.1131532941699,5.4868528093457485,5.4868528093457485
2022-02-03 00:00:00+00:00,BRK-B,gbm_quantile,nonsentiment,40,difference,315.2300109863281,319.6694719828335,-4.439460996505375,4.439460996505375
2022-02-04 00:00:00+00:00,BRK-B,gbm_quantile,nonsentiment,40,difference,314.989990234375,315.3690100145978,-0.3790197802227908,0.3790197802227908
2022-02-07 00:00:00+00:00,BRK-B,gbm_quantile,nonsentiment,40,difference,316.510009765625,315.12757834369074,1.3824314219342568,1.3824314219342568
2022-02-08 00:00:00+00:00,BRK-B,gbm_quantile,nonsentiment,40,difference,321.44000244140625,316.56444716227816,4.875555279128093,4.875555279128093
2022-02-09 00:00:00+00:00,BRK-B,gbm_quantile,nonsentiment,40,difference,322.3800048828125,321.5160736986764,0.8639311841361064,0.8639311841361064
2022-02-10 00:00:00+00:00,BRK-B,gbm_quantile,nonsentiment,40,difference,319.8500061035156,322.53320730308843,-2.6832011995728067,2.6832011995728067
2022-02-11 00:00:00+00:00,BRK-B,gbm_quantile,nonsentiment,40,difference,319.1400146484375,320.0074176267833,-0.8674029783458082,0.8674029783458082
2022-02-14 00:00:00+00:00,BRK-B,gbm_quantile,nonsentiment,40,difference,314.2799987792969,319.2974261717052,-5.017427392408308,5.017427392408308
2022-02-15 00:00:00+00:00,BRK-B,gbm_quantile,nonsentiment,40,difference,316.20001220703125,314.44673995375354,1.7532722532777143,1.7532722532777143
2022-02-16 00:00:00+00:00,BRK-B,gbm_quantile,nonsentiment,40,difference,315.6499938964844,316.248180835546,-0.5981869390616339,0.5981869390616339
2022-02-17 00:00:00+00:00,BRK-B,gbm_quantile,nonsentiment,40,difference,313.54998779296875,315.7913967171649,-2.2414089241961506,2.2414089241961506
2022-02-18 00:00:00+00:00,BRK-B,gbm_quantile,nonsentiment,40,difference,314.79998779296875,313.7351345370556,1.0648532559131354,1.0648532559131354
2022-02-22 00:00:00+00:00,BRK-B,gbm_quantile,nonsentiment,40,difference,314.1600036621094,314.9873311576438,-0.827327495534405,0.827327495534405
2022-02-23 00:00:00+00:00,BRK-B,gbm_quantile,nonsentiment,40,difference,309.989990234375,314.3239581158783,-4.333967881503327,4.333967881503327
2022-02-24 00:00:00+00:00,BRK-B,gbm_quantile,nonsentiment,40,difference,308.2799987792969,310.15308332017423,-1.8730845408773575,1.8730845408773575
2022-02-25 00:00:00+00:00,BRK-B,gbm_quantile,nonsentiment,40,difference,319.239990234375,308.34961662153324,10.890373612841756,10.890373612841756
2022-02-28 00:00:00+00:00,BRK-B,gbm_quantile,nonsentiment,40,difference,321.45001220703125,319.1959812300992,2.254030976932029,2.254030976932029
2022-03-01 00:00:00+00:00,BRK-B,gbm_quantile,nonsentiment,40,difference,316.8399963378906,321.3800589573447,-4.5400626194540905,4.5400626194540905
2022-03-02 00:00:00+00:00,BRK-B,gbm_quantile,nonsentiment,40,difference,323.6400146484375,316.7508890056943,6.889125642743181,6.889125642743181
2022-03-03 00:00:00+00:00,BRK-B,gbm_quantile,nonsentiment,40,difference,327.739990234375,323.7130782943108,4.026911940064224,4.026911940064224
2022-03-04 00:00:00+00:00,BRK-B,gbm_quantile,nonsentiment,40,difference,325.3399963378906,327.91021106149026,-2.5702147235996335,2.5702147235996335
2022-03-07 00:00:00+00:00,BRK-B,gbm_quantile,nonsentiment,40,difference,322.7200012207031,325.52386777301086,-2.8038665523077384,2.8038665523077384
2022-03-08 00:00:00+00:00,BRK-B,gbm_quantile,nonsentiment,40,difference,318.5199890136719,322.90682769264737,-4.386838678975494,4.386838678975494
2022-03-09 00:00:00+00:00,BRK-B,gbm_quantile,nonsentiment,40,difference,325.3999938964844,318.5940563751935,6.8059375212909,6.8059375212909
2022-03-10 00:00:00+00:00,BRK-B,gbm_quantile,nonsentiment,40,difference,325.29998779296875,325.48820426834783,-0.18821647537907893,0.18821647537907893
2022-03-11 00:00:00+00:00,BRK-B,gbm_quantile,nonsentiment,40,difference,326.6000061035156,325.28879699197563,1.3112091115399949,1.3112091115399949
2022-03-14 00:00:00+00:00,BRK-B,gbm_quantile,nonsentiment,40,difference,329.9800109863281,326.60999411013273,3.3700168761953933,3.3700168761953933
2022-03-15 00:00:00+00:00,BRK-B,gbm_quantile,nonsentiment,40,difference,332.54998779296875,329.99493002453295,2.555057768435802,2.555057768435802
2022-03-16 00:00:00+00:00,BRK-B,gbm_quantile,nonsentiment,40,difference,336.1099853515625,332.68325343988175,3.426731911680747,3.426731911680747
2022-03-17 00:00:00+00:00,BRK-B,gbm_quantile,nonsentiment,40,difference,344.9700012207031,336.24544761906367,8.724553601639457,8.724553601639457
2022-03-18 00:00:00+00:00,BRK-B,gbm_quantile,nonsentiment,40,difference,342.4100036621094,345.10316833595107,-2.693164673841693,2.693164673841693
2022-03-21 00:00:00+00:00,BRK-B,gbm_quantile,nonsentiment,40,difference,349.6600036621094,342.53695335015743,7.123050311951943,7.123050311951943
2022-03-22 00:00:00+00:00,BRK-B,gbm_quantile,nonsentiment,40,difference,349.92999267578125,349.7293811707753,0.20061150500595204,0.20061150500595204
2022-03-23 00:00:00+00:00,BRK-B,gbm_quantile,nonsentiment,40,difference,348.1600036621094,349.946590459441,-1.7865867973316085,1.7865867973316085
2022-03-24 00:00:00+00:00,BRK-B,gbm_quantile,nonsentiment,40,difference,352.3699951171875,348.31718096301876,4.052814154168743,4.052814154168743
2022-03-25 00:00:00+00:00,BRK-B,gbm_quantile,nonsentiment,40,difference,358.760009765625,352.5620015901587,6.198008175466327,6.198008175466327
2022-03-28 00:00:00+00:00,BRK-B,gbm_quantile,nonsentiment,40,difference,359.57000732421875,358.93594776829536,0.6340595559233861,0.6340595559233861
2022-03-29 00:00:00+00:00,BRK-B,gbm_quantile,nonsentiment,40,difference,355.1199951171875,359.6392838684453,-4.519288751257818,4.519288751257818
2022-03-30 00:00:00+00:00,BRK-B,gbm_quantile,nonsentiment,40,difference,357.6099853515625,355.17763348210684,2.4323518694556583,2.4323518694556583
2022-03-31 00:00:00+00:00,BRK-B,gbm_quantile,nonsentiment,40,difference,352.9100036621094,357.6841216195635,-4.774117957454109,4.774117957454109
2022-04-01 00:00:00+00:00,BRK-B,gbm_quantile,nonsentiment,40,difference,351.8800048828125,352.95660378863454,-1.0765989058220384,1.0765989058220384
2022-04-04 00:00:00+00:00,BRK-B,gbm_quantile,nonsentiment,40,difference,345.42999267578125,351.93154806238397,-6.501555386602718,6.501555386602718
2022-04-05 00:00:00+00:00,BRK-B,gbm_quantile,nonsentiment,40,difference,344.79998779296875,345.5724620614855,-0.7724742685167598,0.7724742685167598
2022-04-06 00:00:00+00:00,BRK-B,gbm_quantile,nonsentiment,40,difference,344.7099914550781,344.95395041294256,-0.2439589578644359,0.2439589578644359
2022-04-07 00:00:00+00:00,BRK-B,gbm_quantile,nonsentiment,40,difference,346.510009765625,344.90178082274014,1.608228942884864,1.608228942884864
2022-04-08 00:00:00+00:00,BRK-B,gbm_quantile,nonsentiment,40,difference,353.1000061035156,346.64197788634004,6.458028217175581,6.458028217175581
2022-04-11 00:00:00+00:00,BRK-B,gbm_quantile,nonsentiment,40,difference,352.0199890136719,353.3032269601122,-1.2832379464403516,1.2832379464403516
2022-04-12 00:00:00+00:00,BRK-B,gbm_quantile,nonsentiment,40,difference,349.739990234375,352.2206741209355,-2.4806838865604846,2.4806838865604846
2022-04-13 00:00:00+00:00,BRK-B,gbm_quantile,nonsentiment,40,difference,346.2200012207031,349.8868251130328,-3.66682389232966,3.66682389232966
2022-04-14 00:00:00+00:00,BRK-B,gbm_quantile,nonsentiment,40,difference,344.3299865722656,346.3927573138522,-2.0627707415865757,2.0627707415865757
2022-04-18 00:00:00+00:00,BRK-B,gbm_quantile,nonsentiment,40,difference,346.6499938964844,344.5255331909971,2.1244607054872517,2.1244607054872517
2022-04-19 00:00:00+00:00,BRK-B,gbm_quantile,nonsentiment,40,difference,348.5,346.7824728990334,1.7175271009666062,1.7175271009666062
2022-04-20 00:00:00+00:00,BRK-B,gbm_quantile,nonsentiment,40,difference,348.82000732421875,348.6984930787872,0.12151424543156963,0.12151424543156963
2022-04-21 00:00:00+00:00,BRK-B,gbm_quantile,nonsentiment,40,difference,343.6000061035156,348.8568027786651,-5.256796675149474,5.256796675149474
2022-04-22 00:00:00+00:00,BRK-B,gbm_quantile,nonsentiment,40,difference,335.5599975585937,343.7601031196715,-8.200105561077805,8.200105561077805
2022-04-25 00:00:00+00:00,BRK-B,gbm_quantile,nonsentiment,40,difference,336.95001220703125,335.7048409702297,1.245171236801525,1.245171236801525
2022-04-26 00:00:00+00:00,BRK-B,gbm_quantile,nonsentiment,40,difference,330.6499938964844,337.1070602044991,-6.457066308014703,6.457066308014703
2022-04-27 00:00:00+00:00,BRK-B,gbm_quantile,nonsentiment,40,difference,329.5799865722656,330.83510182101486,-1.2551152487492345,1.2551152487492345
2022-04-28 00:00:00+00:00,BRK-B,gbm_quantile,nonsentiment,40,difference,331.2699890136719,329.74961694760674,1.5203720660651356,1.5203720660651356
2022-04-29 00:00:00+00:00,BRK-B,gbm_quantile,nonsentiment,40,difference,322.8299865722656,331.4344521060283,-8.604465533762664,8.604465533762664
2022-05-02 00:00:00+00:00,BRK-B,gbm_quantile,nonsentiment,40,difference,318.19000244140625,323.0425059324139,-4.852503491007667,4.852503491007667
2022-05-03 00:00:00+00:00,BRK-B,gbm_quantile,nonsentiment,40,difference,318.989990234375,318.33121009904505,0.6587801353299483,0.6587801353299483
2022-05-04 00:00:00+00:00,BRK-B,gbm_quantile,nonsentiment,40,difference,326.79998779296875,319.1421107912249,7.657877001743827,7.657877001743827
2022-05-05 00:00:00+00:00,BRK-B,gbm_quantile,nonsentiment,40,difference,318.67999267578125,326.9088951939271,-8.228902518145844,8.228902518145844
2022-05-06 00:00:00+00:00,BRK-B,gbm_quantile,nonsentiment,40,difference,318.8800048828125,318.8054715545386,0.07453332827390113,0.07453332827390113
2022-05-09 00:00:00+00:00,BRK-B,gbm_quantile,nonsentiment,40,difference,312.9599914550781,318.9966982099471,-6.0367067548689874,6.0367067548689874
2022-05-10 00:00:00+00:00,BRK-B,gbm_quantile,nonsentiment,40,difference,312.5299987792969,313.0894145514229,-0.5594157721260444,0.5594157721260444
2022-05-11 00:00:00+00:00,BRK-B,gbm_quantile,nonsentiment,40,difference,311.5400085449219,312.5847207059659,-1.0447121610440036,1.0447121610440036
2022-05-12 00:00:00+00:00,BRK-B,gbm_quantile,nonsentiment,40,difference,308.0599975585937,311.6669332939195,-3.6069357353258056,3.6069357353258056
2022-05-13 00:00:00+00:00,BRK-B,gbm_quantile,nonsentiment,40,difference,310.3599853515625,308.18126568411026,2.178719667452242,2.178719667452242
2022-05-16 00:00:00+00:00,BRK-B,gbm_quantile,nonsentiment,40,difference,309.2900085449219,310.4978918529455,-1.2078833080236109,1.2078833080236109
2022-05-17 00:00:00+00:00,BRK-B,gbm_quantile,nonsentiment,40,difference,314.6000061035156,309.27775709145635,5.322249012059274,5.322249012059274
2022-05-18 00:00:00+00:00,BRK-B,gbm_quantile,nonsentiment,40,difference,306.6400146484375,314.71958861851095,-8.079573970073454,8.079573970073454
2022-05-19 00:00:00+00:00,BRK-B,gbm_quantile,nonsentiment,40,difference,304.1499938964844,306.7647981403818,-2.6148042438974244,2.6148042438974244
2022-05-20 00:00:00+00:00,BRK-B,gbm_quantile,nonsentiment,40,difference,304.04998779296875,304.24823226503656,-0.19824447206781315,0.19824447206781315
2022-05-23 00:00:00+00:00,BRK-B,gbm_quantile,nonsentiment,40,difference,310.20001220703125,304.1898924442616,6.010119762769648,6.010119762769648
2022-05-24 00:00:00+00:00,BRK-B,gbm_quantile,nonsentiment,40,difference,309.1700134277344,310.32144846260866,-1.1514350348742823,1.1514350348742823
2022-05-25 00:00:00+00:00,BRK-B,gbm_quantile,nonsentiment,40,difference,308.6400146484375,309.29347650643314,-0.6534618579956373,0.6534618579956373
2022-05-26 00:00:00+00:00,BRK-B,gbm_quantile,nonsentiment,40,difference,312.5,308.82653734585887,3.673462654141133,3.673462654141133
2022-05-27 00:00:00+00:00,BRK-B,gbm_quantile,nonsentiment,40,difference,319.1099853515625,312.60655854290553,6.503426808656968,6.503426808656968
2022-05-31 00:00:00+00:00,BRK-B,gbm_quantile,nonsentiment,40,difference,315.9800109863281,319.2534729938534,-3.273462007525268,3.273462007525268
2022-06-01 00:00:00+00:00,BRK-B,gbm_quantile,nonsentiment,40,difference,312.2099914550781,316.1181836476379,-3.9081921925597953,3.9081921925597953
2022-06-02 00:00:00+00:00,BRK-B,gbm_quantile,nonsentiment,40,difference,314.95001220703125,312.3379854805297,2.61202672650154,2.61202672650154
2022-06-03 00:00:00+00:00,BRK-B,gbm_quantile,nonsentiment,40,difference,310.94000244140625,315.16857197842785,-4.228569537021599,4.228569537021599
2022-06-06 00:00:00+00:00,BRK-B,gbm_quantile,nonsentiment,40,difference,312.1499938964844,311.10425077035313,1.0457431261312422,1.0457431261312422
2022-06-07 00:00:00+00:00,BRK-B,gbm_quantile,nonsentiment,40,difference,313.6499938964844,312.30386439216664,1.3461295043177302,1.3461295043177302
2022-06-08 00:00:00+00:00,BRK-B,gbm_quantile,nonsentiment,40,difference,308.739990234375,313.78015611531254,-5.040165880937536,5.040165880937536
2022-06-09 00:00:00+00:00,BRK-B,gbm_quantile,nonsentiment,40,difference,300.79998779296875,308.90082191675305,-8.100834123784296,8.100834123784296
2022-06-10 00:00:00+00:00,BRK-B,gbm_quantile,nonsentiment,40,difference,291.7099914550781,301.0118970532016,-9.301905598123483,9.301905598123483
2022-06-13 00:00:00+00:00,BRK-B,gbm_quantile,nonsentiment,40,difference,281.5599975585937,291.883131191675,-10.323133633081284,10.323133633081284
2022-06-14 00:00:00+00:00,BRK-B,gbm_quantile,nonsentiment,40,difference,277.6400146484375,281.7387676881685,-4.09875303973098,4.09875303973098
2022-06-15 00:00:00+00:00,BRK-B,gbm_quantile,nonsentiment,40,difference,278.92999267578125,277.75145197129507,1.1785407044861813,1.1785407044861813
2022-06-16 00:00:00+00:00,BRK-B,gbm_quantile,nonsentiment,40,difference,268.5599975585937,279.076592877204,-10.516595318610314,10.516595318610314
2022-06-17 00:00:00+00:00,BRK-B,gbm_quantile,nonsentiment,40,difference,268.0799865722656,268.71839622814815,-0.6384096558825263,0.6384096558825263
2022-06-21 00:00:00+00:00,BRK-B,gbm_quantile,nonsentiment,40,difference,271.7699890136719,268.24409288516847,3.5258961285034047,3.5258961285034047
2022-06-22 00:00:00+00:00,BRK-B,gbm_quantile,nonsentiment,40,difference,269.7900085449219,271.87234455160075,-2.0823360066788723,2.0823360066788723
2022-06-23 00:00:00+00:00,BRK-B,gbm_quantile,nonsentiment,40,difference,267.5199890136719,269.8488977703801,-2.3289087567082447,2.3289087567082447
2022-06-24 00:00:00+00:00,BRK-B,gbm_quantile,nonsentiment,40,difference,278.2799987792969,267.65244937811786,10.62754940117901,10.62754940117901
2022-06-27 00:00:00+00:00,BRK-B,gbm_quantile,nonsentiment,40,difference,278.3999938964844,278.38252357072025,0.017470325764122663,0.017470325764122663
2022-06-28 00:00:00+00:00,BRK-B,gbm_quantile,nonsentiment,40,difference,273.8599853515625,278.48641988057994,-4.626434529017445,4.626434529017445
2022-06-29 00:00:00+00:00,BRK-B,gbm_quantile,nonsentiment,40,difference,273.489990234375,273.89208406998006,-0.40209383560505785,0.40209383560505785
2022-06-30 00:00:00+00:00,BRK-B,gbm_quantile,nonsentiment,40,difference,273.0199890136719,273.6330046018089,-0.6130155881370456,0.6130155881370456
2022-07-01 00:00:00+00:00,BRK-B,gbm_quantile,nonsentiment,40,difference,277.5,273.10463075980823,4.395369240191769,4.395369240191769
2022-07-05 00:00:00+00:00,BRK-B,gbm_quantile,nonsentiment,40,difference,275.69000244140625,277.4980922183919,-1.8080897769856392,1.8080897769856392
2022-07-06 00:00:00+00:00,BRK-B,gbm_quantile,nonsentiment,40,difference,275.6499938964844,275.66251064683973,-0.012516750355359818,0.012516750355359818
2022-07-07 00:00:00+00:00,BRK-B,gbm_quantile,nonsentiment,40,difference,279.2799987792969,275.77795882421765,3.5020399550792263,3.5020399550792263
2022-07-08 00:00:00+00:00,BRK-B,gbm_quantile,nonsentiment,40,difference,280.8299865722656,279.4019076961176,1.4280788761480494,1.4280788761480494
2022-07-11 00:00:00+00:00,BRK-B,gbm_quantile,nonsentiment,40,difference,278.510009765625,280.86037618317084,-2.3503664175458425,2.3503664175458425
2022-07-12 00:00:00+00:00,BRK-B,gbm_quantile,nonsentiment,40,difference,277.2799987792969,278.6478906566136,-1.3678918773167084,1.3678918773167084
2022-07-13 00:00:00+00:00,BRK-B,gbm_quantile,nonsentiment,40,difference,277.4700012207031,277.4625015930186,0.007499627684524057,0.007499627684524057
2022-07-14 00:00:00+00:00,BRK-B,gbm_quantile,nonsentiment,40,difference,274.4100036621094,277.62165973757186,-3.2116560754624857,3.2116560754624857
2022-07-15 00:00:00+00:00,BRK-B,gbm_quantile,nonsentiment,40,difference,278.4800109863281,274.59531893811516,3.884692048212969,3.884692048212969
2022-07-18 00:00:00+00:00,BRK-B,gbm_quantile,nonsentiment,40,difference,276.260009765625,278.6493555028885,-2.389345737263511,2.389345737263511
2022-07-19 00:00:00+00:00,BRK-B,gbm_quantile,nonsentiment,40,difference,283.54998779296875,276.46445187351674,7.085535919452013,7.085535919452013
2022-07-20 00:00:00+00:00,BRK-B,gbm_quantile,nonsentiment,40,difference,286.0400085449219,283.7039053092607,2.3361032356611986,2.3361032356611986
2022-07-21 00:00:00+00:00,BRK-B,gbm_quantile,nonsentiment,40,difference,286.8500061035156,286.1687205564734,0.6812855470422505,0.6812855470422505
2022-07-22 00:00:00+00:00,BRK-B,gbm_quantile,nonsentiment,40,difference,285.92999267578125,286.9458489708191,-1.0158562950378496,1.0158562950378496
2022-07-25 00:00:00+00:00,BRK-B,gbm_quantile,nonsentiment,40,difference,287.989990234375,286.1361135402352,1.8538766941397853,1.8538766941397853
2022-07-26 00:00:00+00:00,BRK-B,gbm_quantile,nonsentiment,40,difference,285.3099975585937,288.18250772067415,-2.8725101620804594,2.8725101620804594
2022-07-27 00:00:00+00:00,BRK-B,gbm_quantile,nonsentiment,40,difference,290.29998779296875,285.4827068870426,4.817280905926168,4.817280905926168
2022-07-28 00:00:00+00:00,BRK-B,gbm_quantile,nonsentiment,40,difference,293.8999938964844,290.4660866553526,3.433907241131749,3.433907241131749
2022-07-29 00:00:00+00:00,BRK-B,gbm_quantile,nonsentiment,40,difference,300.6000061035156,294.0143629785807,6.585643124934904,6.585643124934904
2022-08-01 00:00:00+00:00,BRK-B,gbm_quantile,nonsentiment,40,difference,295.8599853515625,300.8164245927147,-4.956439241152225,4.956439241152225
2022-08-02 00:00:00+00:00,BRK-B,gbm_quantile,nonsentiment,40,difference,292.1700134277344,296.0387895543946,-3.8687761266602365,3.8687761266602365
2022-08-03 00:00:00+00:00,BRK-B,gbm_quantile,nonsentiment,40,difference,294.9599914550781,292.3142727023788,2.645718752699338,2.645718752699338
2022-08-04 00:00:00+00:00,BRK-B,gbm_quantile,nonsentiment,40,difference,292.9100036621094,295.064036430775,-2.1540327686656155,2.1540327686656155
2022-08-05 00:00:00+00:00,BRK-B,gbm_quantile,nonsentiment,40,difference,292.07000732421875,293.0854811815557,-1.0154738573369286,1.0154738573369286
2022-08-08 00:00:00+00:00,BRK-B,gbm_quantile,nonsentiment,40,difference,292.3399963378906,292.1815062067743,0.15849013111630939,0.15849013111630939
2022-08-09 00:00:00+00:00,BRK-B,gbm_quantile,nonsentiment,40,difference,292.7699890136719,292.4342568605385,0.33573215313339233,0.33573215313339233
2022-08-10 00:00:00+00:00,BRK-B,gbm_quantile,nonsentiment,40,difference,295.1099853515625,292.84877555135967,2.2612098002028347,2.2612098002028347
2022-08-11 00:00:00+00:00,BRK-B,gbm_quantile,nonsentiment,40,difference,296.4700012207031,295.2264080329813,1.2435931877218422,1.2435931877218422
2022-08-12 00:00:00+00:00,BRK-B,gbm_quantile,nonsentiment,40,difference,301.54998779296875,296.5795515239917,4.970436268977039,4.970436268977039
2022-08-15 00:00:00+00:00,BRK-B,gbm_quantile,nonsentiment,40,difference,302.82000732421875,301.6237858132921,1.196221510926648,1.196221510926648
2022-08-16 00:00:00+00:00,BRK-B,gbm_quantile,nonsentiment,40,difference,306.6499938964844,302.95766670626506,3.6923271902193164,3.6923271902193164
2022-08-17 00:00:00+00:00,BRK-B,gbm_quantile,nonsentiment,40,difference,304.260009765625,306.8347845663919,-2.5747748007668747,2.5747748007668747
2022-08-18 00:00:00+00:00,BRK-B,gbm_quantile,nonsentiment,40,difference,304.2699890136719,304.45136520851656,-0.18137619484468814,0.18137619484468814
2022-08-19 00:00:00+00:00,BRK-B,gbm_quantile,nonsentiment,40,difference,297.2799987792969,304.47160977813076,-7.19161099883388,7.19161099883388
2022-08-22 00:00:00+00:00,BRK-B,gbm_quantile,nonsentiment,40,difference,288.69000244140625,297.3714919914824,-8.68148955007615,8.68148955007615
2022-08-23 00:00:00+00:00,BRK-B,gbm_quantile,nonsentiment,40,difference,289.6499938964844,288.77564927457803,0.8743446219063458,0.8743446219063458
2022-08-24 00:00:00+00:00,BRK-B,gbm_quantile,nonsentiment,40,difference,293.5199890136719,289.74536524764727,3.774623766024604,3.774623766024604
2022-08-25 00:00:00+00:00,BRK-B,gbm_quantile,nonsentiment,40,difference,298.1300048828125,293.69197434639136,4.438030536421138,4.438030536421138
2022-08-26 00:00:00+00:00,BRK-B,gbm_quantile,nonsentiment,40,difference,289.9599914550781,298.29375717569974,-8.333765720621614,8.333765720621614
2022-08-29 00:00:00+00:00,BRK-B,gbm_quantile,nonsentiment,40,difference,287.45001220703125,290.04163309882955,-2.5916208917983,2.5916208917983
2022-08-30 00:00:00+00:00,BRK-B,gbm_quantile,nonsentiment,40,difference,285.4200134277344,287.6231435711707,-2.20313014343634,2.20313014343634
2022-08-31 00:00:00+00:00,BRK-B,gbm_quantile,nonsentiment,40,difference,280.79998779296875,285.5726297908556,-4.772641997886865,4.772641997886865
2022-09-01 00:00:00+00:00,BRK-B,gbm_quantile,nonsentiment,40,difference,282.42999267578125,280.9596820091834,1.470310666597868,1.470310666597868
2022-09-02 00:00:00+00:00,BRK-B,gbm_quantile,nonsentiment,40,difference,277.6700134277344,282.5985839412279,-4.928570513493526,4.928570513493526
2022-09-06 00:00:00+00:00,BRK-B,gbm_quantile,nonsentiment,40,difference,276.5899963378906,277.78992224156946,-1.1999259036788317,1.1999259036788317
2022-09-07 00:00:00+00:00,BRK-B,gbm_quantile,nonsentiment,40,difference,281.0400085449219,276.69095628982984,4.349052255092033,4.349052255092033
2022-09-08 00:00:00+00:00,BRK-B,gbm_quantile,nonsentiment,40,difference,283.3399963378906,281.1713756212112,2.1686207166794134,2.1686207166794134
2022-09-09 00:00:00+00:00,BRK-B,gbm_quantile,nonsentiment,40,difference,285.7699890136719,283.4949621875138,2.2750268261580686,2.2750268261580686
2022-09-12 00:00:00+00:00,BRK-B,gbm_quantile,nonsentiment,40,difference,288.510009765625,285.9509269437429,2.5590828218821002,2.5590828218821002
2022-09-13 00:00:00+00:00,BRK-B,gbm_quantile,nonsentiment,40,difference,278.2900085449219,288.64473071670136,-10.354722171779486,10.354722171779486
2022-09-14 00:00:00+00:00,BRK-B,gbm_quantile,nonsentiment,40,difference,278.4200134277344,278.380620605896,0.039392821838362124,0.039392821838362124
2022-09-15 00:00:00+00:00,BRK-B,gbm_quantile,nonsentiment,40,difference,276.70001220703125,278.5513805040237,-1.8513682969924616,1.8513682969924616
2022-09-16 00:00:00+00:00,BRK-B,gbm_quantile,nonsentiment,40,difference,274.8099975585937,276.8066789508292,-1.99668139223553,1.99668139223553
2022-09-19 00:00:00+00:00,BRK-B,gbm_quantile,nonsentiment,40,difference,278.95001220703125,274.92613610324815,4.0238761037830955,4.0238761037830955
2022-09-20 00:00:00+00:00,BRK-B,gbm_quantile,nonsentiment,40,difference,277.1300048828125,279.09372992680545,-1.9637250439929517,1.9637250439929517
2022-09-21 00:00:00+00:00,BRK-B,gbm_quantile,nonsentiment,40,difference,270.739990234375,277.3236996050619,-6.583709370686904,6.583709370686904
2022-09-22 00:00:00+00:00,BRK-B,gbm_quantile,nonsentiment,40,difference,268.510009765625,270.8794016938805,-2.3693919282554816,2.3693919282554816
2022-09-23 00:00:00+00:00,BRK-B,gbm_quantile,nonsentiment,40,difference,267.7699890136719,268.6088966500069,-0.8389076363350227,0.8389076363350227
2022-09-26 00:00:00+00:00,BRK-B,gbm_quantile,nonsentiment,40,difference,264.32000732421875,267.8855528915912,-3.565545567372453,3.565545567372453
2022-09-27 00:00:00+00:00,BRK-B,gbm_quantile,nonsentiment,40,difference,265.4700012207031,264.4436510785763,1.0263501421268302,1.0263501421268302
2022-09-28 00:00:00+00:00,BRK-B,gbm_quantile,nonsentiment,40,difference,271.7799987792969,265.574947375946,6.205051403350865,6.205051403350865
2022-09-29 00:00:00+00:00,BRK-B,gbm_quantile,nonsentiment,40,difference,269.5799865722656,271.87398540169085,-2.2939988294252203,2.2939988294252203
2022-09-30 00:00:00+00:00,BRK-B,gbm_quantile,nonsentiment,40,difference,267.0199890136719,269.69566491727943,-2.675675903607555,2.675675903607555
2022-10-03 00:00:00+00:00,BRK-B,gbm_quantile,nonsentiment,40,difference,272.79998779296875,267.06680384303326,5.733183949935494,5.733183949935494
2022-10-04 00:00:00+00:00,BRK-B,gbm_quantile,nonsentiment,40,difference,280.489990234375,272.95895943459266,7.531030799782343,7.531030799782343
2022-10-05 00:00:00+00:00,BRK-B,gbm_quantile,nonsentiment,40,difference,279.3599853515625,280.6236798506342,-1.2636944990716756,1.2636944990716756
2022-10-06 00:00:00+00:00,BRK-B,gbm_quantile,nonsentiment,40,difference,276.3099975585937,279.5116592266566,-3.2016616680629113,3.2016616680629113
2022-10-07 00:00:00+00:00,BRK-B,gbm_quantile,nonsentiment,40,difference,269.0400085449219,276.54103591905687,-7.501027374134992,7.501027374134992
2022-10-10 00:00:00+00:00,BRK-B,gbm_quantile,nonsentiment,40,difference,266.92999267578125,269.1145626414067,-2.1845699656254283,2.1845699656254283
2022-10-11 00:00:00+00:00,BRK-B,gbm_quantile,nonsentiment,40,difference,267.3099975585937,267.06242768891747,0.24756986967622652,0.24756986967622652
2022-10-12 00:00:00+00:00,BRK-B,gbm_quantile,nonsentiment,40,difference,264.0,267.47582542610314,-3.4758254261031425,3.4758254261031425
2022-10-13 00:00:00+00:00,BRK-B,gbm_quantile,nonsentiment,40,difference,275.7799987792969,264.16083168237805,11.61916709691883,11.61916709691883
2022-10-14 00:00:00+00:00,BRK-B,gbm_quantile,nonsentiment,40,difference,272.6700134277344,275.9055179558287,-3.2355045280943386,3.2355045280943386
2022-10-17 00:00:00+00:00,BRK-B,gbm_quantile,nonsentiment,40,difference,277.0199890136719,272.82499815666705,4.194990857004825,4.194990857004825
2022-10-18 00:00:00+00:00,BRK-B,gbm_quantile,nonsentiment,40,difference,281.6700134277344,277.15093822264873,4.519075205085642,4.519075205085642
2022-10-19 00:00:00+00:00,BRK-B,gbm_quantile,nonsentiment,40,difference,278.3399963378906,281.8418282099506,-3.501831872059995,3.501831872059995
2022-10-20 00:00:00+00:00,BRK-B,gbm_quantile,nonsentiment,40,difference,273.5299987792969,278.5333284146544,-5.003329635357545,5.003329635357545
2022-10-21 00:00:00+00:00,BRK-B,gbm_quantile,nonsentiment,40,difference,282.510009765625,273.67785252406696,8.832157241558036,8.832157241558036
2022-10-24 00:00:00+00:00,BRK-B,gbm_quantile,nonsentiment,40,difference,287.4800109863281,282.68111499612263,4.798895990205494,4.798895990205494
2022-10-25 00:00:00+00:00,BRK-B,gbm_quantile,nonsentiment,40,difference,289.239990234375,287.66124350816943,1.5787467262055657,1.5787467262055657
2022-10-26 00:00:00+00:00,BRK-B,gbm_quantile,nonsentiment,40,difference,288.5199890136719,289.4007441916978,-0.880755178025936,0.880755178025936
2022-10-27 00:00:00+00:00,BRK-B,gbm_quantile,nonsentiment,40,difference,289.8800048828125,288.7019271456733,1.1780777371391764,1.1780777371391764
2022-10-28 00:00:00+00:00,BRK-B,gbm_quantile,nonsentiment,40,difference,299.6300048828125,290.05508962262223,9.574915260190267,9.574915260190267
2022-10-31 00:00:00+00:00,BRK-B,gbm_quantile,nonsentiment,40,difference,295.0899963378906,299.7691525586055,-4.679156220714901,4.679156220714901
2022-11-01 00:00:00+00:00,BRK-B,gbm_quantile,nonsentiment,40,difference,294.1300048828125,295.22024696445163,-1.0902420816391327,1.0902420816391327
2022-11-02 00:00:00+00:00,BRK-B,gbm_quantile,nonsentiment,40,difference,289.4599914550781,294.24382820854987,-4.783836753471746,4.783836753471746
2022-11-03 00:00:00+00:00,BRK-B,gbm_quantile,nonsentiment,40,difference,283.8500061035156,289.6394249168079,-5.789418813292286,5.789418813292286
2022-11-04 00:00:00+00:00,BRK-B,gbm_quantile,nonsentiment,40,difference,287.4700012207031,284.03205561245795,3.4379456082451725,3.4379456082451725
2022-11-07 00:00:00+00:00,BRK-B,gbm_quantile,nonsentiment,40,difference,290.19000244140625,287.6146046200197,2.5753978213865594,2.5753978213865594
2022-11-08 00:00:00+00:00,BRK-B,gbm_quantile,nonsentiment,40,difference,292.6099853515625,290.3427742347523,2.267211116810188,2.267211116810188
2022-11-09 00:00:00+00:00,BRK-B,gbm_quantile,nonsentiment,40,difference,288.6499938964844,292.7638824846354,-4.113888588151042,4.113888588151042
2022-11-10 00:00:00+00:00,BRK-B,gbm_quantile,nonsentiment,40,difference,303.20001220703125,288.8424102490153,14.357601958015948,14.357601958015948
2022-11-11 00:00:00+00:00,BRK-B,gbm_quantile,nonsentiment,40,difference,309.7200012207031,303.3805570460967,6.339444174606399,6.339444174606399
2022-11-14 00:00:00+00:00,BRK-B,gbm_quantile,nonsentiment,40,difference,308.9100036621094,309.83656284608236,-0.9265591839729836,0.9265591839729836
2022-11-15 00:00:00+00:00,BRK-B,gbm_quantile,nonsentiment,40,difference,309.9800109863281,309.03339741788784,0.9466135684402843,0.9466135684402843
2022-11-16 00:00:00+00:00,BRK-B,gbm_quantile,nonsentiment,40,difference,308.760009765625,310.0878899424792,-1.327880176854194,1.327880176854194
2022-11-17 00:00:00+00:00,BRK-B,gbm_quantile,nonsentiment,40,difference,307.44000244140625,308.9001874537916,-1.4601850123853524,1.4601850123853524
2022-11-18 00:00:00+00:00,BRK-B,gbm_quantile,nonsentiment,40,difference,310.760009765625,307.6025985695704,3.1574111960546247,3.1574111960546247
2022-11-21 00:00:00+00:00,BRK-B,gbm_quantile,nonsentiment,40,difference,311.20001220703125,310.943473158293,0.2565390487382615,0.2565390487382615
2022-11-22 00:00:00+00:00,BRK-B,gbm_quantile,nonsentiment,40,difference,315.760009765625,311.33464384075563,4.425365924869368,4.425365924869368
2022-11-23 00:00:00+00:00,BRK-B,gbm_quantile,nonsentiment,40,difference,316.17999267578125,315.9054823992513,0.2745102765299521,0.2745102765299521
2022-11-25 00:00:00+00:00,BRK-B,gbm_quantile,nonsentiment,40,difference,317.42999267578125,316.2986167765894,1.1313758991918235,1.1313758991918235
2022-11-28 00:00:00+00:00,BRK-B,gbm_quantile,nonsentiment,40,difference,313.2699890136719,317.53373381682815,-4.263744803156271,4.263744803156271
2022-11-29 00:00:00+00:00,BRK-B,gbm_quantile,nonsentiment,40,difference,315.1300048828125,313.3579001431364,1.772104739676081,1.772104739676081
2022-11-30 00:00:00+00:00,BRK-B,gbm_quantile,nonsentiment,40,difference,318.6000061035156,315.32206175985823,3.2779443436573956,3.2779443436573956
2022-12-01 00:00:00+00:00,BRK-B,gbm_quantile,nonsentiment,40,difference,315.8399963378906,318.8003143117324,-2.960317973841768,2.960317973841768
2022-12-02 00:00:00+00:00,BRK-B,gbm_quantile,nonsentiment,40,difference,316.1499938964844,315.955724260842,0.1942696356423994,0.1942696356423994
2022-12-05 00:00:00+00:00,BRK-B,gbm_quantile,nonsentiment,40,difference,310.57000732421875,316.2916108210836,-5.721603496864873,5.721603496864873
2022-12-06 00:00:00+00:00,BRK-B,gbm_quantile,nonsentiment,40,difference,307.7799987792969,310.6861779419403,-2.9061791626434115,2.9061791626434115
2022-12-07 00:00:00+00:00,BRK-B,gbm_quantile,nonsentiment,40,difference,305.82000732421875,307.94162337469817,-2.1216160504794175,2.1216160504794175
2022-12-08 00:00:00+00:00,BRK-B,gbm_quantile,nonsentiment,40,difference,305.989990234375,305.94904007434343,0.040950160031570704,0.040950160031570704
2022-12-09 00:00:00+00:00,BRK-B,gbm_quantile,nonsentiment,40,difference,306.3900146484375,306.07991346671946,0.31010118171803924,0.31010118171803924
2022-12-12 00:00:00+00:00,BRK-B,gbm_quantile,nonsentiment,40,difference,311.45001220703125,306.55641600224146,4.893596204789787,4.893596204789787
2022-12-13 00:00:00+00:00,BRK-B,gbm_quantile,nonsentiment,40,difference,312.3299865722656,311.54635533935306,0.783631232912569,0.783631232912569
2022-12-14 00:00:00+00:00,BRK-B,gbm_quantile,nonsentiment,40,difference,309.2900085449219,312.49953140975975,-3.2095228648378793,3.2095228648378793
2022-12-15 00:00:00+00:00,BRK-B,gbm_quantile,nonsentiment,40,difference,301.9100036621094,309.3311389293154,-7.421135267206012,7.421135267206012
2022-12-16 00:00:00+00:00,BRK-B,gbm_quantile,nonsentiment,40,difference,300.0,301.9730545929328,-1.9730545929327832,1.9730545929327832
2022-12-19 00:00:00+00:00,BRK-B,gbm_quantile,nonsentiment,40,difference,300.0299987792969,300.09011361547607,-0.06011483617919566,0.06011483617919566
2022-12-20 00:00:00+00:00,BRK-B,gbm_quantile,nonsentiment,40,difference,302.0,300.0983780176561,1.9016219823438973,1.9016219823438973
2022-12-21 00:00:00+00:00,BRK-B,gbm_quantile,nonsentiment,40,difference,307.82000732421875,302.1142217218345,5.705785602384253,5.705785602384253
2022-12-22 00:00:00+00:00,BRK-B,gbm_quantile,nonsentiment,40,difference,302.69000244140625,307.99077715753083,-5.300774716124579,5.300774716124579
2022-12-23 00:00:00+00:00,BRK-B,gbm_quantile,nonsentiment,40,difference,306.489990234375,302.7783665189876,3.711623715387418,3.711623715387418
2022-12-27 00:00:00+00:00,BRK-B,gbm_quantile,nonsentiment,40,difference,305.54998779296875,306.6054632682222,-1.055475475253445,1.055475475253445
2022-12-28 00:00:00+00:00,BRK-B,gbm_quantile,nonsentiment,40,difference,303.42999267578125,305.6974478629123,-2.267455187131077,2.267455187131077
2022-12-29 00:00:00+00:00,BRK-B,gbm_quantile,nonsentiment,40,difference,309.0599975585937,303.61436222581983,5.445635332773861,5.445635332773861
2022-12-30 00:00:00+00:00,BRK-B,gbm_quantile,nonsentiment,40,difference,308.8999938964844,309.1938524180535,-0.2938585215691205,0.2938585215691205
2023-01-03 00:00:00+00:00,BRK-B,gbm_quantile,nonsentiment,40,difference,309.9100036621094,309.0645522945815,0.8454513675278577,0.8454513675278577
2023-01-04 00:00:00+00:00,BRK-B,gbm_quantile,nonsentiment,40,difference,314.54998779296875,309.8422755921931,4.707712200775632,4.707712200775632
2023-01-05 00:00:00+00:00,BRK-B,gbm_quantile,nonsentiment,40,difference,312.8999938964844,314.69150489579914,-1.7915109993147667,1.7915109993147667
2023-01-06 00:00:00+00:00,BRK-B,gbm_quantile,nonsentiment,40,difference,318.69000244140625,313.09063655583145,5.599365885574798,5.599365885574798
2023-01-09 00:00:00+00:00,BRK-B,gbm_quantile,nonsentiment,40,difference,315.5299987792969,318.82152023959986,-3.291521460302988,3.291521460302988
2023-01-10 00:00:00+00:00,BRK-B,gbm_quantile,nonsentiment,40,difference,316.3500061035156,315.62295934586257,0.7270467576530564,0.7270467576530564
2023-01-11 00:00:00+00:00,BRK-B,gbm_quantile,nonsentiment,40,difference,320.3699951171875,316.5209157165749,3.8490794006125952,3.8490794006125952
2023-01-12 00:00:00+00:00,BRK-B,gbm_quantile,nonsentiment,40,difference,318.92999267578125,320.60226711882285,-1.6722744430416014,1.6722744430416014
2023-01-13 00:00:00+00:00,BRK-B,gbm_quantile,nonsentiment,40,difference,317.6400146484375,319.1091999705146,-1.4691853220771236,1.4691853220771236
2023-01-17 00:00:00+00:00,BRK-B,gbm_quantile,nonsentiment,40,difference,314.8599853515625,317.7874654089146,-2.9274800573521134,2.9274800573521134
2023-01-18 00:00:00+00:00,BRK-B,gbm_quantile,nonsentiment,40,difference,308.29998779296875,315.0118056074817,-6.711817814512926,6.711817814512926
2023-01-19 00:00:00+00:00,BRK-B,gbm_quantile,nonsentiment,40,difference,305.2300109863281,308.4930076974479,-3.262996711119797,3.262996711119797
2023-01-20 00:00:00+00:00,BRK-B,gbm_quantile,nonsentiment,40,difference,309.8699951171875,305.3842465418344,4.485748575353114,4.485748575353114
2023-01-23 00:00:00+00:00,BRK-B,gbm_quantile,nonsentiment,40,difference,310.4200134277344,309.9004764854778,0.5195369422565932,0.5195369422565932
2023-01-24 00:00:00+00:00,BRK-B,gbm_quantile,nonsentiment,40,difference,311.29998779296875,310.52909211334475,0.7708956796240045,0.7708956796240045
2023-01-25 00:00:00+00:00,BRK-B,gbm_quantile,nonsentiment,40,difference,311.8999938964844,311.39432352170576,0.5056703747786173,0.5056703747786173
2023-01-26 00:00:00+00:00,BRK-B,gbm_quantile,nonsentiment,40,difference,310.95001220703125,312.0570879812119,-1.1070757741806574,1.1070757741806574
2023-01-27 00:00:00+00:00,BRK-B,gbm_quantile,nonsentiment,40,difference,309.1700134277344,311.11810979085453,-1.9480963631201575,1.9480963631201575
2023-01-30 00:00:00+00:00,BRK-B,gbm_quantile,nonsentiment,40,difference,307.3299865722656,309.4103123445758,-2.080325772310175,2.080325772310175
2023-01-31 00:00:00+00:00,BRK-B,gbm_quantile,nonsentiment,40,difference,311.5199890136719,307.543060157394,3.9769288562778797,3.9769288562778797
2023-02-01 00:00:00+00:00,BRK-B,gbm_quantile,nonsentiment,40,difference,310.57000732421875,311.70601054944336,-1.1360032252246128,1.1360032252246128
2023-02-02 00:00:00+00:00,BRK-B,gbm_quantile,nonsentiment,40,difference,311.8599853515625,310.6414393210556,1.2185460305069,1.2185460305069
2023-02-03 00:00:00+00:00,BRK-B,gbm_quantile,nonsentiment,40,difference,308.510009765625,311.9636223058944,-3.4536125402693756,3.4536125402693756
2023-02-06 00:00:00+00:00,BRK-B,gbm_quantile,nonsentiment,40,difference,308.42999267578125,308.6884989058813,-0.25850623010006757,0.25850623010006757
2023-02-07 00:00:00+00:00,BRK-B,gbm_quantile,nonsentiment,40,difference,312.9700012207031,308.63667597461153,4.33332524609159,4.33332524609159
2023-02-08 00:00:00+00:00,BRK-B,gbm_quantile,nonsentiment,40,difference,308.4800109863281,313.11632194950806,-4.6363109631799375,4.6363109631799375
2023-02-09 00:00:00+00:00,BRK-B,gbm_quantile,nonsentiment,40,difference,307.2099914550781,308.6236117486925,-1.4136202936143718,1.4136202936143718
2023-02-10 00:00:00+00:00,BRK-B,gbm_quantile,nonsentiment,40,difference,309.8900146484375,307.31325350351625,2.5767611449212495,2.5767611449212495
2023-02-13 00:00:00+00:00,BRK-B,gbm_quantile,nonsentiment,40,difference,313.739990234375,310.00616263973245,3.7338275946425483,3.7338275946425483
2023-02-14 00:00:00+00:00,BRK-B,gbm_quantile,nonsentiment,40,difference,310.7900085449219,313.87122795901786,-3.081219414095983,3.081219414095983
2023-02-15 00:00:00+00:00,BRK-B,gbm_quantile,nonsentiment,40,difference,309.6300048828125,310.982112933833,-1.3521080510204797,1.3521080510204797
2023-02-16 00:00:00+00:00,BRK-B,gbm_quantile,nonsentiment,40,difference,308.17999267578125,309.76406547715976,-1.584072801378511,1.584072801378511
2023-02-17 00:00:00+00:00,BRK-B,gbm_quantile,nonsentiment,40,difference,308.239990234375,308.3399175828295,-0.09992734845451423,0.09992734845451423
2023-02-21 00:00:00+00:00,BRK-B,gbm_quantile,nonsentiment,40,difference,302.7200012207031,308.4477110340516,-5.727709813348497,5.727709813348497
2023-02-22 00:00:00+00:00,BRK-B,gbm_quantile,nonsentiment,40,difference,303.1600036621094,302.84344868085793,0.31655498125144277,0.31655498125144277
2023-02-23 00:00:00+00:00,BRK-B,gbm_quantile,nonsentiment,40,difference,303.07000732421875,303.3228946124032,-0.2528872881844677,0.2528872881844677
2023-02-24 00:00:00+00:00,BRK-B,gbm_quantile,nonsentiment,40,difference,304.0199890136719,303.236595842855,0.7833931708168507,0.7833931708168507
2023-02-27 00:00:00+00:00,BRK-B,gbm_quantile,nonsentiment,40,difference,304.6600036621094,304.10908919046443,0.5509144716449441,0.5509144716449441
2023-02-28 00:00:00+00:00,BRK-B,gbm_quantile,nonsentiment,40,difference,305.17999267578125,304.7304707465478,0.44952192923346956,0.44952192923346956
2023-03-01 00:00:00+00:00,BRK-B,gbm_quantile,nonsentiment,40,difference,304.6199951171875,305.258242080375,-0.6382469631874983,0.6382469631874983
2023-03-02 00:00:00+00:00,BRK-B,gbm_quantile,nonsentiment,40,difference,307.75,304.75644101795626,2.993558982043737,2.993558982043737
2023-03-03 00:00:00+00:00,BRK-B,gbm_quantile,nonsentiment,40,difference,312.45001220703125,307.93717632731347,4.512835879717784,4.512835879717784
2023-03-06 00:00:00+00:00,BRK-B,gbm_quantile,nonsentiment,40,difference,316.9700012207031,312.6140829807459,4.355918239957248,4.355918239957248
2023-03-07 00:00:00+00:00,BRK-B,gbm_quantile,nonsentiment,40,difference,311.1199951171875,317.0968533511647,-5.976858233977225,5.976858233977225
2023-03-08 00:00:00+00:00,BRK-B,gbm_quantile,nonsentiment,40,difference,311.3699951171875,311.21252801987055,0.1574670973169532,0.1574670973169532
2023-03-09 00:00:00+00:00,BRK-B,gbm_quantile,nonsentiment,40,difference,304.82000732421875,311.5044747511763,-6.6844674269575535,6.6844674269575535
2023-03-10 00:00:00+00:00,BRK-B,gbm_quantile,nonsentiment,40,difference,303.6300048828125,304.9637708671458,-1.3337659843332972,1.3337659843332972
2023-03-13 00:00:00+00:00,BRK-B,gbm_quantile,nonsentiment,40,difference,302.8800048828125,303.75470647552834,-0.8747015927158373,0.8747015927158373
2023-03-14 00:00:00+00:00,BRK-B,gbm_quantile,nonsentiment,40,difference,305.3299865722656,302.9536179496524,2.3763686226131995,2.3763686226131995
2023-03-15 00:00:00+00:00,BRK-B,gbm_quantile,nonsentiment,40,difference,297.8800048828125,305.4015089940666,-7.521504111254103,7.521504111254103
2023-03-16 00:00:00+00:00,BRK-B,gbm_quantile,nonsentiment,40,difference,302.010009765625,297.9775628445149,4.032446921110079,4.032446921110079
2023-03-17 00:00:00+00:00,BRK-B,gbm_quantile,nonsentiment,40,difference,293.510009765625,302.2411282807125,-8.731118515087473,8.731118515087473
2023-03-20 00:00:00+00:00,BRK-B,gbm_quantile,nonsentiment,40,difference,301.0599975585937,293.67688984166,7.383107716933694,7.383107716933694
2023-03-21 00:00:00+00:00,BRK-B,gbm_quantile,nonsentiment,40,difference,303.8500061035156,301.09116124325953,2.75884486025609,2.75884486025609
2023-03-22 00:00:00+00:00,BRK-B,gbm_quantile,nonsentiment,40,difference,299.7300109863281,303.9220732515955,-4.192062265267396,4.192062265267396
2023-03-23 00:00:00+00:00,BRK-B,gbm_quantile,nonsentiment,40,difference,298.3699951171875,299.8648745748907,-1.4948794577031776,1.4948794577031776
2023-03-24 00:00:00+00:00,BRK-B,gbm_quantile,nonsentiment,40,difference,298.9200134277344,298.4769461860267,0.44306724170769485,0.44306724170769485
2023-03-27 00:00:00+00:00,BRK-B,gbm_quantile,nonsentiment,40,difference,302.1400146484375,299.05042534466276,3.089589303774744,3.089589303774744
2023-03-28 00:00:00+00:00,BRK-B,gbm_quantile,nonsentiment,40,difference,302.32000732421875,302.27715693237775,0.042850391841000146,0.042850391841000146
2023-03-29 00:00:00+00:00,BRK-B,gbm_quantile,nonsentiment,40,difference,305.29998779296875,302.4326144719005,2.8673733210682713,2.8673733210682713
2023-03-30 00:00:00+00:00,BRK-B,gbm_quantile,nonsentiment,40,difference,305.0799865722656,305.2967375601862,-0.2167509879205909,0.2167509879205909
2023-03-31 00:00:00+00:00,BRK-B,gbm_quantile,nonsentiment,40,difference,308.7699890136719,305.15673254620924,3.6132564674626337,3.6132564674626337
2023-04-03 00:00:00+00:00,BRK-B,gbm_quantile,nonsentiment,40,difference,310.3099975585937,308.8316804982892,1.478317060304505,1.478317060304505
2023-04-04 00:00:00+00:00,BRK-B,gbm_quantile,nonsentiment,40,difference,309.07000732421875,310.5077223061056,-1.4377149818868702,1.4377149818868702
2023-04-05 00:00:00+00:00,BRK-B,gbm_quantile,nonsentiment,40,difference,310.3900146484375,309.2566277321934,1.133386916244092,1.133386916244092
2023-04-06 00:00:00+00:00,BRK-B,gbm_quantile,nonsentiment,40,difference,312.510009765625,310.36489993602066,2.145109829604337,2.145109829604337
2023-04-10 00:00:00+00:00,BRK-B,gbm_quantile,nonsentiment,40,difference,312.6199951171875,312.7121366498676,-0.0921415326801025,0.0921415326801025
2023-04-11 00:00:00+00:00,BRK-B,gbm_quantile,nonsentiment,40,difference,313.70001220703125,312.9052012164911,0.7948109905401566,0.7948109905401566
2023-04-12 00:00:00+00:00,BRK-B,gbm_quantile,nonsentiment,40,difference,314.54998779296875,314.01188342869403,0.5381043642747159,0.5381043642747159
2023-04-13 00:00:00+00:00,BRK-B,gbm_quantile,nonsentiment,40,difference,318.04998779296875,314.6643171320887,3.3856706608800664,3.3856706608800664
2023-04-14 00:00:00+00:00,BRK-B,gbm_quantile,nonsentiment,40,difference,319.739990234375,318.29094163235567,1.4490486020193316,1.4490486020193316
2023-04-17 00:00:00+00:00,BRK-B,gbm_quantile,nonsentiment,40,difference,323.7900085449219,319.9052825619234,3.884725982998475,3.884725982998475
2023-04-18 00:00:00+00:00,BRK-B,gbm_quantile,nonsentiment,40,difference,324.6300048828125,323.9796137952277,0.6503910875848078,0.6503910875848078
2023-04-19 00:00:00+00:00,BRK-B,gbm_quantile,nonsentiment,40,difference,323.0899963378906,324.7265044421564,-1.636508104265772,1.636508104265772
2023-04-20 00:00:00+00:00,BRK-B,gbm_quantile,nonsentiment,40,difference,323.82000732421875,323.12267972061005,0.6973276036086986,0.6973276036086986
2023-04-21 00:00:00+00:00,BRK-B,gbm_quantile,nonsentiment,40,difference,324.3299865722656,323.93209742328924,0.3978891489763896,0.3978891489763896
2023-04-24 00:00:00+00:00,BRK-B,gbm_quantile,nonsentiment,40,difference,326.04998779296875,324.4700288383879,1.5799589545808317,1.5799589545808317
2023-04-25 00:00:00+00:00,BRK-B,gbm_quantile,nonsentiment,40,difference,324.3399963378906,326.26046280601605,-1.9204664681254258,1.9204664681254258
2023-04-26 00:00:00+00:00,BRK-B,gbm_quantile,nonsentiment,40,difference,320.5299987792969,324.5157928766734,-3.9857940973765267,3.9857940973765267
2023-04-27 00:00:00+00:00,BRK-B,gbm_quantile,nonsentiment,40,difference,326.2300109863281,320.7079769774085,5.522034008919604,5.522034008919604
2023-04-28 00:00:00+00:00,BRK-B,gbm_quantile,nonsentiment,40,difference,328.54998779296875,326.4812682879521,2.068719505016645,2.068719505016645
2023-05-01 00:00:00+00:00,BRK-B,gbm_quantile,nonsentiment,40,difference,330.1700134277344,328.69860634246,1.471407085274393,1.471407085274393
2023-05-02 00:00:00+00:00,BRK-B,gbm_quantile,nonsentiment,40,difference,325.8599853515625,330.1596631865366,-4.299677834974091,4.299677834974091
2023-05-03 00:00:00+00:00,BRK-B,gbm_quantile,nonsentiment,40,difference,323.2200012207031,325.68205666122356,-2.4620554405204302,2.4620554405204302
2023-05-04 00:00:00+00:00,BRK-B,gbm_quantile,nonsentiment,40,difference,320.0,323.37799433454535,-3.377994334545349,3.377994334545349
2023-05-05 00:00:00+00:00,BRK-B,gbm_quantile,nonsentiment,40,difference,323.8800048828125,320.1023618300747,3.777643052737801,3.777643052737801
2023-05-08 00:00:00+00:00,BRK-B,gbm_quantile,nonsentiment,40,difference,326.1400146484375,323.94056846353396,2.199446184903536,2.199446184903536
2023-05-09 00:00:00+00:00,BRK-B,gbm_quantile,nonsentiment,40,difference,324.8699951171875,326.1272368077405,-1.2572416905529735,1.2572416905529735
2023-05-10 00:00:00+00:00,BRK-B,gbm_quantile,nonsentiment,40,difference,322.989990234375,324.81024537884156,-1.8202551444665573,1.8202551444665573
2023-05-11 00:00:00+00:00,BRK-B,gbm_quantile,nonsentiment,40,difference,322.6400146484375,323.0460160273776,-0.40600137894011823,0.40600137894011823
2023-05-12 00:00:00+00:00,BRK-B,gbm_quantile,nonsentiment,40,difference,322.489990234375,322.6941445487832,-0.20415431440818566,0.20415431440818566
2023-05-15 00:00:00+00:00,BRK-B,gbm_quantile,nonsentiment,40,difference,323.5299987792969,322.6600307454198,0.8699680338770577,0.8699680338770577
2023-05-16 00:00:00+00:00,BRK-B,gbm_quantile,nonsentiment,40,difference,323.75,323.6806727758734,0.06932722412659587,0.06932722412659587
2023-05-17 00:00:00+00:00,BRK-B,gbm_quantile,nonsentiment,40,difference,327.3900146484375,323.91190365366236,3.478110994775136,3.478110994775136
2023-05-18 00:00:00+00:00,BRK-B,gbm_quantile,nonsentiment,40,difference,329.760009765625,327.6205824423485,2.139427323276493,2.139427323276493
2023-05-19 00:00:00+00:00,BRK-B,gbm_quantile,nonsentiment,40,difference,330.3900146484375,330.128092473837,0.2619221746004996,0.2619221746004996
2023-05-22 00:00:00+00:00,BRK-B,gbm_quantile,nonsentiment,40,difference,329.1300048828125,330.55625001124906,-1.4262451284365625,1.4262451284365625
2023-05-23 00:00:00+00:00,BRK-B,gbm_quantile,nonsentiment,40,difference,323.1099853515625,329.1784851179351,-6.068499766372611,6.068499766372611
2023-05-24 00:00:00+00:00,BRK-B,gbm_quantile,nonsentiment,40,difference,320.20001220703125,323.1840686677862,-2.984056460754971,2.984056460754971
2023-05-25 00:00:00+00:00,BRK-B,gbm_quantile,nonsentiment,40,difference,319.0199890136719,320.2956218295017,-1.2756328158298516,1.2756328158298516
2023-05-26 00:00:00+00:00,BRK-B,gbm_quantile,nonsentiment,40,difference,320.6000061035156,319.0369123880213,1.5630937154943467,1.5630937154943467
2023-05-30 00:00:00+00:00,BRK-B,gbm_quantile,nonsentiment,40,difference,322.19000244140625,320.78657899103194,1.403423450374305,1.403423450374305
2023-05-31 00:00:00+00:00,BRK-B,gbm_quantile,nonsentiment,40,difference,321.0799865722656,322.3305298115499,-1.2505432392842977,1.2505432392842977
2023-06-01 00:00:00+00:00,BRK-B,gbm_quantile,nonsentiment,40,difference,323.1199951171875,321.2764130767719,1.8435820404155834,1.8435820404155834
2023-06-02 00:00:00+00:00,BRK-B,gbm_quantile,nonsentiment,40,difference,329.4800109863281,323.2599497566758,6.2200612296523445,6.2200612296523445
2023-06-05 00:00:00+00:00,BRK-B,gbm_quantile,nonsentiment,40,difference,328.5799865722656,329.5476226896633,-0.9676361173976602,0.9676361173976602
2023-06-06 00:00:00+00:00,BRK-B,gbm_quantile,nonsentiment,40,difference,333.4100036621094,328.78811784068216,4.621885821427213,4.621885821427213
2023-06-07 00:00:00+00:00,BRK-B,gbm_quantile,nonsentiment,40,difference,335.4200134277344,333.5701106648056,1.8499027629287639,1.8499027629287639
2023-06-08 00:00:00+00:00,BRK-B,gbm_quantile,nonsentiment,40,difference,335.95001220703125,335.5640780545926,0.385934152438665,0.385934152438665
2023-06-09 00:00:00+00:00,BRK-B,gbm_quantile,nonsentiment,40,difference,335.2900085449219,336.0618347298694,-0.7718261849475425,0.7718261849475425
2023-06-12 00:00:00+00:00,BRK-B,gbm_quantile,nonsentiment,40,difference,333.6000061035156,335.48743155125896,-1.8874254477433396,1.8874254477433396
2023-06-13 00:00:00+00:00,BRK-B,gbm_quantile,nonsentiment,40,difference,336.3900146484375,333.8229795486257,2.5670350998117897,2.5670350998117897
2023-06-14 00:00:00+00:00,BRK-B,gbm_quantile,nonsentiment,40,difference,335.8999938964844,336.62638231192483,-0.7263884154404536,0.7263884154404536
2023-06-15 00:00:00+00:00,BRK-B,gbm_quantile,nonsentiment,40,difference,339.82000732421875,336.0464351394846,3.773572184734178,3.773572184734178
2023-06-16 00:00:00+00:00,BRK-B,gbm_quantile,nonsentiment,40,difference,338.3099975585937,339.9160552851145,-1.6060577265208167,1.6060577265208167
2023-06-20 00:00:00+00:00,BRK-B,gbm_quantile,nonsentiment,40,difference,338.6700134277344,338.39994376396237,0.2700696637720057,0.2700696637720057
2023-06-21 00:00:00+00:00,BRK-B,gbm_quantile,nonsentiment,40,difference,338.6099853515625,338.72884755132515,-0.11886219976264556,0.11886219976264556
2023-06-22 00:00:00+00:00,BRK-B,gbm_quantile,nonsentiment,40,difference,336.9599914550781,338.7380934120835,-1.77810195700539,1.77810195700539
2023-06-23 00:00:00+00:00,BRK-B,gbm_quantile,nonsentiment,40,difference,335.25,337.1487578175742,-1.8987578175742215,1.8987578175742215
2023-06-26 00:00:00+00:00,BRK-B,gbm_quantile,nonsentiment,40,difference,334.1199951171875,335.3777444603053,-1.25774934311778,1.25774934311778
2023-06-27 00:00:00+00:00,BRK-B,gbm_quantile,nonsentiment,40,difference,335.3399963378906,334.3222982550455,1.0176980828451292,1.0176980828451292
2023-06-28 00:00:00+00:00,BRK-B,gbm_quantile,nonsentiment,40,difference,334.1499938964844,335.4112349504551,-1.261241053970707,1.261241053970707
2023-06-29 00:00:00+00:00,BRK-B,gbm_quantile,nonsentiment,40,difference,336.9100036621094,334.3539309289268,2.5560727331825888,2.5560727331825888
2023-06-30 00:00:00+00:00,BRK-B,gbm_quantile,nonsentiment,40,difference,341.0,337.03010541853195,3.969894581468054,3.969894581468054
2023-07-03 00:00:00+00:00,BRK-B,gbm_quantile,nonsentiment,40,difference,342.0,341.19503422104367,0.8049657789563298,0.8049657789563298
2023-07-05 00:00:00+00:00,BRK-B,gbm_quantile,nonsentiment,40,difference,341.5599975585937,342.04113698147574,-0.4811394228820518,0.4811394228820518
2023-07-06 00:00:00+00:00,BRK-B,gbm_quantile,nonsentiment,40,difference,341.4599914550781,341.6908870458064,-0.2308955907282666,0.2308955907282666
2023-07-07 00:00:00+00:00,BRK-B,gbm_quantile,nonsentiment,40,difference,340.8999938964844,341.657526132384,-0.7575322358996459,0.7575322358996459
2023-07-10 00:00:00+00:00,BRK-B,gbm_quantile,nonsentiment,40,difference,341.1300048828125,341.20150443651386,-0.07149955370135785,0.07149955370135785
2023-07-11 00:00:00+00:00,BRK-B,gbm_quantile,nonsentiment,40,difference,343.3699951171875,341.37547888424973,1.9945162329377695,1.9945162329377695
2023-07-12 00:00:00+00:00,BRK-B,gbm_quantile,nonsentiment,40,difference,345.3500061035156,343.49896698685916,1.851039116656466,1.851039116656466
2023-07-13 00:00:00+00:00,BRK-B,gbm_quantile,nonsentiment,40,difference,343.5400085449219,345.5097603195075,-1.9697517745856317,1.9697517745856317
2023-07-14 00:00:00+00:00,BRK-B,gbm_quantile,nonsentiment,40,difference,341.0899963378906,343.6710073941439,-2.58101105625326,2.58101105625326
2023-07-17 00:00:00+00:00,BRK-B,gbm_quantile,nonsentiment,40,difference,344.25,341.2483208636411,3.0016791363589164,3.0016791363589164
2023-07-18 00:00:00+00:00,BRK-B,gbm_quantile,nonsentiment,40,difference,345.3399963378906,344.39338147331796,0.9466148645726662,0.9466148645726662
2023-07-19 00:00:00+00:00,BRK-B,gbm_quantile,nonsentiment,40,difference,342.42999267578125,345.4436345818813,-3.0136419061000765,3.0136419061000765
2023-07-20 00:00:00+00:00,BRK-B,gbm_quantile,nonsentiment,40,difference,346.6099853515625,342.6481437116788,3.961841639883687,3.961841639883687
2023-07-21 00:00:00+00:00,BRK-B,gbm_quantile,nonsentiment,40,difference,345.760009765625,346.75284912290243,-0.9928393572774326,0.9928393572774326
2023-07-24 00:00:00+00:00,BRK-B,gbm_quantile,nonsentiment,40,difference,349.6300048828125,345.9891439703409,3.6408609124716236,3.6408609124716236
2023-07-25 00:00:00+00:00,BRK-B,gbm_quantile,nonsentiment,40,difference,347.5799865722656,349.82140885974417,-2.2414222874785423,2.2414222874785423
2023-07-26 00:00:00+00:00,BRK-B,gbm_quantile,nonsentiment,40,difference,349.79998779296875,347.70278304341485,2.097204749553896,2.097204749553896
2023-07-27 00:00:00+00:00,BRK-B,gbm_quantile,nonsentiment,40,difference,349.3099975585937,349.9281511973618,-0.6181536387680922,0.6181536387680922
2023-07-28 00:00:00+00:00,BRK-B,gbm_quantile,nonsentiment,40,difference,349.8099975585937,349.45844704109544,0.3515505174982536,0.3515505174982536
2023-07-31 00:00:00+00:00,BRK-B,gbm_quantile,nonsentiment,40,difference,351.9599914550781,349.92533085336976,2.0346606017083673,2.0346606017083673
2023-08-01 00:00:00+00:00,BRK-B,gbm_quantile,nonsentiment,40,difference,352.260009765625,352.11184588959765,0.14816387602735404,0.14816387602735404
2023-08-02 00:00:00+00:00,BRK-B,gbm_quantile,nonsentiment,40,difference,351.19000244140625,352.3274058316006,-1.1374033901943221,1.1374033901943221
2023-08-03 00:00:00+00:00,BRK-B,gbm_quantile,nonsentiment,40,difference,353.8099975585937,351.26201160931464,2.5479859492790524,2.5479859492790524
2023-08-04 00:00:00+00:00,BRK-B,gbm_quantile,nonsentiment,40,difference,349.989990234375,353.97707879428395,-3.9870885599089547,3.9870885599089547
2023-08-07 00:00:00+00:00,BRK-B,gbm_quantile,nonsentiment,40,difference,362.5799865722656,350.15120388326204,12.428782689003583,12.428782689003583
2023-08-08 00:00:00+00:00,BRK-B,gbm_quantile,nonsentiment,40,difference,363.7300109863281,362.70238035790663,1.027630628421491,1.027630628421491
2023-08-09 00:00:00+00:00,BRK-B,gbm_quantile,nonsentiment,40,difference,358.0199890136719,363.8486833272495,-5.828694313577614,5.828694313577614
2023-08-10 00:00:00+00:00,BRK-B,gbm_quantile,nonsentiment,40,difference,356.9800109863281,357.98845924319767,-1.008448256869542,1.008448256869542
2023-08-11 00:00:00+00:00,BRK-B,gbm_quantile,nonsentiment,40,difference,358.3500061035156,357.1191221602843,1.2308839432313334,1.2308839432313334
2023-08-14 00:00:00+00:00,BRK-B,gbm_quantile,nonsentiment,40,difference,358.4800109863281,358.42931107848347,0.05069990784465972,0.05069990784465972
2023-08-15 00:00:00+00:00,BRK-B,gbm_quantile,nonsentiment,40,difference,354.5,358.5445001969424,-4.044500196942408,4.044500196942408
2023-08-16 00:00:00+00:00,BRK-B,gbm_quantile,nonsentiment,40,difference,354.1099853515625,354.64040332282025,-0.5304179712577479,0.5304179712577479
2023-08-17 00:00:00+00:00,BRK-B,gbm_quantile,nonsentiment,40,difference,353.19000244140625,354.2146732416422,-1.0246708002359242,1.0246708002359242
2023-08-18 00:00:00+00:00,BRK-B,gbm_quantile,nonsentiment,40,difference,352.5599975585937,353.35538668142067,-0.7953891228269754,0.7953891228269754
2023-08-21 00:00:00+00:00,BRK-B,gbm_quantile,nonsentiment,40,difference,352.0899963378906,352.72535782434056,-0.6353614864499377,0.6353614864499377
2023-08-22 00:00:00+00:00,BRK-B,gbm_quantile,nonsentiment,40,difference,350.57000732421875,352.2563476878589,-1.68634036364017,1.68634036364017
2023-08-23 00:00:00+00:00,BRK-B,gbm_quantile,nonsentiment,40,difference,354.260009765625,350.65358085463777,3.6064289109872334,3.6064289109872334
2023-08-24 00:00:00+00:00,BRK-B,gbm_quantile,nonsentiment,40,difference,354.29998779296875,354.44192345250605,-0.14193565953729603,0.14193565953729603
2023-08-25 00:00:00+00:00,BRK-B,gbm_quantile,nonsentiment,40,difference,355.92999267578125,354.38844065290414,1.541552022877113,1.541552022877113
2023-08-28 00:00:00+00:00,BRK-B,gbm_quantile,nonsentiment,40,difference,355.54998779296875,356.1333181564904,-0.583330363521668,0.583330363521668
2023-08-29 00:00:00+00:00,BRK-B,gbm_quantile,nonsentiment,40,difference,358.2900085449219,355.7117491711863,2.578259373735591,2.578259373735591
2023-08-30 00:00:00+00:00,BRK-B,gbm_quantile,nonsentiment,40,difference,361.05999755859375,358.38578925781945,2.6742083007742963,2.6742083007742963
2023-08-31 00:00:00+00:00,BRK-B,gbm_quantile,nonsentiment,40,difference,360.20001220703125,361.23347459215813,-1.0334623851268816,1.0334623851268816
2023-09-01 00:00:00+00:00,BRK-B,gbm_quantile,nonsentiment,40,difference,362.4599914550781,360.4372526766833,2.022738778394853,2.022738778394853
2023-09-05 00:00:00+00:00,BRK-B,gbm_quantile,nonsentiment,40,difference,360.4700012207031,362.59342391091025,-2.1234226902071214,2.1234226902071214
2023-09-06 00:00:00+00:00,BRK-B,gbm_quantile,nonsentiment,40,difference,361.6700134277344,360.66159888860915,1.0084145391252264,1.0084145391252264
2023-09-07 00:00:00+00:00,BRK-B,gbm_quantile,nonsentiment,40,difference,361.7999877929688,361.85090544704013,-0.05091765407132698,0.05091765407132698
2023-09-08 00:00:00+00:00,BRK-B,gbm_quantile,nonsentiment,40,difference,363.1499938964844,361.9655280345536,1.1844658619307893,1.1844658619307893
2023-09-11 00:00:00+00:00,BRK-B,gbm_quantile,nonsentiment,40,difference,365.5199890136719,363.280858523561,2.239130490110881,2.239130490110881
2023-09-12 00:00:00+00:00,BRK-B,gbm_quantile,nonsentiment,40,difference,367.7799987792969,365.6570436802317,2.122955099065166,2.122955099065166
2023-09-13 00:00:00+00:00,BRK-B,gbm_quantile,nonsentiment,40,difference,367.8200073242188,367.9398663699623,-0.11985904574351025,0.11985904574351025
2023-09-14 00:00:00+00:00,BRK-B,gbm_quantile,nonsentiment,40,difference,369.5,367.9614507807553,1.5385492192447145,1.5385492192447145
2023-09-15 00:00:00+00:00,BRK-B,gbm_quantile,nonsentiment,40,difference,367.8599853515625,369.5597081248945,-1.6997227733319846,1.6997227733319846
2023-09-18 00:00:00+00:00,BRK-B,gbm_quantile,nonsentiment,40,difference,370.4299926757813,367.9444480424597,2.485544633321581,2.485544633321581
2023-09-19 00:00:00+00:00,BRK-B,gbm_quantile,nonsentiment,40,difference,370.4800109863281,370.5055871116569,-0.02557612532876874,0.02557612532876874
2023-09-20 00:00:00+00:00,BRK-B,gbm_quantile,nonsentiment,40,difference,366.8200073242188,370.549174696186,-3.7291673719672076,3.7291673719672076
2023-09-21 00:00:00+00:00,BRK-B,gbm_quantile,nonsentiment,40,difference,363.2799987792969,366.9115234583093,-3.6315246790124434,3.6315246790124434
2023-09-22 00:00:00+00:00,BRK-B,gbm_quantile,nonsentiment,40,difference,360.1600036621094,363.5457986855309,-3.385795023421508,3.385795023421508
2023-09-25 00:00:00+00:00,BRK-B,gbm_quantile,nonsentiment,40,difference,361.7099914550781,360.27426323101145,1.435728224066679,1.435728224066679
2023-09-26 00:00:00+00:00,BRK-B,gbm_quantile,nonsentiment,40,difference,359.4200134277344,361.8107191917031,-2.390705763968697,2.390705763968697
2023-09-27 00:00:00+00:00,BRK-B,gbm_quantile,nonsentiment,40,difference,357.7799987792969,359.5312837715723,-1.7512849922754299,1.7512849922754299
2023-09-28 00:00:00+00:00,BRK-B,gbm_quantile,nonsentiment,40,difference,357.0599975585937,357.84424005482236,-0.7842424962286714,0.7842424962286714
2023-09-29 00:00:00+00:00,BRK-B,gbm_quantile,nonsentiment,40,difference,350.29998779296875,357.1361069110839,-6.836119118115164,6.836119118115164
2023-10-02 00:00:00+00:00,BRK-B,gbm_quantile,nonsentiment,40,difference,348.0799865722656,350.2836274136982,-2.2036408414325592,2.2036408414325592
2023-10-03 00:00:00+00:00,BRK-B,gbm_quantile,nonsentiment,40,difference,343.0400085449219,348.16070350628854,-5.120694961366667,5.120694961366667
2023-10-04 00:00:00+00:00,BRK-B,gbm_quantile,nonsentiment,40,difference,343.69000244140625,343.1964986857633,0.493503755642962,0.493503755642962
2023-10-05 00:00:00+00:00,BRK-B,gbm_quantile,nonsentiment,40,difference,345.0599975585937,343.94353840485223,1.1164591537414594,1.1164591537414594
2023-10-06 00:00:00+00:00,BRK-B,gbm_quantile,nonsentiment,40,difference,346.3399963378906,345.2625491940569,1.0774471438337514,1.0774471438337514
2023-10-09 00:00:00+00:00,BRK-B,gbm_quantile,nonsentiment,40,difference,345.45001220703125,346.62469700937885,-1.174684802347599,1.174684802347599
2023-10-10 00:00:00+00:00,BRK-B,gbm_quantile,nonsentiment,40,difference,348.5599975585937,345.5966914498332,2.9633061087604915,2.9633061087604915
2023-10-11 00:00:00+00:00,BRK-B,gbm_quantile,nonsentiment,40,difference,348.42999267578125,348.7302151974927,-0.30022252171147557,0.30022252171147557
2023-10-12 00:00:00+00:00,BRK-B,gbm_quantile,nonsentiment,40,difference,345.6600036621094,348.5301696294294,-2.8701659673200197,2.8701659673200197
2023-10-13 00:00:00+00:00,BRK-B,gbm_quantile,nonsentiment,40,difference,345.0899963378906,345.8989098645798,-0.8089135266891958,0.8089135266891958
2023-10-16 00:00:00+00:00,BRK-B,gbm_quantile,nonsentiment,40,difference,346.2300109863281,345.3495558480093,0.8804551383188368,0.8804551383188368
2023-10-17 00:00:00+00:00,BRK-B,gbm_quantile,nonsentiment,40,difference,345.3900146484375,346.3270342018662,-0.9370195534286836,0.9370195534286836
2023-10-18 00:00:00+00:00,BRK-B,gbm_quantile,nonsentiment,40,difference,340.8900146484375,345.59498519309636,-4.704970544658863,4.704970544658863
2023-10-19 00:00:00+00:00,BRK-B,gbm_quantile,nonsentiment,40,difference,338.6600036621094,341.13947748284096,-2.4794738207315845,2.4794738207315845
2023-10-20 00:00:00+00:00,BRK-B,gbm_quantile,nonsentiment,40,difference,335.8599853515625,338.9461022392512,-3.0861168876887177,3.0861168876887177
2023-10-23 00:00:00+00:00,BRK-B,gbm_quantile,nonsentiment,40,difference,336.8399963378906,336.01387816571264,0.8261181721779849,0.8261181721779849
2023-10-24 00:00:00+00:00,BRK-B,gbm_quantile,nonsentiment,40,difference,338.6300048828125,336.9539691908212,1.6760356919912738,1.6760356919912738
2023-10-25 00:00:00+00:00,BRK-B,gbm_quantile,nonsentiment,40,difference,336.8999938964844,338.809571574049,-1.9095776775646414,1.9095776775646414
2023-10-26 00:00:00+00:00,BRK-B,gbm_quantile,nonsentiment,40,difference,336.1600036621094,337.05294702659387,-0.8929433644844949,0.8929433644844949
2023-10-27 00:00:00+00:00,BRK-B,gbm_quantile,nonsentiment,40,difference,331.7099914550781,336.2894084499105,-4.5794169948324,4.5794169948324
2023-10-30 00:00:00+00:00,BRK-B,gbm_quantile,nonsentiment,40,difference,337.4100036621094,331.921890019191,5.4881136429183925,5.4881136429183925
2023-10-31 00:00:00+00:00,BRK-B,gbm_quantile,nonsentiment,40,difference,341.3299865722656,337.5439187519103,3.7860678203552993,3.7860678203552993
2023-11-01 00:00:00+00:00,BRK-B,gbm_quantile,nonsentiment,40,difference,343.75,341.4654955712914,2.284504428708601,2.284504428708601
2023-11-02 00:00:00+00:00,BRK-B,gbm_quantile,nonsentiment,40,difference,349.0199890136719,343.8984185135347,5.121570500137182,5.121570500137182
2023-11-03 00:00:00+00:00,BRK-B,gbm_quantile,nonsentiment,40,difference,351.8099975585937,349.18262872609836,2.6273688324953355,2.6273688324953355
2023-11-06 00:00:00+00:00,BRK-B,gbm_quantile,nonsentiment,40,difference,346.6300048828125,351.8840419666895,-5.2540370838769945,5.2540370838769945
2023-11-07 00:00:00+00:00,BRK-B,gbm_quantile,nonsentiment,40,difference,346.1700134277344,346.7333192842219,-0.5633058564875455,0.5633058564875455
2023-11-08 00:00:00+00:00,BRK-B,gbm_quantile,nonsentiment,40,difference,346.29998779296875,346.29552806446776,0.004459728500989968,0.004459728500989968
2023-11-09 00:00:00+00:00,BRK-B,gbm_quantile,nonsentiment,40,difference,348.17999267578125,346.39602181123587,1.7839708645453811,1.7839708645453811
2023-11-10 00:00:00+00:00,BRK-B,gbm_quantile,nonsentiment,40,difference,350.5599975585937,348.37239470461407,2.1876028539796266,2.1876028539796266
2023-11-13 00:00:00+00:00,BRK-B,gbm_quantile,nonsentiment,40,difference,350.010009765625,350.64108033806053,-0.631070572435533,0.631070572435533
2023-11-14 00:00:00+00:00,BRK-B,gbm_quantile,nonsentiment,40,difference,354.25,350.0812558576581,4.168744142341893,4.168744142341893
2023-11-15 00:00:00+00:00,BRK-B,gbm_quantile,nonsentiment,40,difference,356.7900085449219,354.4089208152023,2.3810877297195816,2.3810877297195816
2023-11-16 00:00:00+00:00,BRK-B,gbm_quantile,nonsentiment,40,difference,359.8599853515625,356.9150694367831,2.944915914779415,2.944915914779415
2023-11-17 00:00:00+00:00,BRK-B,gbm_quantile,nonsentiment,40,difference,358.92999267578125,360.0785950575884,-1.1486023818071658,1.1486023818071658
2023-11-20 00:00:00+00:00,BRK-B,gbm_quantile,nonsentiment,40,difference,361.3299865722656,359.0823413794949,2.247645192770733,2.247645192770733
2023-11-21 00:00:00+00:00,BRK-B,gbm_quantile,nonsentiment,40,difference,361.0,361.47363575898316,-0.4736357589831641,0.4736357589831641
2023-11-22 00:00:00+00:00,BRK-B,gbm_quantile,nonsentiment,40,difference,361.7999877929688,361.1474381734382,0.6525496195305891,0.6525496195305891
2023-11-24 00:00:00+00:00,BRK-B,gbm_quantile,nonsentiment,40,difference,362.6799926757813,361.8930670403339,0.7869256354474032,0.7869256354474032
2023-11-27 00:00:00+00:00,BRK-B,gbm_quantile,nonsentiment,40,difference,361.3399963378906,362.7823614321857,-1.4423650942950985,1.4423650942950985
2023-11-28 00:00:00+00:00,BRK-B,gbm_quantile,nonsentiment,40,difference,360.04998779296875,361.49015592729916,-1.4401681343304062,1.4401681343304062
2023-11-29 00:00:00+00:00,BRK-B,gbm_quantile,nonsentiment,40,difference,358.69000244140625,360.2859108483668,-1.5959084069605751,1.5959084069605751
2023-11-30 00:00:00+00:00,BRK-B,gbm_quantile,nonsentiment,40,difference,360.0,358.89819342368077,1.101806576319234,1.101806576319234
2023-12-01 00:00:00+00:00,BRK-B,gbm_quantile,nonsentiment,40,difference,357.07000732421875,360.12381691209947,-3.053809587880721,3.053809587880721
2023-12-04 00:00:00+00:00,BRK-B,gbm_quantile,nonsentiment,40,difference,356.6600036621094,357.21422043582646,-0.5542167737170871,0.5542167737170871
2023-12-05 00:00:00+00:00,BRK-B,gbm_quantile,nonsentiment,40,difference,355.0299987792969,356.8192369020812,-1.7892381227842975,1.7892381227842975
2023-12-06 00:00:00+00:00,BRK-B,gbm_quantile,nonsentiment,40,difference,352.3800048828125,355.1922013426595,-2.812196459846973,2.812196459846973
2023-12-07 00:00:00+00:00,BRK-B,gbm_quantile,nonsentiment,40,difference,352.70001220703125,352.5174482434617,0.18256396356957794,0.18256396356957794
2023-12-08 00:00:00+00:00,BRK-B,gbm_quantile,nonsentiment,40,difference,353.0799865722656,352.8632906026986,0.21669596956701298,0.21669596956701298
2023-12-11 00:00:00+00:00,BRK-B,gbm_quantile,nonsentiment,40,difference,357.0599975585937,353.2543293622492,3.8056681963444703,3.8056681963444703
2023-12-12 00:00:00+00:00,BRK-B,gbm_quantile,nonsentiment,40,difference,360.0199890136719,357.2245134295906,2.7954755840812595,2.7954755840812595
2023-12-13 00:00:00+00:00,BRK-B,gbm_quantile,nonsentiment,40,difference,362.0299987792969,360.10583436684897,1.924164412447908,1.924164412447908
2023-12-14 00:00:00+00:00,BRK-B,gbm_quantile,nonsentiment,40,difference,358.1199951171875,362.1952933123341,-4.075298195146615,4.075298195146615
2023-12-15 00:00:00+00:00,BRK-B,gbm_quantile,nonsentiment,40,difference,356.5,358.2954823064146,-1.7954823064146126,1.7954823064146126
