Date,Stock,Model,Mode,Lag_Count,Target_Transform,Actual,Predicted,Residual,Absolute_Error
2021-03-11 00:00:00+00:00,ORCL,gbm_quantile,nonsentiment,50,difference,67.41000366210938,72.4629560015486,-5.05295233943923,5.05295233943923
2021-03-12 00:00:00+00:00,ORCL,gbm_quantile,nonsentiment,50,difference,67.16000366210938,67.75107109839641,-0.5910674362870338,0.5910674362870338
2021-03-15 00:00:00+00:00,ORCL,gbm_quantile,nonsentiment,50,difference,67.7300033569336,67.38879178938252,0.3412115675510705,0.3412115675510705
2021-03-16 00:00:00+00:00,ORCL,gbm_quantile,nonsentiment,50,difference,66.8499984741211,68.05958650845558,-1.2095880343344874,1.2095880343344874
2021-03-17 00:00:00+00:00,ORCL,gbm_quantile,nonsentiment,50,difference,66.22000122070312,67.10642973922756,-0.8864285185244398,0.8864285185244398
2021-03-18 00:00:00+00:00,ORCL,gbm_quantile,nonsentiment,50,difference,66.73999786376953,66.67252635223757,0.06747151153196285,0.06747151153196285
2021-03-19 00:00:00+00:00,ORCL,gbm_quantile,nonsentiment,50,difference,66.26000213623047,67.26154813808448,-1.0015460018540097,1.0015460018540097
2021-03-22 00:00:00+00:00,ORCL,gbm_quantile,nonsentiment,50,difference,66.31999969482422,66.70356080267345,-0.38356110784923203,0.38356110784923203
2021-03-23 00:00:00+00:00,ORCL,gbm_quantile,nonsentiment,50,difference,67.2699966430664,66.68955888279666,0.5804377602697457,0.5804377602697457
2021-03-24 00:00:00+00:00,ORCL,gbm_quantile,nonsentiment,50,difference,66.83000183105469,67.62072088605517,-0.7907190550004799,0.7907190550004799
2021-03-25 00:00:00+00:00,ORCL,gbm_quantile,nonsentiment,50,difference,68.62999725341797,67.14121347881444,1.488783774603533,1.488783774603533
2021-03-26 00:00:00+00:00,ORCL,gbm_quantile,nonsentiment,50,difference,70.25,68.95639427233564,1.2936057276643567,1.2936057276643567
2021-03-29 00:00:00+00:00,ORCL,gbm_quantile,nonsentiment,50,difference,71.12999725341797,70.54950870474032,0.5804885486776499,0.5804885486776499
2021-03-30 00:00:00+00:00,ORCL,gbm_quantile,nonsentiment,50,difference,70.55000305175781,71.30015726157909,-0.7501542098212752,0.7501542098212752
2021-03-31 00:00:00+00:00,ORCL,gbm_quantile,nonsentiment,50,difference,70.16999816894531,70.98002165120705,-0.8100234822617409,0.8100234822617409
2021-04-01 00:00:00+00:00,ORCL,gbm_quantile,nonsentiment,50,difference,71.80999755859375,70.23774009513865,1.5722574634551023,1.5722574634551023
2021-04-05 00:00:00+00:00,ORCL,gbm_quantile,nonsentiment,50,difference,74.16000366210938,72.06575572137608,2.094247940733297,2.094247940733297
2021-04-06 00:00:00+00:00,ORCL,gbm_quantile,nonsentiment,50,difference,74.27999877929688,74.3658109991502,-0.08581221985332377,0.08581221985332377
2021-04-07 00:00:00+00:00,ORCL,gbm_quantile,nonsentiment,50,difference,74.06999969482422,74.5090113329687,-0.4390116381444784,0.4390116381444784
2021-04-08 00:00:00+00:00,ORCL,gbm_quantile,nonsentiment,50,difference,75.27999877929688,74.30232640546599,0.9776723738308846,0.9776723738308846
2021-04-09 00:00:00+00:00,ORCL,gbm_quantile,nonsentiment,50,difference,75.58000183105469,75.29576407586046,0.28423775519422634,0.28423775519422634
2021-04-12 00:00:00+00:00,ORCL,gbm_quantile,nonsentiment,50,difference,76.12000274658203,75.71958588925051,0.4004168573315212,0.4004168573315212
2021-04-13 00:00:00+00:00,ORCL,gbm_quantile,nonsentiment,50,difference,76.66999816894531,76.3437894406453,0.326208728300017,0.326208728300017
2021-04-14 00:00:00+00:00,ORCL,gbm_quantile,nonsentiment,50,difference,76.81999969482422,76.81486277491415,0.005136919910071924,0.005136919910071924
2021-04-15 00:00:00+00:00,ORCL,gbm_quantile,nonsentiment,50,difference,78.29000091552734,77.00637779486297,1.2836231206643731,1.2836231206643731
2021-04-16 00:00:00+00:00,ORCL,gbm_quantile,nonsentiment,50,difference,78.94999694824219,78.4300045747633,0.5199923734788854,0.5199923734788854
2021-04-19 00:00:00+00:00,ORCL,gbm_quantile,nonsentiment,50,difference,78.75,79.12725416303881,-0.3772541630388133,0.3772541630388133
2021-04-20 00:00:00+00:00,ORCL,gbm_quantile,nonsentiment,50,difference,79.23999786376953,79.05294856673873,0.18704929703079642,0.18704929703079642
2021-04-21 00:00:00+00:00,ORCL,gbm_quantile,nonsentiment,50,difference,76.66000366210938,79.45948629067533,-2.799482628565954,2.799482628565954
2021-04-22 00:00:00+00:00,ORCL,gbm_quantile,nonsentiment,50,difference,74.87000274658203,76.84492820237759,-1.9749254557955567,1.9749254557955567
2021-04-23 00:00:00+00:00,ORCL,gbm_quantile,nonsentiment,50,difference,74.97000122070312,75.02213863377614,-0.05213741307301234,0.05213741307301234
2021-04-26 00:00:00+00:00,ORCL,gbm_quantile,nonsentiment,50,difference,74.5,75.25641098849091,-0.7564109884909129,0.7564109884909129
2021-04-27 00:00:00+00:00,ORCL,gbm_quantile,nonsentiment,50,difference,75.22000122070312,74.76418293676052,0.45581828394260526,0.45581828394260526
2021-04-28 00:00:00+00:00,ORCL,gbm_quantile,nonsentiment,50,difference,74.7699966430664,75.43833042691641,-0.6683337838500023,0.6683337838500023
2021-04-29 00:00:00+00:00,ORCL,gbm_quantile,nonsentiment,50,difference,75.87000274658203,74.88209198635374,0.9879107602282886,0.9879107602282886
2021-04-30 00:00:00+00:00,ORCL,gbm_quantile,nonsentiment,50,difference,75.79000091552734,75.86811519487223,-0.0781142793448879,0.0781142793448879
2021-05-03 00:00:00+00:00,ORCL,gbm_quantile,nonsentiment,50,difference,77.33000183105469,75.89415799748551,1.43584383356918,1.43584383356918
2021-05-04 00:00:00+00:00,ORCL,gbm_quantile,nonsentiment,50,difference,78.52999877929688,77.56810750105859,0.9618912782382836,0.9618912782382836
2021-05-05 00:00:00+00:00,ORCL,gbm_quantile,nonsentiment,50,difference,79.19000244140625,78.76355988810894,0.4264425532973064,0.4264425532973064
2021-05-06 00:00:00+00:00,ORCL,gbm_quantile,nonsentiment,50,difference,79.73999786376953,79.28392350454783,0.45607435922170225,0.45607435922170225
2021-05-07 00:00:00+00:00,ORCL,gbm_quantile,nonsentiment,50,difference,80.4000015258789,79.90692352551305,0.4930780003658555,0.4930780003658555
2021-05-10 00:00:00+00:00,ORCL,gbm_quantile,nonsentiment,50,difference,80.1500015258789,80.60319620769587,-0.4531946818169672,0.4531946818169672
2021-05-11 00:00:00+00:00,ORCL,gbm_quantile,nonsentiment,50,difference,77.69000244140625,80.33639835877324,-2.6463959173669878,2.6463959173669878
2021-05-12 00:00:00+00:00,ORCL,gbm_quantile,nonsentiment,50,difference,76.75,77.83583800534007,-1.0858380053400651,1.0858380053400651
2021-05-13 00:00:00+00:00,ORCL,gbm_quantile,nonsentiment,50,difference,78.13999938964844,76.9245288133394,1.2154705763090305,1.2154705763090305
2021-05-14 00:00:00+00:00,ORCL,gbm_quantile,nonsentiment,50,difference,78.88999938964844,78.30811291896278,0.5818864706856601,0.5818864706856601
2021-05-17 00:00:00+00:00,ORCL,gbm_quantile,nonsentiment,50,difference,79.08000183105469,79.21250467640868,-0.13250284535399715,0.13250284535399715
2021-05-18 00:00:00+00:00,ORCL,gbm_quantile,nonsentiment,50,difference,78.69000244140625,79.12658714895754,-0.4365847075512903,0.4365847075512903
2021-05-19 00:00:00+00:00,ORCL,gbm_quantile,nonsentiment,50,difference,78.73999786376953,78.73315203355273,0.006845830216803961,0.006845830216803961
2021-05-20 00:00:00+00:00,ORCL,gbm_quantile,nonsentiment,50,difference,78.72000122070312,78.85979232933245,-0.13979110862932487,0.13979110862932487
2021-05-21 00:00:00+00:00,ORCL,gbm_quantile,nonsentiment,50,difference,79.02999877929688,78.88526751245053,0.14473126684634963,0.14473126684634963
2021-05-24 00:00:00+00:00,ORCL,gbm_quantile,nonsentiment,50,difference,79.37999725341797,79.1512732003335,0.22872405308446275,0.22872405308446275
2021-05-25 00:00:00+00:00,ORCL,gbm_quantile,nonsentiment,50,difference,78.83000183105469,79.41974622689158,-0.5897443958368882,0.5897443958368882
2021-05-26 00:00:00+00:00,ORCL,gbm_quantile,nonsentiment,50,difference,79.26000213623047,78.86777533054892,0.39222680568154544,0.39222680568154544
2021-05-27 00:00:00+00:00,ORCL,gbm_quantile,nonsentiment,50,difference,78.9800033569336,79.40860634422086,-0.4286029872872632,0.4286029872872632
2021-05-28 00:00:00+00:00,ORCL,gbm_quantile,nonsentiment,50,difference,78.73999786376953,79.19130052244422,-0.45130265867469177,0.45130265867469177
2021-06-01 00:00:00+00:00,ORCL,gbm_quantile,nonsentiment,50,difference,79.56999969482422,78.92263931449399,0.6473603803302268,0.6473603803302268
2021-06-02 00:00:00+00:00,ORCL,gbm_quantile,nonsentiment,50,difference,80.2699966430664,79.61644234917813,0.653554293888277,0.653554293888277
2021-06-03 00:00:00+00:00,ORCL,gbm_quantile,nonsentiment,50,difference,81.08999633789062,80.30347039073888,0.7865259471517447,0.7865259471517447
2021-06-04 00:00:00+00:00,ORCL,gbm_quantile,nonsentiment,50,difference,82.88999938964844,81.31494909091462,1.5750502987338137,1.5750502987338137
2021-06-07 00:00:00+00:00,ORCL,gbm_quantile,nonsentiment,50,difference,83.94000244140625,83.1292712552709,0.8107311861353566,0.8107311861353566
2021-06-08 00:00:00+00:00,ORCL,gbm_quantile,nonsentiment,50,difference,84.61000061035156,84.05484348116714,0.5551571291844226,0.5551571291844226
2021-06-09 00:00:00+00:00,ORCL,gbm_quantile,nonsentiment,50,difference,84.5199966430664,84.82103366044433,-0.3010370173779222,0.3010370173779222
2021-06-10 00:00:00+00:00,ORCL,gbm_quantile,nonsentiment,50,difference,82.30000305175781,84.6900597170111,-2.390056665253283,2.390056665253283
2021-06-11 00:00:00+00:00,ORCL,gbm_quantile,nonsentiment,50,difference,82.9000015258789,82.42191155275775,0.47808997312115764,0.47808997312115764
2021-06-14 00:00:00+00:00,ORCL,gbm_quantile,nonsentiment,50,difference,82.62000274658203,83.0117576880694,-0.39175494148736334,0.39175494148736334
2021-06-15 00:00:00+00:00,ORCL,gbm_quantile,nonsentiment,50,difference,81.63999938964844,82.87361831335609,-1.2336189237076525,1.2336189237076525
2021-06-16 00:00:00+00:00,ORCL,gbm_quantile,nonsentiment,50,difference,77.08000183105469,81.78124433531572,-4.701242504261032,4.701242504261032
2021-06-17 00:00:00+00:00,ORCL,gbm_quantile,nonsentiment,50,difference,77.55999755859375,77.19866114636628,0.36133641222747315,0.36133641222747315
2021-06-18 00:00:00+00:00,ORCL,gbm_quantile,nonsentiment,50,difference,76.2300033569336,77.5281419634213,-1.2981386064877114,1.2981386064877114
2021-06-21 00:00:00+00:00,ORCL,gbm_quantile,nonsentiment,50,difference,77.98999786376953,76.28213793513181,1.707859928637717,1.707859928637717
2021-06-22 00:00:00+00:00,ORCL,gbm_quantile,nonsentiment,50,difference,78.68000030517578,78.08926883765956,0.5907314675162212,0.5907314675162212
2021-06-23 00:00:00+00:00,ORCL,gbm_quantile,nonsentiment,50,difference,78.0999984741211,78.81294673228365,-0.7129482581625552,0.7129482581625552
2021-06-24 00:00:00+00:00,ORCL,gbm_quantile,nonsentiment,50,difference,77.73999786376953,78.22396742342397,-0.4839695596544402,0.4839695596544402
2021-06-25 00:00:00+00:00,ORCL,gbm_quantile,nonsentiment,50,difference,78.45999908447266,77.84328821085931,0.6167108736133429,0.6167108736133429
2021-06-28 00:00:00+00:00,ORCL,gbm_quantile,nonsentiment,50,difference,78.5,78.65931389166893,-0.15931389166892984,0.15931389166892984
2021-06-29 00:00:00+00:00,ORCL,gbm_quantile,nonsentiment,50,difference,78.0999984741211,78.46606681708688,-0.3660683429657894,0.3660683429657894
2021-06-30 00:00:00+00:00,ORCL,gbm_quantile,nonsentiment,50,difference,77.83999633789062,77.96953035069984,-0.1295340128092164,0.1295340128092164
2021-07-01 00:00:00+00:00,ORCL,gbm_quantile,nonsentiment,50,difference,79.54000091552734,77.87504644174608,1.6649544737812647,1.6649544737812647
2021-07-02 00:00:00+00:00,ORCL,gbm_quantile,nonsentiment,50,difference,81.81999969482422,79.70238460637674,2.1176150884474794,2.1176150884474794
2021-07-06 00:00:00+00:00,ORCL,gbm_quantile,nonsentiment,50,difference,83.08000183105469,81.88917884370994,1.1908229873447453,1.1908229873447453
2021-07-07 00:00:00+00:00,ORCL,gbm_quantile,nonsentiment,50,difference,86.08999633789062,83.15497505555768,2.93502128233294,2.93502128233294
2021-07-08 00:00:00+00:00,ORCL,gbm_quantile,nonsentiment,50,difference,85.58999633789062,86.16893762896534,-0.5789412910747131,0.5789412910747131
2021-07-09 00:00:00+00:00,ORCL,gbm_quantile,nonsentiment,50,difference,87.76000213623047,85.75630802566188,2.0036941105685884,2.0036941105685884
2021-07-12 00:00:00+00:00,ORCL,gbm_quantile,nonsentiment,50,difference,87.08000183105469,87.99125937774588,-0.9112575466911892,0.9112575466911892
2021-07-13 00:00:00+00:00,ORCL,gbm_quantile,nonsentiment,50,difference,87.06999969482422,87.10927641325445,-0.03927671843023006,0.03927671843023006
2021-07-14 00:00:00+00:00,ORCL,gbm_quantile,nonsentiment,50,difference,88.27999877929688,87.2708071525724,1.0091916267244727,1.0091916267244727
2021-07-15 00:00:00+00:00,ORCL,gbm_quantile,nonsentiment,50,difference,86.23999786376953,88.49677959429177,-2.256781730522235,2.256781730522235
2021-07-16 00:00:00+00:00,ORCL,gbm_quantile,nonsentiment,50,difference,87.48999786376953,86.42336456375162,1.0666333000179122,1.0666333000179122
2021-07-19 00:00:00+00:00,ORCL,gbm_quantile,nonsentiment,50,difference,86.9800033569336,87.70159083901333,-0.721587482079741,0.721587482079741
2021-07-20 00:00:00+00:00,ORCL,gbm_quantile,nonsentiment,50,difference,88.66000366210938,87.12083306379114,1.5391705983182362,1.5391705983182362
2021-07-21 00:00:00+00:00,ORCL,gbm_quantile,nonsentiment,50,difference,89.69000244140625,88.67786714873806,1.0121352926681908,1.0121352926681908
2021-07-22 00:00:00+00:00,ORCL,gbm_quantile,nonsentiment,50,difference,90.69000244140624,89.68171354834762,1.0082888930586194,1.0082888930586194
2021-07-23 00:00:00+00:00,ORCL,gbm_quantile,nonsentiment,50,difference,87.69000244140625,90.7692361426273,-3.0792337012210567,3.0792337012210567
2021-07-26 00:00:00+00:00,ORCL,gbm_quantile,nonsentiment,50,difference,87.86000061035156,87.90857948089867,-0.04857887054710375,0.04857887054710375
2021-07-27 00:00:00+00:00,ORCL,gbm_quantile,nonsentiment,50,difference,87.80000305175781,88.09155444714135,-0.2915513953835358,0.2915513953835358
2021-07-28 00:00:00+00:00,ORCL,gbm_quantile,nonsentiment,50,difference,87.18000030517578,87.9999516808978,-0.8199513757220132,0.8199513757220132
2021-07-29 00:00:00+00:00,ORCL,gbm_quantile,nonsentiment,50,difference,87.62999725341797,87.2485766820609,0.38142057135706864,0.38142057135706864
2021-07-30 00:00:00+00:00,ORCL,gbm_quantile,nonsentiment,50,difference,87.13999938964844,87.6011957064728,-0.46119631682435624,0.46119631682435624
2021-08-02 00:00:00+00:00,ORCL,gbm_quantile,nonsentiment,50,difference,87.5999984741211,87.23120685857657,0.36879161554452367,0.36879161554452367
2021-08-03 00:00:00+00:00,ORCL,gbm_quantile,nonsentiment,50,difference,89.73999786376953,87.58297294103794,2.157024922731594,2.157024922731594
2021-08-04 00:00:00+00:00,ORCL,gbm_quantile,nonsentiment,50,difference,90.05000305175781,89.84661411295389,0.2033889388039256,0.2033889388039256
2021-08-05 00:00:00+00:00,ORCL,gbm_quantile,nonsentiment,50,difference,89.43000030517578,90.065852355311,-0.6358520501352132,0.6358520501352132
2021-08-06 00:00:00+00:00,ORCL,gbm_quantile,nonsentiment,50,difference,89.5199966430664,89.4646540981714,0.055342544895012225,0.055342544895012225
2021-08-09 00:00:00+00:00,ORCL,gbm_quantile,nonsentiment,50,difference,89.9000015258789,89.57559407026726,0.32440745561164874,0.32440745561164874
2021-08-10 00:00:00+00:00,ORCL,gbm_quantile,nonsentiment,50,difference,89.63999938964844,89.6458595140759,-0.005860124427456981,0.005860124427456981
2021-08-11 00:00:00+00:00,ORCL,gbm_quantile,nonsentiment,50,difference,89.62999725341797,89.31871234475852,0.31128490865944514,0.31128490865944514
2021-08-12 00:00:00+00:00,ORCL,gbm_quantile,nonsentiment,50,difference,89.80999755859375,89.4656350612945,0.34436249729924384,0.34436249729924384
2021-08-13 00:00:00+00:00,ORCL,gbm_quantile,nonsentiment,50,difference,90.37999725341795,89.5684896542638,0.8115075991541545,0.8115075991541545
2021-08-16 00:00:00+00:00,ORCL,gbm_quantile,nonsentiment,50,difference,90.81999969482422,90.16163170830343,0.658367986520787,0.658367986520787
2021-08-17 00:00:00+00:00,ORCL,gbm_quantile,nonsentiment,50,difference,90.9499969482422,90.82922602315841,0.1207709250837894,0.1207709250837894
2021-08-18 00:00:00+00:00,ORCL,gbm_quantile,nonsentiment,50,difference,88.94000244140625,91.03175229713405,-2.091749855727798,2.091749855727798
2021-08-19 00:00:00+00:00,ORCL,gbm_quantile,nonsentiment,50,difference,88.70999908447266,89.01353251596532,-0.3035334314926672,0.3035334314926672
2021-08-20 00:00:00+00:00,ORCL,gbm_quantile,nonsentiment,50,difference,88.94000244140625,88.923106382668,0.016896058738254283,0.016896058738254283
2021-08-23 00:00:00+00:00,ORCL,gbm_quantile,nonsentiment,50,difference,89.12000274658203,89.03746545752168,0.08253728906035462,0.08253728906035462
2021-08-24 00:00:00+00:00,ORCL,gbm_quantile,nonsentiment,50,difference,88.55000305175781,89.12800474097489,-0.578001689217075,0.578001689217075
2021-08-25 00:00:00+00:00,ORCL,gbm_quantile,nonsentiment,50,difference,88.62000274658203,88.65183235711939,-0.03182961053735767,0.03182961053735767
2021-08-26 00:00:00+00:00,ORCL,gbm_quantile,nonsentiment,50,difference,88.72000122070312,88.51295703419635,0.2070441865067778,0.2070441865067778
2021-08-27 00:00:00+00:00,ORCL,gbm_quantile,nonsentiment,50,difference,89.3499984741211,88.96008443671643,0.38991403740466524,0.38991403740466524
2021-08-30 00:00:00+00:00,ORCL,gbm_quantile,nonsentiment,50,difference,89.44999694824219,89.29832291531939,0.15167403292279857,0.15167403292279857
2021-08-31 00:00:00+00:00,ORCL,gbm_quantile,nonsentiment,50,difference,89.12999725341797,89.38549419001328,-0.25549693659530703,0.25549693659530703
2021-09-01 00:00:00+00:00,ORCL,gbm_quantile,nonsentiment,50,difference,89.94999694824219,88.94150442762206,1.0084925206201234,1.0084925206201234
2021-09-02 00:00:00+00:00,ORCL,gbm_quantile,nonsentiment,50,difference,89.80000305175781,89.97420566826868,-0.17420261651086832,0.17420261651086832
2021-09-03 00:00:00+00:00,ORCL,gbm_quantile,nonsentiment,50,difference,90.0,90.09249455513714,-0.09249455513713656,0.09249455513713656
2021-09-07 00:00:00+00:00,ORCL,gbm_quantile,nonsentiment,50,difference,88.72000122070312,90.28542594162815,-1.565424720925023,1.565424720925023
2021-09-08 00:00:00+00:00,ORCL,gbm_quantile,nonsentiment,50,difference,89.47000122070312,88.96629414738247,0.5037070733206548,0.5037070733206548
2021-09-09 00:00:00+00:00,ORCL,gbm_quantile,nonsentiment,50,difference,89.54000091552734,89.76039249783325,-0.22039158230590772,0.22039158230590772
2021-09-10 00:00:00+00:00,ORCL,gbm_quantile,nonsentiment,50,difference,89.68000030517578,89.70923280646791,-0.029232501292128177,0.029232501292128177
2021-09-13 00:00:00+00:00,ORCL,gbm_quantile,nonsentiment,50,difference,88.88999938964844,89.92889918451154,-1.0388997948630987,1.0388997948630987
2021-09-14 00:00:00+00:00,ORCL,gbm_quantile,nonsentiment,50,difference,86.38999938964844,89.05806505076738,-2.668065661118945,2.668065661118945
2021-09-15 00:00:00+00:00,ORCL,gbm_quantile,nonsentiment,50,difference,87.7300033569336,86.40294456258785,1.3270587943457457,1.3270587943457457
2021-09-16 00:00:00+00:00,ORCL,gbm_quantile,nonsentiment,50,difference,87.25,87.81247062103598,-0.5624706210359847,0.5624706210359847
2021-09-17 00:00:00+00:00,ORCL,gbm_quantile,nonsentiment,50,difference,86.38999938964844,87.15651666586368,-0.7665172762152395,0.7665172762152395
2021-09-20 00:00:00+00:00,ORCL,gbm_quantile,nonsentiment,50,difference,86.16999816894531,86.37619594685309,-0.20619777790777505,0.20619777790777505
2021-09-21 00:00:00+00:00,ORCL,gbm_quantile,nonsentiment,50,difference,86.91999816894531,86.30293454500502,0.6170636239402967,0.6170636239402967
2021-09-22 00:00:00+00:00,ORCL,gbm_quantile,nonsentiment,50,difference,88.44000244140625,86.92168255747085,1.5183198839354048,1.5183198839354048
2021-09-23 00:00:00+00:00,ORCL,gbm_quantile,nonsentiment,50,difference,89.41999816894531,88.63534546314142,0.784652705803893,0.784652705803893
2021-09-24 00:00:00+00:00,ORCL,gbm_quantile,nonsentiment,50,difference,89.94000244140625,89.82834251620292,0.11165992520332679,0.11165992520332679
2021-09-27 00:00:00+00:00,ORCL,gbm_quantile,nonsentiment,50,difference,91.04000091552734,90.0614769833314,0.9785239321959409,0.9785239321959409
2021-09-28 00:00:00+00:00,ORCL,gbm_quantile,nonsentiment,50,difference,90.48999786376952,91.30369822876041,-0.8137003649908934,0.8137003649908934
2021-09-29 00:00:00+00:00,ORCL,gbm_quantile,nonsentiment,50,difference,91.25,90.66428842280682,0.5857115771931802,0.5857115771931802
2021-09-30 00:00:00+00:00,ORCL,gbm_quantile,nonsentiment,50,difference,87.12999725341797,91.27674708066012,-4.146749827242147,4.146749827242147
2021-10-01 00:00:00+00:00,ORCL,gbm_quantile,nonsentiment,50,difference,89.73999786376953,87.44342874334416,2.2965691204253744,2.2965691204253744
2021-10-04 00:00:00+00:00,ORCL,gbm_quantile,nonsentiment,50,difference,89.26000213623047,89.7149866936494,-0.45498455741892485,0.45498455741892485
2021-10-05 00:00:00+00:00,ORCL,gbm_quantile,nonsentiment,50,difference,91.48999786376952,89.35008413193961,2.139913731829907,2.139913731829907
2021-10-06 00:00:00+00:00,ORCL,gbm_quantile,nonsentiment,50,difference,91.33999633789062,91.6557114640753,-0.3157151261846707,0.3157151261846707
2021-10-07 00:00:00+00:00,ORCL,gbm_quantile,nonsentiment,50,difference,92.30999755859376,91.47637529044036,0.8336222681534053,0.8336222681534053
2021-10-08 00:00:00+00:00,ORCL,gbm_quantile,nonsentiment,50,difference,94.38999938964844,92.4960511114893,1.8939482781591437,1.8939482781591437
2021-10-11 00:00:00+00:00,ORCL,gbm_quantile,nonsentiment,50,difference,95.29000091552734,94.54248589119862,0.7475150243287203,0.7475150243287203
2021-10-12 00:00:00+00:00,ORCL,gbm_quantile,nonsentiment,50,difference,95.56999969482422,95.44522295973154,0.12477673509268072,0.12477673509268072
2021-10-13 00:00:00+00:00,ORCL,gbm_quantile,nonsentiment,50,difference,96.4000015258789,95.72506622461412,0.6749353012647816,0.6749353012647816
2021-10-14 00:00:00+00:00,ORCL,gbm_quantile,nonsentiment,50,difference,95.27999877929688,96.46018913234275,-1.180190353045873,1.180190353045873
2021-10-15 00:00:00+00:00,ORCL,gbm_quantile,nonsentiment,50,difference,95.33000183105467,95.18804798576939,0.1419538452852862,0.1419538452852862
2021-10-18 00:00:00+00:00,ORCL,gbm_quantile,nonsentiment,50,difference,96.51000213623048,95.60046400609411,0.9095381301363687,0.9095381301363687
2021-10-19 00:00:00+00:00,ORCL,gbm_quantile,nonsentiment,50,difference,97.05999755859376,96.68765001710143,0.3723475414923314,0.3723475414923314
2021-10-20 00:00:00+00:00,ORCL,gbm_quantile,nonsentiment,50,difference,96.63999938964844,96.75807939996402,-0.11808001031558035,0.11808001031558035
2021-10-21 00:00:00+00:00,ORCL,gbm_quantile,nonsentiment,50,difference,96.3000030517578,96.47343534027434,-0.17343228851653691,0.17343228851653691
2021-10-22 00:00:00+00:00,ORCL,gbm_quantile,nonsentiment,50,difference,98.25,96.02270539214089,2.2272946078591076,2.2272946078591076
2021-10-25 00:00:00+00:00,ORCL,gbm_quantile,nonsentiment,50,difference,97.88999938964844,98.18156861512847,-0.29156922548003195,0.29156922548003195
2021-10-26 00:00:00+00:00,ORCL,gbm_quantile,nonsentiment,50,difference,96.9800033569336,97.79684734033268,-0.8168439833990817,0.8168439833990817
2021-10-27 00:00:00+00:00,ORCL,gbm_quantile,nonsentiment,50,difference,96.02999877929688,96.9711980580192,-0.9411992787223227,0.9411992787223227
2021-10-28 00:00:00+00:00,ORCL,gbm_quantile,nonsentiment,50,difference,96.2300033569336,95.91977898708,0.3102243698536,0.3102243698536
2021-10-29 00:00:00+00:00,ORCL,gbm_quantile,nonsentiment,50,difference,95.94000244140624,96.19706018066279,-0.2570577392565525,0.2570577392565525
2021-11-01 00:00:00+00:00,ORCL,gbm_quantile,nonsentiment,50,difference,94.37999725341795,95.93962808883224,-1.559630835414282,1.559630835414282
2021-11-02 00:00:00+00:00,ORCL,gbm_quantile,nonsentiment,50,difference,95.87000274658205,94.36368055122269,1.5063221953593597,1.5063221953593597
2021-11-03 00:00:00+00:00,ORCL,gbm_quantile,nonsentiment,50,difference,96.1500015258789,95.97238344598219,0.17761807989671752,0.17761807989671752
2021-11-04 00:00:00+00:00,ORCL,gbm_quantile,nonsentiment,50,difference,95.62999725341795,95.93976482563228,-0.3097675722143265,0.3097675722143265
2021-11-05 00:00:00+00:00,ORCL,gbm_quantile,nonsentiment,50,difference,94.9499969482422,95.44416953693816,-0.49417258869596026,0.49417258869596026
2021-11-08 00:00:00+00:00,ORCL,gbm_quantile,nonsentiment,50,difference,95.13999938964844,94.81612246968753,0.3238769199609095,0.3238769199609095
2021-11-09 00:00:00+00:00,ORCL,gbm_quantile,nonsentiment,50,difference,94.58999633789062,95.10298390634334,-0.512987568452715,0.512987568452715
2021-11-10 00:00:00+00:00,ORCL,gbm_quantile,nonsentiment,50,difference,93.83000183105467,94.32677815452399,-0.49677632346931944,0.49677632346931944
2021-11-11 00:00:00+00:00,ORCL,gbm_quantile,nonsentiment,50,difference,94.04000091552734,93.66186978954407,0.37813112598327336,0.37813112598327336
2021-11-12 00:00:00+00:00,ORCL,gbm_quantile,nonsentiment,50,difference,93.54000091552734,93.91838785615248,-0.3783869406251341,0.3783869406251341
2021-11-15 00:00:00+00:00,ORCL,gbm_quantile,nonsentiment,50,difference,94.0199966430664,93.53495390891318,0.4850427341532253,0.4850427341532253
2021-11-16 00:00:00+00:00,ORCL,gbm_quantile,nonsentiment,50,difference,95.61000061035156,93.80319836041257,1.8068022499389969,1.8068022499389969
2021-11-17 00:00:00+00:00,ORCL,gbm_quantile,nonsentiment,50,difference,95.33000183105467,95.683165792784,-0.3531639617293223,0.3531639617293223
2021-11-18 00:00:00+00:00,ORCL,gbm_quantile,nonsentiment,50,difference,94.66000366210938,95.32612202857635,-0.666118366466975,0.666118366466975
2021-11-19 00:00:00+00:00,ORCL,gbm_quantile,nonsentiment,50,difference,93.97000122070312,94.45544176567822,-0.48544054497509137,0.48544054497509137
2021-11-22 00:00:00+00:00,ORCL,gbm_quantile,nonsentiment,50,difference,94.61000061035156,94.04912245102136,0.5608781593302012,0.5608781593302012
2021-11-23 00:00:00+00:00,ORCL,gbm_quantile,nonsentiment,50,difference,92.94000244140624,94.64567362470461,-1.705671183298378,1.705671183298378
2021-11-24 00:00:00+00:00,ORCL,gbm_quantile,nonsentiment,50,difference,93.58000183105467,92.94084141429633,0.6391604167583438,0.6391604167583438
2021-11-26 00:00:00+00:00,ORCL,gbm_quantile,nonsentiment,50,difference,92.33000183105467,93.74088389168229,-1.410882060627614,1.410882060627614
2021-11-29 00:00:00+00:00,ORCL,gbm_quantile,nonsentiment,50,difference,92.94000244140624,92.36926112553888,0.5707413158673518,0.5707413158673518
2021-11-30 00:00:00+00:00,ORCL,gbm_quantile,nonsentiment,50,difference,90.73999786376952,92.88027288456085,-2.1402750207913357,2.1402750207913357
2021-12-01 00:00:00+00:00,ORCL,gbm_quantile,nonsentiment,50,difference,89.75,90.66741213880809,-0.9174121388080891,0.9174121388080891
2021-12-02 00:00:00+00:00,ORCL,gbm_quantile,nonsentiment,50,difference,89.98999786376953,89.90044748387851,0.08955037989102266,0.08955037989102266
2021-12-03 00:00:00+00:00,ORCL,gbm_quantile,nonsentiment,50,difference,88.23999786376953,90.12366930799607,-1.883671444226536,1.883671444226536
2021-12-06 00:00:00+00:00,ORCL,gbm_quantile,nonsentiment,50,difference,88.94000244140625,88.27041878152329,0.6695836598829601,0.6695836598829601
2021-12-07 00:00:00+00:00,ORCL,gbm_quantile,nonsentiment,50,difference,90.05000305175781,89.12774672002962,0.9222563317281924,0.9222563317281924
2021-12-08 00:00:00+00:00,ORCL,gbm_quantile,nonsentiment,50,difference,88.94000244140625,90.36023930998843,-1.4202368685821796,1.4202368685821796
2021-12-09 00:00:00+00:00,ORCL,gbm_quantile,nonsentiment,50,difference,88.7699966430664,88.97611728155857,-0.2061206384921661,0.2061206384921661
2021-12-10 00:00:00+00:00,ORCL,gbm_quantile,nonsentiment,50,difference,102.62999725341795,88.92091154551288,13.709085707905075,13.709085707905075
2021-12-13 00:00:00+00:00,ORCL,gbm_quantile,nonsentiment,50,difference,100.88999938964844,102.59245275381967,-1.7024533641712338,1.7024533641712338
2021-12-14 00:00:00+00:00,ORCL,gbm_quantile,nonsentiment,50,difference,99.88999938964844,101.14894771892929,-1.2589483292808552,1.2589483292808552
2021-12-15 00:00:00+00:00,ORCL,gbm_quantile,nonsentiment,50,difference,103.6500015258789,100.00731013352548,3.642691392353427,3.642691392353427
2021-12-16 00:00:00+00:00,ORCL,gbm_quantile,nonsentiment,50,difference,103.22000122070312,103.65082186205248,-0.4308206413493565,0.4308206413493565
2021-12-17 00:00:00+00:00,ORCL,gbm_quantile,nonsentiment,50,difference,96.62000274658205,103.38560546701207,-6.765602720430024,6.765602720430024
2021-12-20 00:00:00+00:00,ORCL,gbm_quantile,nonsentiment,50,difference,91.63999938964844,96.55439571002273,-4.914396320374294,4.914396320374294
2021-12-21 00:00:00+00:00,ORCL,gbm_quantile,nonsentiment,50,difference,91.51000213623048,91.74839587907253,-0.2383937428420495,0.2383937428420495
2021-12-22 00:00:00+00:00,ORCL,gbm_quantile,nonsentiment,50,difference,89.86000061035156,91.46146085429953,-1.6014602439479688,1.6014602439479688
2021-12-23 00:00:00+00:00,ORCL,gbm_quantile,nonsentiment,50,difference,89.72000122070312,89.95405545869953,-0.23405423799640346,0.23405423799640346
2021-12-27 00:00:00+00:00,ORCL,gbm_quantile,nonsentiment,50,difference,89.54000091552734,89.72178502064348,-0.18178410511613663,0.18178410511613663
2021-12-28 00:00:00+00:00,ORCL,gbm_quantile,nonsentiment,50,difference,88.6500015258789,89.61615917455147,-0.9661576486725636,0.9661576486725636
2021-12-29 00:00:00+00:00,ORCL,gbm_quantile,nonsentiment,50,difference,88.20999908447266,88.76658790852738,-0.5565888240547281,0.5565888240547281
2021-12-30 00:00:00+00:00,ORCL,gbm_quantile,nonsentiment,50,difference,88.01000213623047,87.96816199291924,0.041840143311233646,0.041840143311233646
2021-12-31 00:00:00+00:00,ORCL,gbm_quantile,nonsentiment,50,difference,87.20999908447266,87.84705653081254,-0.637057446339881,0.637057446339881
2022-01-03 00:00:00+00:00,ORCL,gbm_quantile,nonsentiment,50,difference,87.9000015258789,87.13425960726707,0.7657419186118375,0.7657419186118375
2022-01-04 00:00:00+00:00,ORCL,gbm_quantile,nonsentiment,50,difference,88.83999633789062,87.78919541740504,1.0508009204855853,1.0508009204855853
2022-01-05 00:00:00+00:00,ORCL,gbm_quantile,nonsentiment,50,difference,86.45999908447266,88.80731986801064,-2.347320783537981,2.347320783537981
2022-01-06 00:00:00+00:00,ORCL,gbm_quantile,nonsentiment,50,difference,86.33999633789062,86.43394840621472,-0.09395206832409997,0.09395206832409997
2022-01-07 00:00:00+00:00,ORCL,gbm_quantile,nonsentiment,50,difference,87.51000213623047,86.40953648356454,1.1004656526659318,1.1004656526659318
2022-01-10 00:00:00+00:00,ORCL,gbm_quantile,nonsentiment,50,difference,89.27999877929688,87.45441927822431,1.8255795010725677,1.8255795010725677
2022-01-11 00:00:00+00:00,ORCL,gbm_quantile,nonsentiment,50,difference,88.4800033569336,89.23854110566222,-0.758537748728628,0.758537748728628
2022-01-12 00:00:00+00:00,ORCL,gbm_quantile,nonsentiment,50,difference,88.30999755859375,88.61081597573954,-0.3008184171457913,0.3008184171457913
2022-01-13 00:00:00+00:00,ORCL,gbm_quantile,nonsentiment,50,difference,87.79000091552734,88.19787499718915,-0.4078740816618023,0.4078740816618023
2022-01-14 00:00:00+00:00,ORCL,gbm_quantile,nonsentiment,50,difference,87.69000244140625,87.6438742549048,0.046128186501448454,0.046128186501448454
2022-01-18 00:00:00+00:00,ORCL,gbm_quantile,nonsentiment,50,difference,85.55000305175781,87.62886918096763,-2.078866129209814,2.078866129209814
2022-01-19 00:00:00+00:00,ORCL,gbm_quantile,nonsentiment,50,difference,83.37999725341797,85.42969100154639,-2.049693748128419,2.049693748128419
2022-01-20 00:00:00+00:00,ORCL,gbm_quantile,nonsentiment,50,difference,82.72000122070312,83.2528457811495,-0.5328445604463781,0.5328445604463781
2022-01-21 00:00:00+00:00,ORCL,gbm_quantile,nonsentiment,50,difference,82.22000122070312,82.67057241596348,-0.45057119526035194,0.45057119526035194
2022-01-24 00:00:00+00:00,ORCL,gbm_quantile,nonsentiment,50,difference,82.41999816894531,82.2766546367087,0.14334353223661367,0.14334353223661367
2022-01-25 00:00:00+00:00,ORCL,gbm_quantile,nonsentiment,50,difference,81.06999969482422,82.57113234456176,-1.5011326497375421,1.5011326497375421
2022-01-26 00:00:00+00:00,ORCL,gbm_quantile,nonsentiment,50,difference,79.58999633789062,81.29435129567112,-1.7043549577804953,1.7043549577804953
2022-01-27 00:00:00+00:00,ORCL,gbm_quantile,nonsentiment,50,difference,79.77999877929688,79.7867404947139,-0.00674171541702151,0.00674171541702151
2022-01-28 00:00:00+00:00,ORCL,gbm_quantile,nonsentiment,50,difference,80.4800033569336,80.05445587759512,0.42554747933847636,0.42554747933847636
2022-01-31 00:00:00+00:00,ORCL,gbm_quantile,nonsentiment,50,difference,81.16000366210938,80.60862445468683,0.5513792074225421,0.5513792074225421
2022-02-01 00:00:00+00:00,ORCL,gbm_quantile,nonsentiment,50,difference,81.04000091552734,81.34287222535991,-0.30287130983256816,0.30287130983256816
2022-02-02 00:00:00+00:00,ORCL,gbm_quantile,nonsentiment,50,difference,82.5,81.24181900588161,1.2581809941183906,1.2581809941183906
2022-02-03 00:00:00+00:00,ORCL,gbm_quantile,nonsentiment,50,difference,81.94000244140625,82.65446940550653,-0.7144669641002821,0.7144669641002821
2022-02-04 00:00:00+00:00,ORCL,gbm_quantile,nonsentiment,50,difference,82.11000061035156,82.15844180518474,-0.048441194833173995,0.048441194833173995
2022-02-07 00:00:00+00:00,ORCL,gbm_quantile,nonsentiment,50,difference,80.73999786376953,82.10793391249666,-1.367936048727131,1.367936048727131
2022-02-08 00:00:00+00:00,ORCL,gbm_quantile,nonsentiment,50,difference,80.79000091552734,80.71410079972878,0.07590011579856082,0.07590011579856082
2022-02-09 00:00:00+00:00,ORCL,gbm_quantile,nonsentiment,50,difference,83.44999694824219,80.73829419193736,2.711702756304831,2.711702756304831
2022-02-10 00:00:00+00:00,ORCL,gbm_quantile,nonsentiment,50,difference,81.8499984741211,83.48928186498391,-1.6392833908628148,1.6392833908628148
2022-02-11 00:00:00+00:00,ORCL,gbm_quantile,nonsentiment,50,difference,79.75,81.97484697466861,-2.2248469746686084,2.2248469746686084
2022-02-14 00:00:00+00:00,ORCL,gbm_quantile,nonsentiment,50,difference,78.94999694824219,79.70018812949665,-0.7501911812544648,0.7501911812544648
2022-02-15 00:00:00+00:00,ORCL,gbm_quantile,nonsentiment,50,difference,79.7699966430664,78.9483939937807,0.8216026492857083,0.8216026492857083
2022-02-16 00:00:00+00:00,ORCL,gbm_quantile,nonsentiment,50,difference,79.19000244140625,79.72727071049026,-0.5372682690840094,0.5372682690840094
2022-02-17 00:00:00+00:00,ORCL,gbm_quantile,nonsentiment,50,difference,75.52999877929688,79.02158914659292,-3.491590367296041,3.491590367296041
2022-02-18 00:00:00+00:00,ORCL,gbm_quantile,nonsentiment,50,difference,74.56999969482422,75.2706360921071,-0.700636397282878,0.700636397282878
2022-02-22 00:00:00+00:00,ORCL,gbm_quantile,nonsentiment,50,difference,74.12000274658203,74.74553477929237,-0.6255320327103391,0.6255320327103391
2022-02-23 00:00:00+00:00,ORCL,gbm_quantile,nonsentiment,50,difference,72.47000122070312,74.17758940230482,-1.7075881816016931,1.7075881816016931
2022-02-24 00:00:00+00:00,ORCL,gbm_quantile,nonsentiment,50,difference,74.80999755859375,72.76275279179684,2.047244766796908,2.047244766796908
2022-02-25 00:00:00+00:00,ORCL,gbm_quantile,nonsentiment,50,difference,76.3499984741211,74.84198415732291,1.5080143167981817,1.5080143167981817
2022-02-28 00:00:00+00:00,ORCL,gbm_quantile,nonsentiment,50,difference,75.97000122070312,76.4782762926325,-0.5082750719293756,0.5082750719293756
2022-03-01 00:00:00+00:00,ORCL,gbm_quantile,nonsentiment,50,difference,76.01000213623047,75.95388384989995,0.0561182863305163,0.0561182863305163
2022-03-02 00:00:00+00:00,ORCL,gbm_quantile,nonsentiment,50,difference,78.27999877929688,76.06998977855626,2.2100090007406124,2.2100090007406124
2022-03-03 00:00:00+00:00,ORCL,gbm_quantile,nonsentiment,50,difference,78.25,78.33279272390388,-0.0827927239038786,0.0827927239038786
2022-03-04 00:00:00+00:00,ORCL,gbm_quantile,nonsentiment,50,difference,76.48999786376953,78.56905641733947,-2.0790585535699364,2.0790585535699364
2022-03-07 00:00:00+00:00,ORCL,gbm_quantile,nonsentiment,50,difference,74.31999969482422,76.43973256271998,-2.119732867895763,2.119732867895763
2022-03-08 00:00:00+00:00,ORCL,gbm_quantile,nonsentiment,50,difference,73.33000183105469,74.41417272857355,-1.0841708975188595,1.0841708975188595
2022-03-09 00:00:00+00:00,ORCL,gbm_quantile,nonsentiment,50,difference,76.0999984741211,73.29710437752972,2.8028940965913733,2.8028940965913733
2022-03-10 00:00:00+00:00,ORCL,gbm_quantile,nonsentiment,50,difference,76.6500015258789,76.10957610178919,0.5404254240897188,0.5404254240897188
2022-03-11 00:00:00+00:00,ORCL,gbm_quantile,nonsentiment,50,difference,77.81999969482422,76.8523449548996,0.9676547399246118,0.9676547399246118
2022-03-14 00:00:00+00:00,ORCL,gbm_quantile,nonsentiment,50,difference,77.06999969482422,77.85269546430683,-0.7826957694826149,0.7826957694826149
2022-03-15 00:00:00+00:00,ORCL,gbm_quantile,nonsentiment,50,difference,80.5999984741211,77.32628396756247,3.273714506558619,3.273714506558619
2022-03-16 00:00:00+00:00,ORCL,gbm_quantile,nonsentiment,50,difference,79.95999908447266,80.80563243804828,-0.8456333535756215,0.8456333535756215
2022-03-17 00:00:00+00:00,ORCL,gbm_quantile,nonsentiment,50,difference,80.5999984741211,80.19060276956641,0.409395704554683,0.409395704554683
2022-03-18 00:00:00+00:00,ORCL,gbm_quantile,nonsentiment,50,difference,81.68000030517578,80.80289939613023,0.8771009090455522,0.8771009090455522
2022-03-21 00:00:00+00:00,ORCL,gbm_quantile,nonsentiment,50,difference,80.95999908447266,81.71900759468686,-0.7590085102142012,0.7590085102142012
2022-03-22 00:00:00+00:00,ORCL,gbm_quantile,nonsentiment,50,difference,81.80000305175781,81.08429547917366,0.7157075725841509,0.7157075725841509
2022-03-23 00:00:00+00:00,ORCL,gbm_quantile,nonsentiment,50,difference,80.38999938964844,81.99505749510767,-1.6050581054592357,1.6050581054592357
2022-03-24 00:00:00+00:00,ORCL,gbm_quantile,nonsentiment,50,difference,82.23999786376953,80.53377282266301,1.7062250411065207,1.7062250411065207
2022-03-25 00:00:00+00:00,ORCL,gbm_quantile,nonsentiment,50,difference,81.7300033569336,82.37531994899155,-0.6453165920579522,0.6453165920579522
2022-03-28 00:00:00+00:00,ORCL,gbm_quantile,nonsentiment,50,difference,83.5999984741211,81.8997024685074,1.7002960056136942,1.7002960056136942
2022-03-29 00:00:00+00:00,ORCL,gbm_quantile,nonsentiment,50,difference,84.29000091552734,83.38521502188911,0.904785893638234,0.904785893638234
2022-03-30 00:00:00+00:00,ORCL,gbm_quantile,nonsentiment,50,difference,83.36000061035156,83.99598865930828,-0.6359880489567189,0.6359880489567189
2022-03-31 00:00:00+00:00,ORCL,gbm_quantile,nonsentiment,50,difference,82.7300033569336,83.20287487361765,-0.4728715166840516,0.4728715166840516
2022-04-01 00:00:00+00:00,ORCL,gbm_quantile,nonsentiment,50,difference,82.01000213623047,82.69870548259946,-0.688703346368996,0.688703346368996
2022-04-04 00:00:00+00:00,ORCL,gbm_quantile,nonsentiment,50,difference,84.06999969482422,81.65817493668361,2.411824758140611,2.411824758140611
2022-04-05 00:00:00+00:00,ORCL,gbm_quantile,nonsentiment,50,difference,82.94000244140625,84.11181790783904,-1.1718154664327898,1.1718154664327898
2022-04-06 00:00:00+00:00,ORCL,gbm_quantile,nonsentiment,50,difference,82.12000274658203,82.80409424328276,-0.6840914967007308,0.6840914967007308
2022-04-07 00:00:00+00:00,ORCL,gbm_quantile,nonsentiment,50,difference,81.54000091552734,81.86172124473123,-0.3217203292038846,0.3217203292038846
2022-04-08 00:00:00+00:00,ORCL,gbm_quantile,nonsentiment,50,difference,80.94000244140625,81.27676639252735,-0.3367639511210996,0.3367639511210996
2022-04-11 00:00:00+00:00,ORCL,gbm_quantile,nonsentiment,50,difference,79.76000213623047,80.88508603545809,-1.1250838992276186,1.1250838992276186
2022-04-12 00:00:00+00:00,ORCL,gbm_quantile,nonsentiment,50,difference,79.33000183105469,79.67629509026433,-0.34629325920964504,0.34629325920964504
2022-04-13 00:00:00+00:00,ORCL,gbm_quantile,nonsentiment,50,difference,79.75,79.10934868973969,0.64065131026031,0.64065131026031
2022-04-14 00:00:00+00:00,ORCL,gbm_quantile,nonsentiment,50,difference,79.44999694824219,79.62113511519796,-0.171138166955771,0.171138166955771
2022-04-18 00:00:00+00:00,ORCL,gbm_quantile,nonsentiment,50,difference,78.22000122070312,79.22639632375204,-1.0063951030489164,1.0063951030489164
2022-04-19 00:00:00+00:00,ORCL,gbm_quantile,nonsentiment,50,difference,79.55999755859375,78.03097160738302,1.529025951210727,1.529025951210727
2022-04-20 00:00:00+00:00,ORCL,gbm_quantile,nonsentiment,50,difference,80.29000091552734,79.24201558786024,1.0479853276671065,1.0479853276671065
2022-04-21 00:00:00+00:00,ORCL,gbm_quantile,nonsentiment,50,difference,79.4800033569336,80.05754927517343,-0.577545918239835,0.577545918239835
2022-04-22 00:00:00+00:00,ORCL,gbm_quantile,nonsentiment,50,difference,76.20999908447266,79.3878140943014,-3.1778150098287483,3.1778150098287483
2022-04-25 00:00:00+00:00,ORCL,gbm_quantile,nonsentiment,50,difference,76.9800033569336,76.11611905177571,0.8638843051578817,0.8638843051578817
2022-04-26 00:00:00+00:00,ORCL,gbm_quantile,nonsentiment,50,difference,74.51000213623047,77.117080152686,-2.6070780164555316,2.6070780164555316
2022-04-27 00:00:00+00:00,ORCL,gbm_quantile,nonsentiment,50,difference,74.76000213623047,74.56554190980077,0.1944602264296975,0.1944602264296975
2022-04-28 00:00:00+00:00,ORCL,gbm_quantile,nonsentiment,50,difference,76.13999938964844,74.8525465000327,1.2874528896157358,1.2874528896157358
2022-04-29 00:00:00+00:00,ORCL,gbm_quantile,nonsentiment,50,difference,73.4000015258789,76.12194514511,-2.721943619231098,2.721943619231098
2022-05-02 00:00:00+00:00,ORCL,gbm_quantile,nonsentiment,50,difference,74.0,73.4191922076412,0.5808077923587973,0.5808077923587973
2022-05-03 00:00:00+00:00,ORCL,gbm_quantile,nonsentiment,50,difference,73.29000091552734,74.25035977490548,-0.9603588593781325,0.9603588593781325
2022-05-04 00:00:00+00:00,ORCL,gbm_quantile,nonsentiment,50,difference,75.20999908447266,73.30184220170443,1.9081568827682247,1.9081568827682247
2022-05-05 00:00:00+00:00,ORCL,gbm_quantile,nonsentiment,50,difference,72.80000305175781,75.21453277201488,-2.4145297202570646,2.4145297202570646
2022-05-06 00:00:00+00:00,ORCL,gbm_quantile,nonsentiment,50,difference,72.48999786376953,72.7152954572501,-0.2252975934805619,0.2252975934805619
2022-05-09 00:00:00+00:00,ORCL,gbm_quantile,nonsentiment,50,difference,71.54000091552734,72.33368417198461,-0.7936832564572711,0.7936832564572711
2022-05-10 00:00:00+00:00,ORCL,gbm_quantile,nonsentiment,50,difference,72.52999877929688,71.40768977371246,1.1223090055844125,1.1223090055844125
2022-05-11 00:00:00+00:00,ORCL,gbm_quantile,nonsentiment,50,difference,71.02999877929688,72.64169800836149,-1.6116992290646124,1.6116992290646124
2022-05-12 00:00:00+00:00,ORCL,gbm_quantile,nonsentiment,50,difference,70.7300033569336,71.06874196680036,-0.3387386098667662,0.3387386098667662
2022-05-13 00:00:00+00:00,ORCL,gbm_quantile,nonsentiment,50,difference,71.16999816894531,70.72317408141475,0.44682408753055824,0.44682408753055824
2022-05-16 00:00:00+00:00,ORCL,gbm_quantile,nonsentiment,50,difference,69.70999908447266,71.42476066722288,-1.7147615827502278,1.7147615827502278
2022-05-17 00:00:00+00:00,ORCL,gbm_quantile,nonsentiment,50,difference,71.87999725341797,69.54821258257468,2.331784670843291,2.331784670843291
2022-05-18 00:00:00+00:00,ORCL,gbm_quantile,nonsentiment,50,difference,68.30000305175781,71.90291946639641,-3.6029164146385995,3.6029164146385995
2022-05-19 00:00:00+00:00,ORCL,gbm_quantile,nonsentiment,50,difference,67.04000091552734,68.25754763962763,-1.2175467241002877,1.2175467241002877
2022-05-20 00:00:00+00:00,ORCL,gbm_quantile,nonsentiment,50,difference,68.62999725341797,66.96014170308071,1.6698555503372603,1.6698555503372603
2022-05-23 00:00:00+00:00,ORCL,gbm_quantile,nonsentiment,50,difference,70.04000091552734,68.78338980270138,1.256611112825965,1.256611112825965
2022-05-24 00:00:00+00:00,ORCL,gbm_quantile,nonsentiment,50,difference,69.02999877929688,69.83459345479541,-0.8045946754985351,0.8045946754985351
2022-05-25 00:00:00+00:00,ORCL,gbm_quantile,nonsentiment,50,difference,69.83000183105469,69.2350026536672,0.5949991773874928,0.5949991773874928
2022-05-26 00:00:00+00:00,ORCL,gbm_quantile,nonsentiment,50,difference,71.66000366210938,69.88053138313795,1.7794722789714257,1.7794722789714257
2022-05-27 00:00:00+00:00,ORCL,gbm_quantile,nonsentiment,50,difference,72.77999877929688,71.59091020531784,1.189088573979035,1.189088573979035
2022-05-31 00:00:00+00:00,ORCL,gbm_quantile,nonsentiment,50,difference,71.91999816894531,72.76817924092619,-0.8481810719808749,0.8481810719808749
2022-06-01 00:00:00+00:00,ORCL,gbm_quantile,nonsentiment,50,difference,71.5999984741211,71.51524444491376,0.08475402920733188,0.08475402920733188
2022-06-02 00:00:00+00:00,ORCL,gbm_quantile,nonsentiment,50,difference,73.13999938964844,71.47162960254369,1.6683697871047514,1.6683697871047514
2022-06-03 00:00:00+00:00,ORCL,gbm_quantile,nonsentiment,50,difference,71.79000091552734,72.98984679364187,-1.1998458781145303,1.1998458781145303
2022-06-06 00:00:00+00:00,ORCL,gbm_quantile,nonsentiment,50,difference,72.97000122070312,71.7668781390262,1.203123081676921,1.203123081676921
2022-06-07 00:00:00+00:00,ORCL,gbm_quantile,nonsentiment,50,difference,72.69000244140625,73.01216574909446,-0.3221633076882142,0.3221633076882142
2022-06-08 00:00:00+00:00,ORCL,gbm_quantile,nonsentiment,50,difference,71.37999725341797,72.47217006118414,-1.0921728077661754,1.0921728077661754
2022-06-09 00:00:00+00:00,ORCL,gbm_quantile,nonsentiment,50,difference,69.22000122070312,70.95399888003128,-1.7339976593281534,1.7339976593281534
2022-06-10 00:00:00+00:00,ORCL,gbm_quantile,nonsentiment,50,difference,67.13999938964844,69.23595780188039,-2.0959584122319512,2.0959584122319512
2022-06-13 00:00:00+00:00,ORCL,gbm_quantile,nonsentiment,50,difference,64.05000305175781,66.98156631869007,-2.931563266932258,2.931563266932258
2022-06-14 00:00:00+00:00,ORCL,gbm_quantile,nonsentiment,50,difference,70.72000122070312,64.23323730253043,6.486763918172699,6.486763918172699
2022-06-15 00:00:00+00:00,ORCL,gbm_quantile,nonsentiment,50,difference,69.69999694824219,70.79797441279125,-1.0979774645490608,1.0979774645490608
2022-06-16 00:00:00+00:00,ORCL,gbm_quantile,nonsentiment,50,difference,68.70999908447266,69.81653591752293,-1.1065368330502707,1.1065368330502707
2022-06-17 00:00:00+00:00,ORCL,gbm_quantile,nonsentiment,50,difference,67.72000122070312,68.7863588642101,-1.0663576435069757,1.0663576435069757
2022-06-21 00:00:00+00:00,ORCL,gbm_quantile,nonsentiment,50,difference,67.68000030517578,67.53712369986283,0.14287660531294932,0.14287660531294932
2022-06-22 00:00:00+00:00,ORCL,gbm_quantile,nonsentiment,50,difference,66.52999877929688,67.73843230555572,-1.208433526258844,1.208433526258844
2022-06-23 00:00:00+00:00,ORCL,gbm_quantile,nonsentiment,50,difference,67.62999725341797,66.69821985096017,0.9317774024577972,0.9317774024577972
2022-06-24 00:00:00+00:00,ORCL,gbm_quantile,nonsentiment,50,difference,70.69999694824219,67.5798418780026,3.1201550702395906,3.1201550702395906
2022-06-27 00:00:00+00:00,ORCL,gbm_quantile,nonsentiment,50,difference,70.41000366210938,70.89902866639999,-0.48902500429061035,0.48902500429061035
2022-06-28 00:00:00+00:00,ORCL,gbm_quantile,nonsentiment,50,difference,68.58000183105469,70.49019592814037,-1.9101940970856788,1.9101940970856788
2022-06-29 00:00:00+00:00,ORCL,gbm_quantile,nonsentiment,50,difference,69.20999908447266,68.50997161784767,0.7000274666249879,0.7000274666249879
2022-06-30 00:00:00+00:00,ORCL,gbm_quantile,nonsentiment,50,difference,69.87000274658203,69.30875682453451,0.5612459220475188,0.5612459220475188
2022-07-01 00:00:00+00:00,ORCL,gbm_quantile,nonsentiment,50,difference,70.87000274658203,69.80700503321954,1.062997713362492,1.062997713362492
2022-07-05 00:00:00+00:00,ORCL,gbm_quantile,nonsentiment,50,difference,71.98999786376953,71.15589087324693,0.8341069905225993,0.8341069905225993
2022-07-06 00:00:00+00:00,ORCL,gbm_quantile,nonsentiment,50,difference,71.66000366210938,72.18131566438693,-0.5213120022775541,0.5213120022775541
2022-07-07 00:00:00+00:00,ORCL,gbm_quantile,nonsentiment,50,difference,71.83000183105469,71.66140124046724,0.16860059058744525,0.16860059058744525
2022-07-08 00:00:00+00:00,ORCL,gbm_quantile,nonsentiment,50,difference,71.87000274658203,71.98569152392547,-0.1156887773434363,0.1156887773434363
2022-07-11 00:00:00+00:00,ORCL,gbm_quantile,nonsentiment,50,difference,71.56999969482422,71.59493832332343,-0.024938628499214133,0.024938628499214133
2022-07-12 00:00:00+00:00,ORCL,gbm_quantile,nonsentiment,50,difference,70.41000366210938,71.43277442798552,-1.022770765876146,1.022770765876146
2022-07-13 00:00:00+00:00,ORCL,gbm_quantile,nonsentiment,50,difference,70.02999877929688,70.38422076043584,-0.35422198113896286,0.35422198113896286
2022-07-14 00:00:00+00:00,ORCL,gbm_quantile,nonsentiment,50,difference,69.44999694824219,69.84791560243026,-0.39791865418807504,0.39791865418807504
2022-07-15 00:00:00+00:00,ORCL,gbm_quantile,nonsentiment,50,difference,70.73999786376953,69.29954904387814,1.4404488198913867,1.4404488198913867
2022-07-18 00:00:00+00:00,ORCL,gbm_quantile,nonsentiment,50,difference,70.20999908447266,70.567453637399,-0.35745455292634176,0.35745455292634176
2022-07-19 00:00:00+00:00,ORCL,gbm_quantile,nonsentiment,50,difference,72.23999786376953,70.2052026329914,2.03479523077813,2.03479523077813
2022-07-20 00:00:00+00:00,ORCL,gbm_quantile,nonsentiment,50,difference,72.58999633789062,72.11483679094526,0.47515954694536333,0.47515954694536333
2022-07-21 00:00:00+00:00,ORCL,gbm_quantile,nonsentiment,50,difference,74.54000091552734,72.3936156787212,2.1463852368061396,2.1463852368061396
2022-07-22 00:00:00+00:00,ORCL,gbm_quantile,nonsentiment,50,difference,74.9000015258789,74.4794438157277,0.4205577101512006,0.4205577101512006
2022-07-25 00:00:00+00:00,ORCL,gbm_quantile,nonsentiment,50,difference,74.86000061035156,74.6550046657533,0.20499594459826653,0.20499594459826653
2022-07-26 00:00:00+00:00,ORCL,gbm_quantile,nonsentiment,50,difference,74.02999877929688,74.58344917039146,-0.5534503910945858,0.5534503910945858
2022-07-27 00:00:00+00:00,ORCL,gbm_quantile,nonsentiment,50,difference,75.87000274658203,74.13438532368205,1.7356174228999777,1.7356174228999777
2022-07-28 00:00:00+00:00,ORCL,gbm_quantile,nonsentiment,50,difference,77.04000091552734,75.78231477039833,1.2576861451290142,1.2576861451290142
2022-07-29 00:00:00+00:00,ORCL,gbm_quantile,nonsentiment,50,difference,77.83999633789062,76.8251215173822,1.0148748205084246,1.0148748205084246
2022-08-01 00:00:00+00:00,ORCL,gbm_quantile,nonsentiment,50,difference,77.44000244140625,77.41949416252902,0.02050827887723017,0.02050827887723017
2022-08-02 00:00:00+00:00,ORCL,gbm_quantile,nonsentiment,50,difference,76.3499984741211,77.2177408724671,-0.8677423983460102,0.8677423983460102
2022-08-03 00:00:00+00:00,ORCL,gbm_quantile,nonsentiment,50,difference,77.37000274658203,76.33077692023942,1.0392258263426157,1.0392258263426157
2022-08-04 00:00:00+00:00,ORCL,gbm_quantile,nonsentiment,50,difference,77.4000015258789,77.28277519826484,0.1172263276140626,0.1172263276140626
2022-08-05 00:00:00+00:00,ORCL,gbm_quantile,nonsentiment,50,difference,77.3499984741211,77.32140588015375,0.028592593967346147,0.028592593967346147
2022-08-08 00:00:00+00:00,ORCL,gbm_quantile,nonsentiment,50,difference,76.47000122070312,77.21845927479737,-0.7484580540942432,0.7484580540942432
2022-08-09 00:00:00+00:00,ORCL,gbm_quantile,nonsentiment,50,difference,76.7699966430664,76.36924817217138,0.4007484708950244,0.4007484708950244
2022-08-10 00:00:00+00:00,ORCL,gbm_quantile,nonsentiment,50,difference,77.54000091552734,76.50191762036332,1.0380832951640286,1.0380832951640286
2022-08-11 00:00:00+00:00,ORCL,gbm_quantile,nonsentiment,50,difference,77.16000366210938,77.29508432183934,-0.1350806597299652,0.1350806597299652
2022-08-12 00:00:00+00:00,ORCL,gbm_quantile,nonsentiment,50,difference,79.1500015258789,76.96266759135175,2.1873339345271603,2.1873339345271603
2022-08-15 00:00:00+00:00,ORCL,gbm_quantile,nonsentiment,50,difference,79.11000061035156,79.02464356525094,0.08535704510062203,0.08535704510062203
2022-08-16 00:00:00+00:00,ORCL,gbm_quantile,nonsentiment,50,difference,79.5199966430664,78.99781284837236,0.522183794694044,0.522183794694044
2022-08-17 00:00:00+00:00,ORCL,gbm_quantile,nonsentiment,50,difference,79.25,79.30809132421865,-0.05809132421865115,0.05809132421865115
2022-08-18 00:00:00+00:00,ORCL,gbm_quantile,nonsentiment,50,difference,79.31999969482422,79.12983135676227,0.19016833806195166,0.19016833806195166
2022-08-19 00:00:00+00:00,ORCL,gbm_quantile,nonsentiment,50,difference,78.66000366210938,79.09063939199834,-0.43063572988896226,0.43063572988896226
2022-08-22 00:00:00+00:00,ORCL,gbm_quantile,nonsentiment,50,difference,76.45999908447266,78.36331186864986,-1.9033127841772028,1.9033127841772028
2022-08-23 00:00:00+00:00,ORCL,gbm_quantile,nonsentiment,50,difference,76.41000366210938,76.25607377939733,0.153929882712049,0.153929882712049
2022-08-24 00:00:00+00:00,ORCL,gbm_quantile,nonsentiment,50,difference,76.16999816894531,76.24287288922362,-0.07287472027830688,0.07287472027830688
2022-08-25 00:00:00+00:00,ORCL,gbm_quantile,nonsentiment,50,difference,76.88999938964844,75.7783347642504,1.111664625398035,1.111664625398035
2022-08-26 00:00:00+00:00,ORCL,gbm_quantile,nonsentiment,50,difference,74.6500015258789,76.80345478640112,-2.1534532605222125,2.1534532605222125
2022-08-29 00:00:00+00:00,ORCL,gbm_quantile,nonsentiment,50,difference,74.19000244140625,74.4947440141778,-0.30474157277154745,0.30474157277154745
2022-08-30 00:00:00+00:00,ORCL,gbm_quantile,nonsentiment,50,difference,74.13999938964844,73.81041739678828,0.329581992860156,0.329581992860156
2022-08-31 00:00:00+00:00,ORCL,gbm_quantile,nonsentiment,50,difference,74.1500015258789,73.69526217182441,0.45473935405449595,0.45473935405449595
2022-09-01 00:00:00+00:00,ORCL,gbm_quantile,nonsentiment,50,difference,75.30000305175781,73.96939485364642,1.330608198111392,1.330608198111392
2022-09-02 00:00:00+00:00,ORCL,gbm_quantile,nonsentiment,50,difference,74.68000030517578,75.33751038193665,-0.6575100767608717,0.6575100767608717
2022-09-06 00:00:00+00:00,ORCL,gbm_quantile,nonsentiment,50,difference,73.83000183105469,74.70872420685694,-0.8787223758022549,0.8787223758022549
2022-09-07 00:00:00+00:00,ORCL,gbm_quantile,nonsentiment,50,difference,74.48999786376953,73.67107495937586,0.8189229043936734,0.8189229043936734
2022-09-08 00:00:00+00:00,ORCL,gbm_quantile,nonsentiment,50,difference,74.6500015258789,74.59981119936063,0.05019032651827615,0.05019032651827615
2022-09-09 00:00:00+00:00,ORCL,gbm_quantile,nonsentiment,50,difference,75.91000366210938,74.36286652540791,1.5471371367014655,1.5471371367014655
2022-09-12 00:00:00+00:00,ORCL,gbm_quantile,nonsentiment,50,difference,77.08000183105469,75.7165163735044,1.3634854575502828,1.3634854575502828
2022-09-13 00:00:00+00:00,ORCL,gbm_quantile,nonsentiment,50,difference,76.04000091552734,76.91057529547517,-0.8705743799478256,0.8705743799478256
2022-09-14 00:00:00+00:00,ORCL,gbm_quantile,nonsentiment,50,difference,72.12000274658203,75.8587940777308,-3.738791331148775,3.738791331148775
2022-09-15 00:00:00+00:00,ORCL,gbm_quantile,nonsentiment,50,difference,70.23999786376953,72.11722123300619,-1.8772233692366598,1.8772233692366598
2022-09-16 00:00:00+00:00,ORCL,gbm_quantile,nonsentiment,50,difference,68.83000183105469,70.2976605372786,-1.467658706223915,1.467658706223915
2022-09-19 00:00:00+00:00,ORCL,gbm_quantile,nonsentiment,50,difference,69.06999969482422,68.74889499040125,0.32110470442296446,0.32110470442296446
2022-09-20 00:00:00+00:00,ORCL,gbm_quantile,nonsentiment,50,difference,68.11000061035156,69.08569960158424,-0.9756989912326759,0.9756989912326759
2022-09-21 00:00:00+00:00,ORCL,gbm_quantile,nonsentiment,50,difference,66.75,67.92155745058055,-1.1715574505805506,1.1715574505805506
2022-09-22 00:00:00+00:00,ORCL,gbm_quantile,nonsentiment,50,difference,66.02999877929688,66.67244500429204,-0.6424462249951688,0.6424462249951688
2022-09-23 00:00:00+00:00,ORCL,gbm_quantile,nonsentiment,50,difference,64.55000305175781,66.13782693484335,-1.5878238830855338,1.5878238830855338
2022-09-26 00:00:00+00:00,ORCL,gbm_quantile,nonsentiment,50,difference,63.45000076293945,64.74809954608591,-1.2980987831464574,1.2980987831464574
2022-09-27 00:00:00+00:00,ORCL,gbm_quantile,nonsentiment,50,difference,62.41999816894531,63.66299407637135,-1.2429959074260353,1.2429959074260353
2022-09-28 00:00:00+00:00,ORCL,gbm_quantile,nonsentiment,50,difference,63.06999969482422,62.68604666812705,0.3839530266971707,0.3839530266971707
2022-09-29 00:00:00+00:00,ORCL,gbm_quantile,nonsentiment,50,difference,61.400001525878906,63.296847582992385,-1.8968460571134784,1.8968460571134784
2022-09-30 00:00:00+00:00,ORCL,gbm_quantile,nonsentiment,50,difference,61.06999969482422,61.54417567582517,-0.47417598100095404,0.47417598100095404
2022-10-03 00:00:00+00:00,ORCL,gbm_quantile,nonsentiment,50,difference,63.08000183105469,61.05458324316651,2.0254185878881756,2.0254185878881756
2022-10-04 00:00:00+00:00,ORCL,gbm_quantile,nonsentiment,50,difference,65.69000244140625,63.41431449022063,2.275687951185617,2.275687951185617
2022-10-05 00:00:00+00:00,ORCL,gbm_quantile,nonsentiment,50,difference,66.63999938964844,65.68420605825162,0.9557933313968192,0.9557933313968192
2022-10-06 00:00:00+00:00,ORCL,gbm_quantile,nonsentiment,50,difference,65.30000305175781,66.94889333496579,-1.648890283207976,1.648890283207976
2022-10-07 00:00:00+00:00,ORCL,gbm_quantile,nonsentiment,50,difference,63.290000915527344,65.54504398807454,-2.2550430725471955,2.2550430725471955
2022-10-10 00:00:00+00:00,ORCL,gbm_quantile,nonsentiment,50,difference,62.56999969482422,63.41816287517498,-0.8481631803507597,0.8481631803507597
2022-10-11 00:00:00+00:00,ORCL,gbm_quantile,nonsentiment,50,difference,62.40999984741211,62.624163605116046,-0.21416375770393614,0.21416375770393614
2022-10-12 00:00:00+00:00,ORCL,gbm_quantile,nonsentiment,50,difference,63.77999877929688,62.40404711155405,1.3759516677428323,1.3759516677428323
2022-10-13 00:00:00+00:00,ORCL,gbm_quantile,nonsentiment,50,difference,65.19999694824219,63.933746053539735,1.266250894702452,1.266250894702452
2022-10-14 00:00:00+00:00,ORCL,gbm_quantile,nonsentiment,50,difference,64.30999755859375,65.30752120656166,-0.9975236479679097,0.9975236479679097
2022-10-17 00:00:00+00:00,ORCL,gbm_quantile,nonsentiment,50,difference,67.0199966430664,64.46552820558347,2.5544684374829387,2.5544684374829387
2022-10-18 00:00:00+00:00,ORCL,gbm_quantile,nonsentiment,50,difference,67.02999877929688,67.127200520588,-0.0972017412911299,0.0972017412911299
2022-10-19 00:00:00+00:00,ORCL,gbm_quantile,nonsentiment,50,difference,66.30000305175781,67.04512379104435,-0.7451207392865342,0.7451207392865342
2022-10-20 00:00:00+00:00,ORCL,gbm_quantile,nonsentiment,50,difference,69.25,66.1035367951332,3.146463204866805,3.146463204866805
2022-10-21 00:00:00+00:00,ORCL,gbm_quantile,nonsentiment,50,difference,72.69999694824219,69.17292101925159,3.527075928990598,3.527075928990598
2022-10-24 00:00:00+00:00,ORCL,gbm_quantile,nonsentiment,50,difference,72.91999816894531,72.74221177700295,0.17778639194236234,0.17778639194236234
2022-10-25 00:00:00+00:00,ORCL,gbm_quantile,nonsentiment,50,difference,73.13999938964844,72.92858541640088,0.21141397324755928,0.21141397324755928
2022-10-26 00:00:00+00:00,ORCL,gbm_quantile,nonsentiment,50,difference,74.81999969482422,73.20674848329699,1.6132512115272277,1.6132512115272277
2022-10-27 00:00:00+00:00,ORCL,gbm_quantile,nonsentiment,50,difference,75.1500015258789,74.82513682084418,0.3248647050347273,0.3248647050347273
2022-10-28 00:00:00+00:00,ORCL,gbm_quantile,nonsentiment,50,difference,77.36000061035156,75.38408481275907,1.9759157975924921,1.9759157975924921
2022-10-31 00:00:00+00:00,ORCL,gbm_quantile,nonsentiment,50,difference,78.06999969482422,77.52541492729502,0.5445847675292015,0.5445847675292015
2022-11-01 00:00:00+00:00,ORCL,gbm_quantile,nonsentiment,50,difference,77.11000061035156,78.23105052604008,-1.1210499156885163,1.1210499156885163
2022-11-02 00:00:00+00:00,ORCL,gbm_quantile,nonsentiment,50,difference,75.12000274658203,77.27424835222534,-2.154245605643311,2.154245605643311
2022-11-03 00:00:00+00:00,ORCL,gbm_quantile,nonsentiment,50,difference,75.02999877929688,75.17132075884341,-0.14132197954653236,0.14132197954653236
2022-11-04 00:00:00+00:00,ORCL,gbm_quantile,nonsentiment,50,difference,76.0,75.15207844947398,0.8479215505260242,0.8479215505260242
2022-11-07 00:00:00+00:00,ORCL,gbm_quantile,nonsentiment,50,difference,76.73999786376953,76.07724350740956,0.6627543563599687,0.6627543563599687
2022-11-08 00:00:00+00:00,ORCL,gbm_quantile,nonsentiment,50,difference,75.63999938964844,76.66242783981357,-1.0224284501651368,1.0224284501651368
2022-11-09 00:00:00+00:00,ORCL,gbm_quantile,nonsentiment,50,difference,75.66000366210938,75.60259361726584,0.05741004484353596,0.05741004484353596
2022-11-10 00:00:00+00:00,ORCL,gbm_quantile,nonsentiment,50,difference,77.16999816894531,75.39437105147745,1.775627117467863,1.775627117467863
2022-11-11 00:00:00+00:00,ORCL,gbm_quantile,nonsentiment,50,difference,77.73999786376953,77.15026022054644,0.5897376432230885,0.5897376432230885
2022-11-14 00:00:00+00:00,ORCL,gbm_quantile,nonsentiment,50,difference,78.52999877929688,77.82636713080363,0.7036316484932428,0.7036316484932428
2022-11-15 00:00:00+00:00,ORCL,gbm_quantile,nonsentiment,50,difference,79.18000030517578,78.74243759903938,0.43756270613640424,0.43756270613640424
2022-11-16 00:00:00+00:00,ORCL,gbm_quantile,nonsentiment,50,difference,79.88999938964844,79.37547553102225,0.5145238586261911,0.5145238586261911
2022-11-17 00:00:00+00:00,ORCL,gbm_quantile,nonsentiment,50,difference,79.19999694824219,80.03341354676992,-0.8334165985277338,0.8334165985277338
2022-11-18 00:00:00+00:00,ORCL,gbm_quantile,nonsentiment,50,difference,79.7300033569336,78.99866742061148,0.731335936322111,0.731335936322111
2022-11-21 00:00:00+00:00,ORCL,gbm_quantile,nonsentiment,50,difference,79.81999969482422,79.53731046049501,0.28268923432921156,0.28268923432921156
2022-11-22 00:00:00+00:00,ORCL,gbm_quantile,nonsentiment,50,difference,82.12000274658203,79.78231271451001,2.337690032072018,2.337690032072018
2022-11-23 00:00:00+00:00,ORCL,gbm_quantile,nonsentiment,50,difference,82.55999755859375,82.15473267753161,0.40526488106213776,0.40526488106213776
2022-11-25 00:00:00+00:00,ORCL,gbm_quantile,nonsentiment,50,difference,82.72000122070312,82.57459840043995,0.14540282026317186,0.14540282026317186
2022-11-28 00:00:00+00:00,ORCL,gbm_quantile,nonsentiment,50,difference,81.38999938964844,82.63176956002069,-1.2417701703722486,1.2417701703722486
2022-11-29 00:00:00+00:00,ORCL,gbm_quantile,nonsentiment,50,difference,80.8499984741211,81.45298011506794,-0.6029816409468509,0.6029816409468509
2022-11-30 00:00:00+00:00,ORCL,gbm_quantile,nonsentiment,50,difference,83.02999877929688,80.56726891066715,2.4627298686297223,2.4627298686297223
2022-12-01 00:00:00+00:00,ORCL,gbm_quantile,nonsentiment,50,difference,84.11000061035156,82.98334342187138,1.1266571884801806,1.1266571884801806
2022-12-02 00:00:00+00:00,ORCL,gbm_quantile,nonsentiment,50,difference,83.3499984741211,84.20668548364881,-0.8566870095277181,0.8566870095277181
2022-12-05 00:00:00+00:00,ORCL,gbm_quantile,nonsentiment,50,difference,79.43000030517578,83.2733129146281,-3.843312609452312,3.843312609452312
2022-12-06 00:00:00+00:00,ORCL,gbm_quantile,nonsentiment,50,difference,78.91000366210938,79.42909433388914,-0.5190906717797645,0.5190906717797645
2022-12-07 00:00:00+00:00,ORCL,gbm_quantile,nonsentiment,50,difference,78.77999877929688,79.11832532802845,-0.33832654873157253,0.33832654873157253
2022-12-08 00:00:00+00:00,ORCL,gbm_quantile,nonsentiment,50,difference,80.06999969482422,78.96615884545689,1.1038408493673302,1.1038408493673302
2022-12-09 00:00:00+00:00,ORCL,gbm_quantile,nonsentiment,50,difference,79.86000061035156,79.87562676183511,-0.01562615148354496,0.01562615148354496
2022-12-12 00:00:00+00:00,ORCL,gbm_quantile,nonsentiment,50,difference,81.27999877929688,79.55644946953382,1.723549309763058,1.723549309763058
2022-12-13 00:00:00+00:00,ORCL,gbm_quantile,nonsentiment,50,difference,80.55999755859375,81.24428542189958,-0.6842878633058262,0.6842878633058262
2022-12-14 00:00:00+00:00,ORCL,gbm_quantile,nonsentiment,50,difference,81.81999969482422,80.81030250567844,1.0096971891457827,1.0096971891457827
2022-12-15 00:00:00+00:00,ORCL,gbm_quantile,nonsentiment,50,difference,80.06999969482422,82.03165375304583,-1.9616540582216118,1.9616540582216118
2022-12-16 00:00:00+00:00,ORCL,gbm_quantile,nonsentiment,50,difference,79.58000183105469,80.18806313339054,-0.6080613023358552,0.6080613023358552
2022-12-19 00:00:00+00:00,ORCL,gbm_quantile,nonsentiment,50,difference,80.5,79.62750061279527,0.8724993872047264,0.8724993872047264
2022-12-20 00:00:00+00:00,ORCL,gbm_quantile,nonsentiment,50,difference,80.94000244140625,80.68310241410012,0.2569000273061306,0.2569000273061306
2022-12-21 00:00:00+00:00,ORCL,gbm_quantile,nonsentiment,50,difference,81.5,80.94484108029559,0.5551589197044109,0.5551589197044109
2022-12-22 00:00:00+00:00,ORCL,gbm_quantile,nonsentiment,50,difference,80.48999786376953,81.1954494136625,-0.7054515498929703,0.7054515498929703
2022-12-23 00:00:00+00:00,ORCL,gbm_quantile,nonsentiment,50,difference,80.8499984741211,80.48461813969509,0.3653803344260069,0.3653803344260069
2022-12-27 00:00:00+00:00,ORCL,gbm_quantile,nonsentiment,50,difference,80.9800033569336,80.81635834104205,0.16364501589154656,0.16364501589154656
2022-12-28 00:00:00+00:00,ORCL,gbm_quantile,nonsentiment,50,difference,80.33000183105469,81.12089852431659,-0.7908966932618995,0.7908966932618995
2022-12-29 00:00:00+00:00,ORCL,gbm_quantile,nonsentiment,50,difference,81.4000015258789,80.23679976844771,1.163201757431196,1.163201757431196
2022-12-30 00:00:00+00:00,ORCL,gbm_quantile,nonsentiment,50,difference,81.73999786376953,81.0691384338653,0.6708594299042261,0.6708594299042261
2023-01-03 00:00:00+00:00,ORCL,gbm_quantile,nonsentiment,50,difference,83.72000122070312,81.4821259212567,2.2378752994464293,2.2378752994464293
2023-01-04 00:00:00+00:00,ORCL,gbm_quantile,nonsentiment,50,difference,84.4800033569336,83.86671250867047,0.6132908482631194,0.6132908482631194
2023-01-05 00:00:00+00:00,ORCL,gbm_quantile,nonsentiment,50,difference,84.30999755859375,84.4429227856281,-0.13292522703434884,0.13292522703434884
2023-01-06 00:00:00+00:00,ORCL,gbm_quantile,nonsentiment,50,difference,85.66000366210938,84.22668606881803,1.4333175932913491,1.4333175932913491
2023-01-09 00:00:00+00:00,ORCL,gbm_quantile,nonsentiment,50,difference,86.41999816894531,85.91436752601095,0.5056306429343636,0.5056306429343636
2023-01-10 00:00:00+00:00,ORCL,gbm_quantile,nonsentiment,50,difference,86.5,86.52306638637602,-0.023066386376015657,0.023066386376015657
2023-01-11 00:00:00+00:00,ORCL,gbm_quantile,nonsentiment,50,difference,88.5999984741211,86.25794544461417,2.3420530295069284,2.3420530295069284
2023-01-12 00:00:00+00:00,ORCL,gbm_quantile,nonsentiment,50,difference,88.77999877929688,88.60039112187444,0.17960765742243723,0.17960765742243723
2023-01-13 00:00:00+00:00,ORCL,gbm_quantile,nonsentiment,50,difference,89.19999694824219,88.48034660273059,0.7196503455115959,0.7196503455115959
2023-01-17 00:00:00+00:00,ORCL,gbm_quantile,nonsentiment,50,difference,88.5999984741211,88.95529782130613,-0.3552993471850385,0.3552993471850385
2023-01-18 00:00:00+00:00,ORCL,gbm_quantile,nonsentiment,50,difference,86.70999908447266,88.52862480995353,-1.8186257254808709,1.8186257254808709
2023-01-19 00:00:00+00:00,ORCL,gbm_quantile,nonsentiment,50,difference,85.94000244140625,86.52882091944949,-0.5888184780432368,0.5888184780432368
2023-01-20 00:00:00+00:00,ORCL,gbm_quantile,nonsentiment,50,difference,87.25,85.74272141199401,1.5072785880059882,1.5072785880059882
2023-01-23 00:00:00+00:00,ORCL,gbm_quantile,nonsentiment,50,difference,88.97000122070312,86.88523474654323,2.084766474159892,2.084766474159892
2023-01-24 00:00:00+00:00,ORCL,gbm_quantile,nonsentiment,50,difference,89.69999694824219,88.79972805278783,0.9002688954543601,0.9002688954543601
2023-01-25 00:00:00+00:00,ORCL,gbm_quantile,nonsentiment,50,difference,89.63999938964844,89.38581583905741,0.2541835505910228,0.2541835505910228
2023-01-26 00:00:00+00:00,ORCL,gbm_quantile,nonsentiment,50,difference,89.83000183105469,89.46871992166253,0.36128190939216154,0.36128190939216154
2023-01-27 00:00:00+00:00,ORCL,gbm_quantile,nonsentiment,50,difference,88.98999786376953,89.79613257144885,-0.8061347076793197,0.8061347076793197
2023-01-30 00:00:00+00:00,ORCL,gbm_quantile,nonsentiment,50,difference,87.3499984741211,89.02771845226613,-1.677719978145035,1.677719978145035
2023-01-31 00:00:00+00:00,ORCL,gbm_quantile,nonsentiment,50,difference,88.45999908447266,87.2645041891993,1.195494895273356,1.195494895273356
2023-02-01 00:00:00+00:00,ORCL,gbm_quantile,nonsentiment,50,difference,90.05000305175781,88.20026347687153,1.8497395748862857,1.8497395748862857
2023-02-02 00:00:00+00:00,ORCL,gbm_quantile,nonsentiment,50,difference,89.37999725341797,89.8629381702252,-0.4829409168072374,0.4829409168072374
2023-02-03 00:00:00+00:00,ORCL,gbm_quantile,nonsentiment,50,difference,89.62000274658203,89.24440329419585,0.375599452386183,0.375599452386183
2023-02-06 00:00:00+00:00,ORCL,gbm_quantile,nonsentiment,50,difference,88.52999877929688,89.70374459103472,-1.1737458117378452,1.1737458117378452
2023-02-07 00:00:00+00:00,ORCL,gbm_quantile,nonsentiment,50,difference,87.73999786376953,88.3161974885794,-0.576199624809874,0.576199624809874
2023-02-08 00:00:00+00:00,ORCL,gbm_quantile,nonsentiment,50,difference,86.69000244140625,87.61111931894182,-0.9211168775355674,0.9211168775355674
2023-02-09 00:00:00+00:00,ORCL,gbm_quantile,nonsentiment,50,difference,86.6500015258789,86.85616045962777,-0.20615893374886696,0.20615893374886696
2023-02-10 00:00:00+00:00,ORCL,gbm_quantile,nonsentiment,50,difference,87.13999938964844,86.40716300818151,0.7328363814669245,0.7328363814669245
2023-02-13 00:00:00+00:00,ORCL,gbm_quantile,nonsentiment,50,difference,89.41999816894531,86.92491272556855,2.495085443376766,2.495085443376766
2023-02-14 00:00:00+00:00,ORCL,gbm_quantile,nonsentiment,50,difference,89.08999633789062,89.11065413616122,-0.020657798270590888,0.020657798270590888
2023-02-15 00:00:00+00:00,ORCL,gbm_quantile,nonsentiment,50,difference,88.33999633789062,89.05442926697037,-0.7144329290797486,0.7144329290797486
2023-02-16 00:00:00+00:00,ORCL,gbm_quantile,nonsentiment,50,difference,87.72000122070312,88.28811666459299,-0.5681154438898659,0.5681154438898659
2023-02-17 00:00:00+00:00,ORCL,gbm_quantile,nonsentiment,50,difference,87.27999877929688,87.56094388149013,-0.2809451021932574,0.2809451021932574
2023-02-21 00:00:00+00:00,ORCL,gbm_quantile,nonsentiment,50,difference,86.19999694824219,87.02223357689645,-0.8222366286542666,0.8222366286542666
2023-02-22 00:00:00+00:00,ORCL,gbm_quantile,nonsentiment,50,difference,86.31999969482422,85.95094150418174,0.3690581906424768,0.3690581906424768
2023-02-23 00:00:00+00:00,ORCL,gbm_quantile,nonsentiment,50,difference,88.58000183105469,86.07329749594915,2.506704335105539,2.506704335105539
2023-02-24 00:00:00+00:00,ORCL,gbm_quantile,nonsentiment,50,difference,88.66000366210938,88.58258859658645,0.07741506552292776,0.07741506552292776
2023-02-27 00:00:00+00:00,ORCL,gbm_quantile,nonsentiment,50,difference,87.95999908447266,88.5968214754135,-0.6368223909408499,0.6368223909408499
2023-02-28 00:00:00+00:00,ORCL,gbm_quantile,nonsentiment,50,difference,87.4000015258789,87.88788133894045,-0.4878798130615394,0.4878798130615394
2023-03-01 00:00:00+00:00,ORCL,gbm_quantile,nonsentiment,50,difference,86.33999633789062,87.43868744642185,-1.0986911085312272,1.0986911085312272
2023-03-02 00:00:00+00:00,ORCL,gbm_quantile,nonsentiment,50,difference,86.97000122070312,86.42386044540821,0.5461407752949157,0.5461407752949157
2023-03-03 00:00:00+00:00,ORCL,gbm_quantile,nonsentiment,50,difference,89.25,86.73538030267491,2.514619697325088,2.514619697325088
2023-03-06 00:00:00+00:00,ORCL,gbm_quantile,nonsentiment,50,difference,89.73999786376953,88.73987862796379,1.000119235805741,1.000119235805741
2023-03-07 00:00:00+00:00,ORCL,gbm_quantile,nonsentiment,50,difference,88.36000061035156,89.57406533243535,-1.2140647220837906,1.2140647220837906
2023-03-08 00:00:00+00:00,ORCL,gbm_quantile,nonsentiment,50,difference,88.48999786376953,88.06452440023921,0.42547346353032367,0.42547346353032367
2023-03-09 00:00:00+00:00,ORCL,gbm_quantile,nonsentiment,50,difference,86.87000274658203,88.19826921935578,-1.3282664727737483,1.3282664727737483
2023-03-10 00:00:00+00:00,ORCL,gbm_quantile,nonsentiment,50,difference,84.06999969482422,86.52644310518032,-2.4564434103561013,2.4564434103561013
2023-03-13 00:00:00+00:00,ORCL,gbm_quantile,nonsentiment,50,difference,84.93000030517578,84.24884220144337,0.6811581037324146,0.6811581037324146
2023-03-14 00:00:00+00:00,ORCL,gbm_quantile,nonsentiment,50,difference,84.55999755859375,84.79860522813478,-0.2386076695410253,0.2386076695410253
2023-03-15 00:00:00+00:00,ORCL,gbm_quantile,nonsentiment,50,difference,82.9800033569336,84.51580056852451,-1.5357972115909178,1.5357972115909178
2023-03-16 00:00:00+00:00,ORCL,gbm_quantile,nonsentiment,50,difference,84.81999969482422,83.04870099102487,1.7712987037993457,1.7712987037993457
2023-03-17 00:00:00+00:00,ORCL,gbm_quantile,nonsentiment,50,difference,85.26000213623047,84.75986542955593,0.5001367066745388,0.5001367066745388
2023-03-20 00:00:00+00:00,ORCL,gbm_quantile,nonsentiment,50,difference,86.95999908447266,85.67580767163997,1.2841914128326835,1.2841914128326835
2023-03-21 00:00:00+00:00,ORCL,gbm_quantile,nonsentiment,50,difference,87.58000183105469,86.83974869377374,0.7402531372809449,0.7402531372809449
2023-03-22 00:00:00+00:00,ORCL,gbm_quantile,nonsentiment,50,difference,87.9000015258789,87.44212928805784,0.45787223782106423,0.45787223782106423
2023-03-23 00:00:00+00:00,ORCL,gbm_quantile,nonsentiment,50,difference,87.77999877929688,87.72026381805661,0.05973496124026667,0.05973496124026667
2023-03-24 00:00:00+00:00,ORCL,gbm_quantile,nonsentiment,50,difference,88.01000213623047,87.61677823657176,0.3932238996587074,0.3932238996587074
2023-03-27 00:00:00+00:00,ORCL,gbm_quantile,nonsentiment,50,difference,90.13999938964844,88.15127150183672,1.98872788781172,1.98872788781172
2023-03-28 00:00:00+00:00,ORCL,gbm_quantile,nonsentiment,50,difference,89.8499984741211,90.16172984659401,-0.31173137247292004,0.31173137247292004
2023-03-29 00:00:00+00:00,ORCL,gbm_quantile,nonsentiment,50,difference,90.62000274658205,89.61712297025056,1.0028797763314827,1.0028797763314827
2023-03-30 00:00:00+00:00,ORCL,gbm_quantile,nonsentiment,50,difference,90.51000213623048,90.54586098041123,-0.03585884418075125,0.03585884418075125
2023-03-31 00:00:00+00:00,ORCL,gbm_quantile,nonsentiment,50,difference,92.91999816894533,90.64431069869352,2.2756874702518104,2.2756874702518104
2023-04-03 00:00:00+00:00,ORCL,gbm_quantile,nonsentiment,50,difference,93.91999816894533,92.9261075358237,0.9938906331216231,0.9938906331216231
2023-04-04 00:00:00+00:00,ORCL,gbm_quantile,nonsentiment,50,difference,94.0,93.99534719208594,0.0046528079140557566,0.0046528079140557566
2023-04-05 00:00:00+00:00,ORCL,gbm_quantile,nonsentiment,50,difference,94.88999938964844,93.85489160409567,1.0351077855527677,1.0351077855527677
2023-04-06 00:00:00+00:00,ORCL,gbm_quantile,nonsentiment,50,difference,95.91999816894533,95.25612825353991,0.6638699154054137,0.6638699154054137
2023-04-10 00:00:00+00:00,ORCL,gbm_quantile,nonsentiment,50,difference,93.76000213623048,95.88548090511736,-2.125478768886879,2.125478768886879
2023-04-11 00:00:00+00:00,ORCL,gbm_quantile,nonsentiment,50,difference,93.97000122070312,93.63559569268526,0.33440552801786794,0.33440552801786794
2023-04-12 00:00:00+00:00,ORCL,gbm_quantile,nonsentiment,50,difference,93.9000015258789,94.01343391508723,-0.11343238920832732,0.11343238920832732
2023-04-13 00:00:00+00:00,ORCL,gbm_quantile,nonsentiment,50,difference,95.5500030517578,93.87946233124188,1.6705407205159162,1.6705407205159162
2023-04-14 00:00:00+00:00,ORCL,gbm_quantile,nonsentiment,50,difference,95.70999908447266,95.49682769570786,0.2131713887647919,0.2131713887647919
2023-04-17 00:00:00+00:00,ORCL,gbm_quantile,nonsentiment,50,difference,95.58999633789062,95.65537762463833,-0.0653812867477086,0.0653812867477086
2023-04-18 00:00:00+00:00,ORCL,gbm_quantile,nonsentiment,50,difference,96.47000122070312,95.40069595445055,1.0693052662525702,1.0693052662525702
2023-04-19 00:00:00+00:00,ORCL,gbm_quantile,nonsentiment,50,difference,95.80999755859376,96.44408529456751,-0.6340877359737505,0.6340877359737505
2023-04-20 00:00:00+00:00,ORCL,gbm_quantile,nonsentiment,50,difference,94.83000183105467,95.7297334828337,-0.899731651779021,0.899731651779021
2023-04-21 00:00:00+00:00,ORCL,gbm_quantile,nonsentiment,50,difference,95.1500015258789,94.65052173976946,0.4994797861094469,0.4994797861094469
2023-04-24 00:00:00+00:00,ORCL,gbm_quantile,nonsentiment,50,difference,95.44000244140624,95.08774080019428,0.35226164121195325,0.35226164121195325
2023-04-25 00:00:00+00:00,ORCL,gbm_quantile,nonsentiment,50,difference,94.05999755859376,95.243558406857,-1.183560848263241,1.183560848263241
2023-04-26 00:00:00+00:00,ORCL,gbm_quantile,nonsentiment,50,difference,93.70999908447266,94.12102041752652,-0.411021333053867,0.411021333053867
2023-04-27 00:00:00+00:00,ORCL,gbm_quantile,nonsentiment,50,difference,95.04000091552734,93.55400337487502,1.4859975406523205,1.4859975406523205
2023-04-28 00:00:00+00:00,ORCL,gbm_quantile,nonsentiment,50,difference,94.72000122070312,94.71989537721021,0.00010584349291775652,0.00010584349291775652
2023-05-01 00:00:00+00:00,ORCL,gbm_quantile,nonsentiment,50,difference,94.87000274658205,94.65494851721925,0.21505422936279217,0.21505422936279217
2023-05-02 00:00:00+00:00,ORCL,gbm_quantile,nonsentiment,50,difference,94.8000030517578,94.82853005843745,-0.0285270066796528,0.0285270066796528
2023-05-03 00:00:00+00:00,ORCL,gbm_quantile,nonsentiment,50,difference,94.77999877929688,94.53779184046017,0.24220693883670208,0.24220693883670208
2023-05-04 00:00:00+00:00,ORCL,gbm_quantile,nonsentiment,50,difference,94.97000122070312,94.60806633902648,0.3619348816766461,0.3619348816766461
2023-05-05 00:00:00+00:00,ORCL,gbm_quantile,nonsentiment,50,difference,96.97000122070312,94.76147277615037,2.208528444552755,2.208528444552755
2023-05-08 00:00:00+00:00,ORCL,gbm_quantile,nonsentiment,50,difference,96.79000091552734,96.9687731400693,-0.17877222454195874,0.17877222454195874
2023-05-09 00:00:00+00:00,ORCL,gbm_quantile,nonsentiment,50,difference,96.13999938964844,96.5993733487176,-0.45937395906916834,0.45937395906916834
2023-05-10 00:00:00+00:00,ORCL,gbm_quantile,nonsentiment,50,difference,97.5199966430664,95.97143322754519,1.5485634155212153,1.5485634155212153
2023-05-11 00:00:00+00:00,ORCL,gbm_quantile,nonsentiment,50,difference,97.44000244140624,97.1592461409216,0.28075630048464006,0.28075630048464006
2023-05-12 00:00:00+00:00,ORCL,gbm_quantile,nonsentiment,50,difference,97.8499984741211,97.41053957647743,0.43945889764366086,0.43945889764366086
2023-05-15 00:00:00+00:00,ORCL,gbm_quantile,nonsentiment,50,difference,97.26000213623048,97.68765022598738,-0.42764808975690016,0.42764808975690016
2023-05-16 00:00:00+00:00,ORCL,gbm_quantile,nonsentiment,50,difference,98.25,96.8835377969226,1.366462203077404,1.366462203077404
2023-05-17 00:00:00+00:00,ORCL,gbm_quantile,nonsentiment,50,difference,99.7699966430664,97.92735365298385,1.8426429900825525,1.8426429900825525
2023-05-18 00:00:00+00:00,ORCL,gbm_quantile,nonsentiment,50,difference,102.33999633789062,99.80195622116906,2.538040116721561,2.538040116721561
2023-05-19 00:00:00+00:00,ORCL,gbm_quantile,nonsentiment,50,difference,102.83999633789062,102.46053678238269,0.3794595555079354,0.3794595555079354
2023-05-22 00:00:00+00:00,ORCL,gbm_quantile,nonsentiment,50,difference,101.7699966430664,102.7346146614629,-0.964618018396493,0.964618018396493
2023-05-23 00:00:00+00:00,ORCL,gbm_quantile,nonsentiment,50,difference,98.54000091552734,101.62987515286596,-3.08987423733862,3.08987423733862
2023-05-24 00:00:00+00:00,ORCL,gbm_quantile,nonsentiment,50,difference,98.31999969482422,98.55340020096325,-0.2334005061390343,0.2334005061390343
2023-05-25 00:00:00+00:00,ORCL,gbm_quantile,nonsentiment,50,difference,104.29000091552734,98.24239872344172,6.04760219208562,6.04760219208562
2023-05-26 00:00:00+00:00,ORCL,gbm_quantile,nonsentiment,50,difference,104.08000183105467,104.1356363945299,-0.05563456347522333,0.05563456347522333
2023-05-30 00:00:00+00:00,ORCL,gbm_quantile,nonsentiment,50,difference,105.1500015258789,104.07296605732058,1.0770354685583214,1.0770354685583214
2023-05-31 00:00:00+00:00,ORCL,gbm_quantile,nonsentiment,50,difference,105.94000244140624,105.17601585760252,0.7639865838037139,0.7639865838037139
2023-06-01 00:00:00+00:00,ORCL,gbm_quantile,nonsentiment,50,difference,105.98999786376952,106.18222444063858,-0.19222657686906075,0.19222657686906075
2023-06-02 00:00:00+00:00,ORCL,gbm_quantile,nonsentiment,50,difference,105.88999938964844,106.04407929025693,-0.15407990060849386,0.15407990060849386
2023-06-05 00:00:00+00:00,ORCL,gbm_quantile,nonsentiment,50,difference,106.93000030517578,105.8543193353523,1.0756809698234804,1.0756809698234804
2023-06-06 00:00:00+00:00,ORCL,gbm_quantile,nonsentiment,50,difference,107.0999984741211,106.92666310711186,0.1733353670092299,0.1733353670092299
2023-06-07 00:00:00+00:00,ORCL,gbm_quantile,nonsentiment,50,difference,105.25,107.00993497858667,-1.7599349785866707,1.7599349785866707
2023-06-08 00:00:00+00:00,ORCL,gbm_quantile,nonsentiment,50,difference,107.4800033569336,105.64342578711937,1.8365775698142244,1.8365775698142244
2023-06-09 00:00:00+00:00,ORCL,gbm_quantile,nonsentiment,50,difference,109.8499984741211,107.552611223272,2.2973872508490985,2.2973872508490985
2023-06-12 00:00:00+00:00,ORCL,gbm_quantile,nonsentiment,50,difference,116.43000030517578,109.83516471121776,6.594835593958024,6.594835593958024
2023-06-13 00:00:00+00:00,ORCL,gbm_quantile,nonsentiment,50,difference,116.68000030517578,116.7561167725864,-0.07611646741061406,0.07611646741061406
2023-06-14 00:00:00+00:00,ORCL,gbm_quantile,nonsentiment,50,difference,122.2699966430664,116.69986239870349,5.570134244362919,5.570134244362919
2023-06-15 00:00:00+00:00,ORCL,gbm_quantile,nonsentiment,50,difference,126.5500030517578,122.20340526620977,4.346597785548028,4.346597785548028
2023-06-16 00:00:00+00:00,ORCL,gbm_quantile,nonsentiment,50,difference,125.45999908447266,126.55745156353431,-1.0974524790616584,1.0974524790616584
2023-06-20 00:00:00+00:00,ORCL,gbm_quantile,nonsentiment,50,difference,122.04000091552734,125.30247110412034,-3.2624701885929994,3.2624701885929994
2023-06-21 00:00:00+00:00,ORCL,gbm_quantile,nonsentiment,50,difference,122.0999984741211,122.29212477470242,-0.19212630058132163,0.19212630058132163
2023-06-22 00:00:00+00:00,ORCL,gbm_quantile,nonsentiment,50,difference,120.58000183105467,122.11343379112976,-1.5334319600750916,1.5334319600750916
2023-06-23 00:00:00+00:00,ORCL,gbm_quantile,nonsentiment,50,difference,118.63999938964844,120.5025884849205,-1.8625890952720567,1.8625890952720567
2023-06-26 00:00:00+00:00,ORCL,gbm_quantile,nonsentiment,50,difference,116.77999877929688,119.06434484408292,-2.2843460647860496,2.2843460647860496
2023-06-27 00:00:00+00:00,ORCL,gbm_quantile,nonsentiment,50,difference,117.83999633789062,116.63376982181579,1.2062265160748353,1.2062265160748353
2023-06-28 00:00:00+00:00,ORCL,gbm_quantile,nonsentiment,50,difference,116.52999877929688,118.201595908225,-1.671597128928127,1.671597128928127
2023-06-29 00:00:00+00:00,ORCL,gbm_quantile,nonsentiment,50,difference,117.77999877929688,116.38952466614802,1.390474113148855,1.390474113148855
2023-06-30 00:00:00+00:00,ORCL,gbm_quantile,nonsentiment,50,difference,119.08999633789062,117.86804649836444,1.2219498395261894,1.2219498395261894
2023-07-03 00:00:00+00:00,ORCL,gbm_quantile,nonsentiment,50,difference,117.1500015258789,119.29390236393853,-2.143900838059622,2.143900838059622
2023-07-05 00:00:00+00:00,ORCL,gbm_quantile,nonsentiment,50,difference,115.95999908447266,117.17328476215141,-1.2132856776787548,1.2132856776787548
2023-07-06 00:00:00+00:00,ORCL,gbm_quantile,nonsentiment,50,difference,115.4499969482422,115.95816573435143,-0.5081687861092234,0.5081687861092234
2023-07-07 00:00:00+00:00,ORCL,gbm_quantile,nonsentiment,50,difference,114.61000061035156,115.32388774798773,-0.7138871376361635,0.7138871376361635
2023-07-10 00:00:00+00:00,ORCL,gbm_quantile,nonsentiment,50,difference,114.37999725341795,114.58213103899449,-0.20213378557653527,0.20213378557653527
2023-07-11 00:00:00+00:00,ORCL,gbm_quantile,nonsentiment,50,difference,114.87999725341795,114.40477743127268,0.47521982214527725,0.47521982214527725
2023-07-12 00:00:00+00:00,ORCL,gbm_quantile,nonsentiment,50,difference,116.0199966430664,114.76027894051391,1.2597177025524928,1.2597177025524928
2023-07-13 00:00:00+00:00,ORCL,gbm_quantile,nonsentiment,50,difference,117.4499969482422,115.98142883627507,1.46856811196713,1.46856811196713
2023-07-14 00:00:00+00:00,ORCL,gbm_quantile,nonsentiment,50,difference,119.2699966430664,117.43027079341138,1.839725849655025,1.839725849655025
2023-07-17 00:00:00+00:00,ORCL,gbm_quantile,nonsentiment,50,difference,118.88999938964844,119.49723003846698,-0.6072306488185433,0.6072306488185433
2023-07-18 00:00:00+00:00,ORCL,gbm_quantile,nonsentiment,50,difference,120.7699966430664,118.76491256046027,2.005084082606132,2.005084082606132
2023-07-19 00:00:00+00:00,ORCL,gbm_quantile,nonsentiment,50,difference,118.69000244140624,120.71914869910414,-2.029146257697903,2.029146257697903
2023-07-20 00:00:00+00:00,ORCL,gbm_quantile,nonsentiment,50,difference,115.87999725341795,118.62066396091925,-2.7406667075012905,2.7406667075012905
2023-07-21 00:00:00+00:00,ORCL,gbm_quantile,nonsentiment,50,difference,117.6500015258789,115.90664815482532,1.743353371053587,1.743353371053587
2023-07-24 00:00:00+00:00,ORCL,gbm_quantile,nonsentiment,50,difference,118.06999969482422,117.793300829049,0.2766988657752165,0.2766988657752165
2023-07-25 00:00:00+00:00,ORCL,gbm_quantile,nonsentiment,50,difference,117.9499969482422,117.90889167779821,0.04110527044399248,0.04110527044399248
2023-07-26 00:00:00+00:00,ORCL,gbm_quantile,nonsentiment,50,difference,115.5,117.74788947775863,-2.2478894777586333,2.2478894777586333
2023-07-27 00:00:00+00:00,ORCL,gbm_quantile,nonsentiment,50,difference,116.4000015258789,115.5226070883725,0.8773944375064104,0.8773944375064104
2023-07-28 00:00:00+00:00,ORCL,gbm_quantile,nonsentiment,50,difference,115.98999786376952,116.59359414365463,-0.6035962798851102,0.6035962798851102
2023-07-31 00:00:00+00:00,ORCL,gbm_quantile,nonsentiment,50,difference,117.2300033569336,116.06555884687695,1.16444451005664,1.16444451005664
2023-08-01 00:00:00+00:00,ORCL,gbm_quantile,nonsentiment,50,difference,117.91000366210938,117.29989187198133,0.6101117901280446,0.6101117901280446
2023-08-02 00:00:00+00:00,ORCL,gbm_quantile,nonsentiment,50,difference,115.70999908447266,117.89394983466579,-2.1839507501931337,2.1839507501931337
2023-08-03 00:00:00+00:00,ORCL,gbm_quantile,nonsentiment,50,difference,114.5500030517578,115.73115997381191,-1.1811569220541145,1.1811569220541145
2023-08-04 00:00:00+00:00,ORCL,gbm_quantile,nonsentiment,50,difference,114.44000244140624,114.46093951214657,-0.02093707074033091,0.02093707074033091
2023-08-07 00:00:00+00:00,ORCL,gbm_quantile,nonsentiment,50,difference,116.0999984741211,114.28173378717139,1.8182646869497034,1.8182646869497034
2023-08-08 00:00:00+00:00,ORCL,gbm_quantile,nonsentiment,50,difference,115.2300033569336,116.00304183760296,-0.7730384806693706,0.7730384806693706
2023-08-09 00:00:00+00:00,ORCL,gbm_quantile,nonsentiment,50,difference,113.0999984741211,115.22523635259122,-2.1252378784701307,2.1252378784701307
2023-08-10 00:00:00+00:00,ORCL,gbm_quantile,nonsentiment,50,difference,112.98999786376952,113.02733423749208,-0.03733637372256737,0.03733637372256737
2023-08-11 00:00:00+00:00,ORCL,gbm_quantile,nonsentiment,50,difference,113.05999755859376,112.7086081158952,0.35138944269856154,0.35138944269856154
2023-08-14 00:00:00+00:00,ORCL,gbm_quantile,nonsentiment,50,difference,115.56999969482422,112.87141675954076,2.6985829352834543,2.6985829352834543
2023-08-15 00:00:00+00:00,ORCL,gbm_quantile,nonsentiment,50,difference,117.29000091552734,115.51265791144438,1.7773430040829652,1.7773430040829652
2023-08-16 00:00:00+00:00,ORCL,gbm_quantile,nonsentiment,50,difference,115.33999633789062,117.2018331031868,-1.8618367652961751,1.8618367652961751
2023-08-17 00:00:00+00:00,ORCL,gbm_quantile,nonsentiment,50,difference,114.87999725341795,115.3407668769229,-0.46076962350494455,0.46076962350494455
2023-08-18 00:00:00+00:00,ORCL,gbm_quantile,nonsentiment,50,difference,116.45999908447266,114.80626816315943,1.653730921313226,1.653730921313226
2023-08-21 00:00:00+00:00,ORCL,gbm_quantile,nonsentiment,50,difference,116.58999633789062,116.32745437849832,0.2625419593923084,0.2625419593923084
2023-08-22 00:00:00+00:00,ORCL,gbm_quantile,nonsentiment,50,difference,116.54000091552734,116.81608845398604,-0.2760875384586967,0.2760875384586967
2023-08-23 00:00:00+00:00,ORCL,gbm_quantile,nonsentiment,50,difference,117.83999633789062,116.47576305318889,1.36423328470174,1.36423328470174
2023-08-24 00:00:00+00:00,ORCL,gbm_quantile,nonsentiment,50,difference,112.91000366210938,117.70865722272147,-4.798653560612095,4.798653560612095
2023-08-25 00:00:00+00:00,ORCL,gbm_quantile,nonsentiment,50,difference,116.05999755859376,112.76551827542642,3.294479283167348,3.294479283167348
2023-08-28 00:00:00+00:00,ORCL,gbm_quantile,nonsentiment,50,difference,116.83999633789062,116.20690933178125,0.6330870061093776,0.6330870061093776
2023-08-29 00:00:00+00:00,ORCL,gbm_quantile,nonsentiment,50,difference,120.6500015258789,116.90598235109312,3.744019174785791,3.744019174785791
2023-08-30 00:00:00+00:00,ORCL,gbm_quantile,nonsentiment,50,difference,121.12000274658205,120.59448860862858,0.5255141379534649,0.5255141379534649
2023-08-31 00:00:00+00:00,ORCL,gbm_quantile,nonsentiment,50,difference,120.38999938964844,121.09837486907851,-0.7083754794300745,0.7083754794300745
2023-09-01 00:00:00+00:00,ORCL,gbm_quantile,nonsentiment,50,difference,120.93000030517578,120.42815049781477,0.5018498073610118,0.5018498073610118
2023-09-05 00:00:00+00:00,ORCL,gbm_quantile,nonsentiment,50,difference,123.9800033569336,120.88816067771683,3.091842679216768,3.091842679216768
2023-09-06 00:00:00+00:00,ORCL,gbm_quantile,nonsentiment,50,difference,124.33000183105467,123.92347993566739,0.4065218953872858,0.4065218953872858
2023-09-07 00:00:00+00:00,ORCL,gbm_quantile,nonsentiment,50,difference,125.08999633789062,124.37592374967109,0.7140725882195369,0.7140725882195369
2023-09-08 00:00:00+00:00,ORCL,gbm_quantile,nonsentiment,50,difference,126.31999969482422,125.21975360305674,1.100246091767474,1.100246091767474
2023-09-11 00:00:00+00:00,ORCL,gbm_quantile,nonsentiment,50,difference,126.70999908447266,126.60590786366738,0.10409122080527311,0.10409122080527311
2023-09-12 00:00:00+00:00,ORCL,gbm_quantile,nonsentiment,50,difference,109.61000061035156,126.7075952367681,-17.097594626416537,17.097594626416537
2023-09-13 00:00:00+00:00,ORCL,gbm_quantile,nonsentiment,50,difference,111.83999633789062,109.45230333494314,2.3876930029474863,2.3876930029474863
2023-09-14 00:00:00+00:00,ORCL,gbm_quantile,nonsentiment,50,difference,113.66000366210938,111.67371522092535,1.9862884411840298,1.9862884411840298
2023-09-15 00:00:00+00:00,ORCL,gbm_quantile,nonsentiment,50,difference,113.91000366210938,113.89375701296917,0.01624664914020002,0.01624664914020002
2023-09-18 00:00:00+00:00,ORCL,gbm_quantile,nonsentiment,50,difference,112.20999908447266,114.09963291171911,-1.8896338272464561,1.8896338272464561
2023-09-19 00:00:00+00:00,ORCL,gbm_quantile,nonsentiment,50,difference,112.7699966430664,112.19642761410492,0.5735690289614865,0.5735690289614865
2023-09-20 00:00:00+00:00,ORCL,gbm_quantile,nonsentiment,50,difference,112.87000274658205,112.88240236362383,-0.01239961704177972,0.01239961704177972
2023-09-21 00:00:00+00:00,ORCL,gbm_quantile,nonsentiment,50,difference,109.43000030517578,112.79971106929213,-3.3697107641163484,3.3697107641163484
2023-09-22 00:00:00+00:00,ORCL,gbm_quantile,nonsentiment,50,difference,109.02999877929688,109.5203366102186,-0.49033783092173167,0.49033783092173167
2023-09-25 00:00:00+00:00,ORCL,gbm_quantile,nonsentiment,50,difference,108.3000030517578,109.29634736558106,-0.9963443138232577,0.9963443138232577
2023-09-26 00:00:00+00:00,ORCL,gbm_quantile,nonsentiment,50,difference,104.87999725341795,108.30087783668982,-3.4208805832718667,3.4208805832718667
2023-09-27 00:00:00+00:00,ORCL,gbm_quantile,nonsentiment,50,difference,104.62000274658205,105.35210622641799,-0.732103479835942,0.732103479835942
2023-09-28 00:00:00+00:00,ORCL,gbm_quantile,nonsentiment,50,difference,106.1500015258789,104.52971692580817,1.6202846000707325,1.6202846000707325
2023-09-29 00:00:00+00:00,ORCL,gbm_quantile,nonsentiment,50,difference,105.91999816894533,106.36922416138474,-0.4492259924394091,0.4492259924394091
2023-10-02 00:00:00+00:00,ORCL,gbm_quantile,nonsentiment,50,difference,106.70999908447266,106.10622455639917,0.6037745280734867,0.6037745280734867
2023-10-03 00:00:00+00:00,ORCL,gbm_quantile,nonsentiment,50,difference,104.5199966430664,106.53864040132062,-2.018643758254214,2.018643758254214
2023-10-04 00:00:00+00:00,ORCL,gbm_quantile,nonsentiment,50,difference,107.08000183105467,104.3823119813608,2.697689849693873,2.697689849693873
2023-10-05 00:00:00+00:00,ORCL,gbm_quantile,nonsentiment,50,difference,108.3499984741211,107.02014085642337,1.3298576176977264,1.3298576176977264
2023-10-06 00:00:00+00:00,ORCL,gbm_quantile,nonsentiment,50,difference,109.95999908447266,108.39009031535699,1.5699087691156706,1.5699087691156706
2023-10-09 00:00:00+00:00,ORCL,gbm_quantile,nonsentiment,50,difference,110.31999969482422,109.94228814842943,0.3777115463947922,0.3777115463947922
2023-10-10 00:00:00+00:00,ORCL,gbm_quantile,nonsentiment,50,difference,109.70999908447266,110.28307252001707,-0.5730734355444156,0.5730734355444156
2023-10-11 00:00:00+00:00,ORCL,gbm_quantile,nonsentiment,50,difference,109.63999938964844,109.78347539973733,-0.14347601008888944,0.14347601008888944
2023-10-12 00:00:00+00:00,ORCL,gbm_quantile,nonsentiment,50,difference,109.11000061035156,109.41192703757156,-0.3019264272199962,0.3019264272199962
2023-10-13 00:00:00+00:00,ORCL,gbm_quantile,nonsentiment,50,difference,108.25,108.97361226859044,-0.7236122685904434,0.7236122685904434
2023-10-16 00:00:00+00:00,ORCL,gbm_quantile,nonsentiment,50,difference,108.70999908447266,107.80820918860415,0.9017898958685038,0.9017898958685038
2023-10-17 00:00:00+00:00,ORCL,gbm_quantile,nonsentiment,50,difference,109.04000091552734,108.83846124081096,0.20153967471638623,0.20153967471638623
2023-10-18 00:00:00+00:00,ORCL,gbm_quantile,nonsentiment,50,difference,108.25,108.6412976768968,-0.39129767689679795,0.39129767689679795
2023-10-19 00:00:00+00:00,ORCL,gbm_quantile,nonsentiment,50,difference,108.33999633789062,108.25479183315028,0.08520450474034647,0.08520450474034647
2023-10-20 00:00:00+00:00,ORCL,gbm_quantile,nonsentiment,50,difference,101.8499984741211,108.22624653989163,-6.37624806577054,6.37624806577054
2023-10-23 00:00:00+00:00,ORCL,gbm_quantile,nonsentiment,50,difference,103.66000366210938,101.78899700589245,1.8710066562169203,1.8710066562169203
2023-10-24 00:00:00+00:00,ORCL,gbm_quantile,nonsentiment,50,difference,103.1999969482422,103.61514316442272,-0.41514621618051706,0.41514621618051706
2023-10-25 00:00:00+00:00,ORCL,gbm_quantile,nonsentiment,50,difference,101.43000030517578,103.17291203512312,-1.7429117299473376,1.7429117299473376
2023-10-26 00:00:00+00:00,ORCL,gbm_quantile,nonsentiment,50,difference,100.4000015258789,101.42050436708469,-1.0205028412057828,1.0205028412057828
2023-10-27 00:00:00+00:00,ORCL,gbm_quantile,nonsentiment,50,difference,100.98999786376952,100.55954176898139,0.4304560947881271,0.4304560947881271
2023-10-30 00:00:00+00:00,ORCL,gbm_quantile,nonsentiment,50,difference,101.6500015258789,101.06845919763269,0.5815423282462149,0.5815423282462149
2023-10-31 00:00:00+00:00,ORCL,gbm_quantile,nonsentiment,50,difference,103.4000015258789,101.58219207437813,1.8178094515007786,1.8178094515007786
2023-11-01 00:00:00+00:00,ORCL,gbm_quantile,nonsentiment,50,difference,105.75,103.27199603079686,2.4780039692031437,2.4780039692031437
2023-11-02 00:00:00+00:00,ORCL,gbm_quantile,nonsentiment,50,difference,106.87000274658205,105.66701966641867,1.2029830801633778,1.2029830801633778
2023-11-03 00:00:00+00:00,ORCL,gbm_quantile,nonsentiment,50,difference,108.0500030517578,106.80844857382056,1.2415544779372425,1.2415544779372425
2023-11-06 00:00:00+00:00,ORCL,gbm_quantile,nonsentiment,50,difference,109.11000061035156,107.9854081441318,1.1245924662197666,1.1245924662197666
2023-11-07 00:00:00+00:00,ORCL,gbm_quantile,nonsentiment,50,difference,108.98999786376952,109.03628776627619,-0.046289902506671865,0.046289902506671865
2023-11-08 00:00:00+00:00,ORCL,gbm_quantile,nonsentiment,50,difference,112.33000183105467,108.98676907749365,3.3432327535610256,3.3432327535610256
2023-11-09 00:00:00+00:00,ORCL,gbm_quantile,nonsentiment,50,difference,112.18000030517578,112.30314995880224,-0.1231496536264558,0.1231496536264558
2023-11-10 00:00:00+00:00,ORCL,gbm_quantile,nonsentiment,50,difference,113.06999969482422,112.29660432010533,0.7733953747188878,0.7733953747188878
2023-11-13 00:00:00+00:00,ORCL,gbm_quantile,nonsentiment,50,difference,114.1500015258789,113.00036886646171,1.1496326594171933,1.1496326594171933
2023-11-14 00:00:00+00:00,ORCL,gbm_quantile,nonsentiment,50,difference,116.0999984741211,114.04731054116192,2.0526879329591736,2.0526879329591736
2023-11-15 00:00:00+00:00,ORCL,gbm_quantile,nonsentiment,50,difference,114.05999755859376,116.08165083307337,-2.021653274479604,2.021653274479604
2023-11-16 00:00:00+00:00,ORCL,gbm_quantile,nonsentiment,50,difference,114.66999816894533,114.00627934899997,0.663718819945359,0.663718819945359
2023-11-17 00:00:00+00:00,ORCL,gbm_quantile,nonsentiment,50,difference,115.36000061035156,114.57661811187582,0.7833824984757456,0.7833824984757456
2023-11-20 00:00:00+00:00,ORCL,gbm_quantile,nonsentiment,50,difference,116.91999816894533,115.17979948158892,1.7401986873564113,1.7401986873564113
2023-11-21 00:00:00+00:00,ORCL,gbm_quantile,nonsentiment,50,difference,116.08000183105467,116.68231916813328,-0.6023173370786026,0.6023173370786026
2023-11-22 00:00:00+00:00,ORCL,gbm_quantile,nonsentiment,50,difference,116.23999786376952,116.10328032042416,0.13671754334535535,0.13671754334535535
2023-11-24 00:00:00+00:00,ORCL,gbm_quantile,nonsentiment,50,difference,116.25,116.2256867204056,0.024313279594395,0.024313279594395
2023-11-27 00:00:00+00:00,ORCL,gbm_quantile,nonsentiment,50,difference,116.47000122070312,115.98670371044686,0.4832975102562642,0.4832975102562642
2023-11-28 00:00:00+00:00,ORCL,gbm_quantile,nonsentiment,50,difference,116.23999786376952,116.28993496041205,-0.049937096642537426,0.049937096642537426
2023-11-29 00:00:00+00:00,ORCL,gbm_quantile,nonsentiment,50,difference,116.20999908447266,115.83643530221372,0.37356378225894105,0.37356378225894105
2023-11-30 00:00:00+00:00,ORCL,gbm_quantile,nonsentiment,50,difference,116.20999908447266,116.25084055494374,-0.04084147047107933,0.04084147047107933
2023-12-01 00:00:00+00:00,ORCL,gbm_quantile,nonsentiment,50,difference,117.16000366210938,115.8940087288531,1.2659949332562803,1.2659949332562803
2023-12-04 00:00:00+00:00,ORCL,gbm_quantile,nonsentiment,50,difference,115.77999877929688,116.89941923479427,-1.1194204554973908,1.1194204554973908
2023-12-05 00:00:00+00:00,ORCL,gbm_quantile,nonsentiment,50,difference,114.52999877929688,115.55374602685094,-1.0237472475540699,1.0237472475540699
2023-12-06 00:00:00+00:00,ORCL,gbm_quantile,nonsentiment,50,difference,112.02999877929688,114.2749143324615,-2.244915553164631,2.244915553164631
2023-12-07 00:00:00+00:00,ORCL,gbm_quantile,nonsentiment,50,difference,112.87000274658205,112.13717208670637,0.732830659875674,0.732830659875674
2023-12-08 00:00:00+00:00,ORCL,gbm_quantile,nonsentiment,50,difference,113.61000061035156,112.72361320551691,0.8863874048346503,0.8863874048346503
2023-12-11 00:00:00+00:00,ORCL,gbm_quantile,nonsentiment,50,difference,115.12999725341795,113.50972094133753,1.6202763120804207,1.6202763120804207
2023-12-12 00:00:00+00:00,ORCL,gbm_quantile,nonsentiment,50,difference,100.80999755859376,115.06799356432734,-14.257996005733574,14.257996005733574
2023-12-13 00:00:00+00:00,ORCL,gbm_quantile,nonsentiment,50,difference,102.98999786376952,100.76816212424957,2.221835739519946,2.221835739519946
2023-12-14 00:00:00+00:00,ORCL,gbm_quantile,nonsentiment,50,difference,100.30999755859376,102.89098673612669,-2.5809891775329277,2.5809891775329277
2023-12-15 00:00:00+00:00,ORCL,gbm_quantile,nonsentiment,50,difference,103.31999969482422,100.19845631740216,3.121543377422057,3.121543377422057
