Date,Stock,Model,Mode,Lag_Count,Target_Transform,Actual,Predicted,Residual,Absolute_Error
2021-03-04 00:00:00+00:00,BRK-B,gbm_quantile,sentiment,40,difference,245.47999572753903,251.64895395155864,-6.168958224019605,6.168958224019605
2021-03-05 00:00:00+00:00,BRK-B,gbm_quantile,sentiment,40,difference,253.1499938964844,245.57610466514288,7.573889231341525,7.573889231341525
2021-03-08 00:00:00+00:00,BRK-B,gbm_quantile,sentiment,40,difference,257.6099853515625,253.2041317530677,4.405853598494787,4.405853598494787
2021-03-09 00:00:00+00:00,BRK-B,gbm_quantile,sentiment,40,difference,259.0199890136719,257.69989737652304,1.3200916371488347,1.3200916371488347
2021-03-10 00:00:00+00:00,BRK-B,gbm_quantile,sentiment,40,difference,263.989990234375,259.0762011190417,4.913789115333316,4.913789115333316
2021-03-11 00:00:00+00:00,BRK-B,gbm_quantile,sentiment,40,difference,260.9100036621094,263.97968864277675,-3.0696849806673754,3.0696849806673754
2021-03-12 00:00:00+00:00,BRK-B,gbm_quantile,sentiment,40,difference,260.0199890136719,260.95492983959883,-0.934940825926958,0.934940825926958
2021-03-15 00:00:00+00:00,BRK-B,gbm_quantile,sentiment,40,difference,254.6100006103516,260.06725368330046,-5.457253072948873,5.457253072948873
2021-03-16 00:00:00+00:00,BRK-B,gbm_quantile,sentiment,40,difference,251.5,254.73063186887276,-3.230631868872763,3.230631868872763
2021-03-17 00:00:00+00:00,BRK-B,gbm_quantile,sentiment,40,difference,252.0,251.6252788368583,0.374721163141686,0.374721163141686
2021-03-18 00:00:00+00:00,BRK-B,gbm_quantile,sentiment,40,difference,252.4600067138672,252.15982273045083,0.30018398341636043,0.30018398341636043
2021-03-19 00:00:00+00:00,BRK-B,gbm_quantile,sentiment,40,difference,250.9900054931641,252.5862124222213,-1.5962069290572174,1.5962069290572174
2021-03-22 00:00:00+00:00,BRK-B,gbm_quantile,sentiment,40,difference,250.3600006103516,251.32627186896673,-0.9662712586151372,0.9662712586151372
2021-03-23 00:00:00+00:00,BRK-B,gbm_quantile,sentiment,40,difference,248.3099975585937,250.48528516936577,-2.1752876107720738,2.1752876107720738
2021-03-24 00:00:00+00:00,BRK-B,gbm_quantile,sentiment,40,difference,249.6300048828125,248.46626295058655,1.1637419322259461,1.1637419322259461
2021-03-25 00:00:00+00:00,BRK-B,gbm_quantile,sentiment,40,difference,250.75,249.69837416923508,1.0516258307649196,1.0516258307649196
2021-03-26 00:00:00+00:00,BRK-B,gbm_quantile,sentiment,40,difference,256.7699890136719,251.00744243697156,5.762546576700316,5.762546576700316
2021-03-29 00:00:00+00:00,BRK-B,gbm_quantile,sentiment,40,difference,258.82000732421875,256.90543190939275,1.914575414826004,1.914575414826004
2021-03-30 00:00:00+00:00,BRK-B,gbm_quantile,sentiment,40,difference,258.19000244140625,258.96958113773354,-0.7795786963272917,0.7795786963272917
2021-03-31 00:00:00+00:00,BRK-B,gbm_quantile,sentiment,40,difference,255.47000122070312,258.62353330177973,-3.153532081076605,3.153532081076605
2021-04-01 00:00:00+00:00,BRK-B,gbm_quantile,sentiment,40,difference,258.20001220703125,255.65929254228897,2.5407196647422836,2.5407196647422836
2021-04-05 00:00:00+00:00,BRK-B,gbm_quantile,sentiment,40,difference,262.6600036621094,258.24633488300066,4.413668779108718,4.413668779108718
2021-04-06 00:00:00+00:00,BRK-B,gbm_quantile,sentiment,40,difference,263.0599975585937,262.6996551191157,0.3603424394780177,0.3603424394780177
2021-04-07 00:00:00+00:00,BRK-B,gbm_quantile,sentiment,40,difference,263.6199951171875,263.22530606145244,0.3946890557350571,0.3946890557350571
2021-04-08 00:00:00+00:00,BRK-B,gbm_quantile,sentiment,40,difference,263.510009765625,263.75362131532256,-0.2436115496975617,0.2436115496975617
2021-04-09 00:00:00+00:00,BRK-B,gbm_quantile,sentiment,40,difference,266.010009765625,263.76381235555795,2.2461974100670545,2.2461974100670545
2021-04-12 00:00:00+00:00,BRK-B,gbm_quantile,sentiment,40,difference,267.92999267578125,266.2470837573236,1.682908918457656,1.682908918457656
2021-04-13 00:00:00+00:00,BRK-B,gbm_quantile,sentiment,40,difference,267.1000061035156,268.0539419603211,-0.9539358568054581,0.9539358568054581
2021-04-14 00:00:00+00:00,BRK-B,gbm_quantile,sentiment,40,difference,267.5299987792969,267.2841669232492,0.24583185604768687,0.24583185604768687
2021-04-15 00:00:00+00:00,BRK-B,gbm_quantile,sentiment,40,difference,269.1400146484375,267.66719210465726,1.4728225437802394,1.4728225437802394
2021-04-16 00:00:00+00:00,BRK-B,gbm_quantile,sentiment,40,difference,272.1099853515625,269.2704436847464,2.8395416668161033,2.8395416668161033
2021-04-19 00:00:00+00:00,BRK-B,gbm_quantile,sentiment,40,difference,270.2799987792969,272.4135576188243,-2.1335588395274385,2.1335588395274385
2021-04-20 00:00:00+00:00,BRK-B,gbm_quantile,sentiment,40,difference,267.8900146484375,270.5787943238704,-2.6887796754328974,2.6887796754328974
2021-04-21 00:00:00+00:00,BRK-B,gbm_quantile,sentiment,40,difference,272.2099914550781,268.16346874415467,4.046522710923455,4.046522710923455
2021-04-22 00:00:00+00:00,BRK-B,gbm_quantile,sentiment,40,difference,269.510009765625,272.3642525232001,-2.8542427575750935,2.8542427575750935
2021-04-23 00:00:00+00:00,BRK-B,gbm_quantile,sentiment,40,difference,271.9800109863281,269.7105215607397,2.2694894255884037,2.2694894255884037
2021-04-26 00:00:00+00:00,BRK-B,gbm_quantile,sentiment,40,difference,270.8599853515625,272.22358363365004,-1.363598282087537,1.363598282087537
2021-04-27 00:00:00+00:00,BRK-B,gbm_quantile,sentiment,40,difference,273.6499938964844,271.1425020330011,2.507491863483267,2.507491863483267
2021-04-28 00:00:00+00:00,BRK-B,gbm_quantile,sentiment,40,difference,272.95001220703125,273.97803136920214,-1.0280191621708923,1.0280191621708923
2021-04-29 00:00:00+00:00,BRK-B,gbm_quantile,sentiment,40,difference,277.6000061035156,273.30931002975615,4.290696073759477,4.290696073759477
2021-04-30 00:00:00+00:00,BRK-B,gbm_quantile,sentiment,40,difference,274.95001220703125,277.9602069193062,-3.010194712274938,3.010194712274938
2021-05-03 00:00:00+00:00,BRK-B,gbm_quantile,sentiment,40,difference,279.17999267578125,275.3128706229655,3.8671220528157733,3.8671220528157733
2021-05-04 00:00:00+00:00,BRK-B,gbm_quantile,sentiment,40,difference,280.260009765625,279.4195792152301,0.840430550394899,0.840430550394899
2021-05-05 00:00:00+00:00,BRK-B,gbm_quantile,sentiment,40,difference,282.760009765625,280.12393229046756,2.6360774751574354,2.6360774751574354
2021-05-06 00:00:00+00:00,BRK-B,gbm_quantile,sentiment,40,difference,289.7099914550781,283.1067376296494,6.603253825428737,6.603253825428737
2021-05-07 00:00:00+00:00,BRK-B,gbm_quantile,sentiment,40,difference,290.92999267578125,289.9499533637664,0.9800393120148669,0.9800393120148669
2021-05-10 00:00:00+00:00,BRK-B,gbm_quantile,sentiment,40,difference,292.3299865722656,291.1377669749691,1.1922195972965142,1.1922195972965142
2021-05-11 00:00:00+00:00,BRK-B,gbm_quantile,sentiment,40,difference,285.6300048828125,292.6436950423467,-7.013690159534178,7.013690159534178
2021-05-12 00:00:00+00:00,BRK-B,gbm_quantile,sentiment,40,difference,282.9100036621094,285.6049746795226,-2.694971017413252,2.694971017413252
2021-05-13 00:00:00+00:00,BRK-B,gbm_quantile,sentiment,40,difference,286.8999938964844,283.0278587114153,3.8721351850690553,3.8721351850690553
2021-05-14 00:00:00+00:00,BRK-B,gbm_quantile,sentiment,40,difference,290.67999267578125,287.0660986124487,3.613894063332566,3.613894063332566
2021-05-17 00:00:00+00:00,BRK-B,gbm_quantile,sentiment,40,difference,289.2200012207031,291.0352650780751,-1.8152638573719742,1.8152638573719742
2021-05-18 00:00:00+00:00,BRK-B,gbm_quantile,sentiment,40,difference,287.5899963378906,289.3467745785097,-1.7567782406190986,1.7567782406190986
2021-05-19 00:00:00+00:00,BRK-B,gbm_quantile,sentiment,40,difference,286.2200012207031,287.6765326747119,-1.4565314540087684,1.4565314540087684
2021-05-20 00:00:00+00:00,BRK-B,gbm_quantile,sentiment,40,difference,286.7300109863281,286.3211897875459,0.40882119878222056,0.40882119878222056
2021-05-21 00:00:00+00:00,BRK-B,gbm_quantile,sentiment,40,difference,287.739990234375,286.78254031574636,0.9574499186286403,0.9574499186286403
2021-05-24 00:00:00+00:00,BRK-B,gbm_quantile,sentiment,40,difference,289.7300109863281,287.78021093682526,1.9498000495028691,1.9498000495028691
2021-05-25 00:00:00+00:00,BRK-B,gbm_quantile,sentiment,40,difference,287.20001220703125,289.97080276648455,-2.770790559453303,2.770790559453303
2021-05-26 00:00:00+00:00,BRK-B,gbm_quantile,sentiment,40,difference,287.3299865722656,287.3656527706113,-0.03566619834566609,0.03566619834566609
2021-05-27 00:00:00+00:00,BRK-B,gbm_quantile,sentiment,40,difference,289.29998779296875,287.38988161225467,1.910106180714081,1.910106180714081
2021-05-28 00:00:00+00:00,BRK-B,gbm_quantile,sentiment,40,difference,289.44000244140625,289.5705098061293,-0.13050736472303015,0.13050736472303015
2021-06-01 00:00:00+00:00,BRK-B,gbm_quantile,sentiment,40,difference,289.8399963378906,289.6686946316462,0.17130170624443508,0.17130170624443508
2021-06-02 00:00:00+00:00,BRK-B,gbm_quantile,sentiment,40,difference,290.0199890136719,290.18626930815736,-0.16628029448548887,0.16628029448548887
2021-06-03 00:00:00+00:00,BRK-B,gbm_quantile,sentiment,40,difference,291.9700012207031,290.16239066256827,1.8076105581348543,1.8076105581348543
2021-06-04 00:00:00+00:00,BRK-B,gbm_quantile,sentiment,40,difference,292.5199890136719,292.073758238228,0.4462307754438939,0.4462307754438939
2021-06-07 00:00:00+00:00,BRK-B,gbm_quantile,sentiment,40,difference,289.4599914550781,292.67637668154885,-3.2163852264707202,3.2163852264707202
2021-06-08 00:00:00+00:00,BRK-B,gbm_quantile,sentiment,40,difference,289.19000244140625,289.72645087454185,-0.5364484331356039,0.5364484331356039
2021-06-09 00:00:00+00:00,BRK-B,gbm_quantile,sentiment,40,difference,288.5799865722656,289.3230864393191,-0.7430998670535018,0.7430998670535018
2021-06-10 00:00:00+00:00,BRK-B,gbm_quantile,sentiment,40,difference,284.9100036621094,288.7655152288562,-3.855511566746827,3.855511566746827
2021-06-11 00:00:00+00:00,BRK-B,gbm_quantile,sentiment,40,difference,286.82000732421875,285.0524745344916,1.76753278972717,1.76753278972717
2021-06-14 00:00:00+00:00,BRK-B,gbm_quantile,sentiment,40,difference,283.5299987792969,287.0206546625589,-3.4906558832620362,3.4906558832620362
2021-06-15 00:00:00+00:00,BRK-B,gbm_quantile,sentiment,40,difference,283.94000244140625,283.69065718175585,0.2493452596503971,0.2493452596503971
2021-06-16 00:00:00+00:00,BRK-B,gbm_quantile,sentiment,40,difference,283.1099853515625,284.1146944845273,-1.0047091329648197,1.0047091329648197
2021-06-17 00:00:00+00:00,BRK-B,gbm_quantile,sentiment,40,difference,278.69000244140625,283.2612329905624,-4.571230549156155,4.571230549156155
2021-06-18 00:00:00+00:00,BRK-B,gbm_quantile,sentiment,40,difference,274.0400085449219,278.96668689201226,-4.926678347090387,4.926678347090387
2021-06-21 00:00:00+00:00,BRK-B,gbm_quantile,sentiment,40,difference,277.1000061035156,274.1425221861713,2.957483917344348,2.957483917344348
2021-06-22 00:00:00+00:00,BRK-B,gbm_quantile,sentiment,40,difference,276.9200134277344,277.17223140297176,-0.25221797523738587,0.25221797523738587
2021-06-23 00:00:00+00:00,BRK-B,gbm_quantile,sentiment,40,difference,274.6600036621094,276.9578669971725,-2.297863335063141,2.297863335063141
2021-06-24 00:00:00+00:00,BRK-B,gbm_quantile,sentiment,40,difference,275.489990234375,274.7992080560373,0.690782178337713,0.690782178337713
2021-06-25 00:00:00+00:00,BRK-B,gbm_quantile,sentiment,40,difference,278.3800048828125,275.71320404157814,2.6668008412343625,2.6668008412343625
2021-06-28 00:00:00+00:00,BRK-B,gbm_quantile,sentiment,40,difference,276.6099853515625,278.48963103745535,-1.8796456858928536,1.8796456858928536
2021-06-29 00:00:00+00:00,BRK-B,gbm_quantile,sentiment,40,difference,276.2099914550781,276.7908720332308,-0.5808805781526871,0.5808805781526871
2021-06-30 00:00:00+00:00,BRK-B,gbm_quantile,sentiment,40,difference,277.9200134277344,276.4522046077416,1.467808819992797,1.467808819992797
2021-07-01 00:00:00+00:00,BRK-B,gbm_quantile,sentiment,40,difference,280.1700134277344,278.21486632659247,1.955147101141904,1.955147101141904
2021-07-02 00:00:00+00:00,BRK-B,gbm_quantile,sentiment,40,difference,279.1199951171875,280.3015932617574,-1.1815981445698753,1.1815981445698753
2021-07-06 00:00:00+00:00,BRK-B,gbm_quantile,sentiment,40,difference,277.32000732421875,279.29632791181695,-1.9763205875981953,1.9763205875981953
2021-07-07 00:00:00+00:00,BRK-B,gbm_quantile,sentiment,40,difference,279.239990234375,277.40226589091793,1.8377243434570687,1.8377243434570687
2021-07-08 00:00:00+00:00,BRK-B,gbm_quantile,sentiment,40,difference,274.1000061035156,279.53583768182483,-5.435831578309205,5.435831578309205
2021-07-09 00:00:00+00:00,BRK-B,gbm_quantile,sentiment,40,difference,280.489990234375,274.29320728912035,6.196782945254654,6.196782945254654
2021-07-12 00:00:00+00:00,BRK-B,gbm_quantile,sentiment,40,difference,280.1099853515625,280.8703496883196,-0.7603643367571067,0.7603643367571067
2021-07-13 00:00:00+00:00,BRK-B,gbm_quantile,sentiment,40,difference,279.2099914550781,280.2734008896203,-1.0634094345421659,1.0634094345421659
2021-07-14 00:00:00+00:00,BRK-B,gbm_quantile,sentiment,40,difference,278.3099975585937,279.4544876098897,-1.1444900512960317,1.1444900512960317
2021-07-15 00:00:00+00:00,BRK-B,gbm_quantile,sentiment,40,difference,279.7200012207031,278.38341724094397,1.3365839797591548,1.3365839797591548
2021-07-16 00:00:00+00:00,BRK-B,gbm_quantile,sentiment,40,difference,277.8999938964844,279.962288702321,-2.0622948058366433,2.0622948058366433
2021-07-19 00:00:00+00:00,BRK-B,gbm_quantile,sentiment,40,difference,272.6600036621094,278.06623461975516,-5.406230957645789,5.406230957645789
2021-07-20 00:00:00+00:00,BRK-B,gbm_quantile,sentiment,40,difference,276.8900146484375,273.074878073552,3.815136574885514,3.815136574885514
2021-07-21 00:00:00+00:00,BRK-B,gbm_quantile,sentiment,40,difference,279.8800048828125,277.04409683096344,2.83590805184906,2.83590805184906
2021-07-22 00:00:00+00:00,BRK-B,gbm_quantile,sentiment,40,difference,277.70001220703125,280.02771240618443,-2.3277001991531847,2.3277001991531847
2021-07-23 00:00:00+00:00,BRK-B,gbm_quantile,sentiment,40,difference,278.489990234375,277.82930966468655,0.6606805696884521,0.6606805696884521
2021-07-26 00:00:00+00:00,BRK-B,gbm_quantile,sentiment,40,difference,278.79998779296875,278.629582666761,0.17040512620775417,0.17040512620775417
2021-07-27 00:00:00+00:00,BRK-B,gbm_quantile,sentiment,40,difference,280.7799987792969,278.9566391688931,1.8233596104037701,1.8233596104037701
2021-07-28 00:00:00+00:00,BRK-B,gbm_quantile,sentiment,40,difference,278.1000061035156,281.06322870152195,-2.9632225980063254,2.9632225980063254
2021-07-29 00:00:00+00:00,BRK-B,gbm_quantile,sentiment,40,difference,279.760009765625,278.288959786347,1.471049979278007,1.471049979278007
2021-07-30 00:00:00+00:00,BRK-B,gbm_quantile,sentiment,40,difference,278.2900085449219,280.16050547206817,-1.8704969271462915,1.8704969271462915
2021-08-02 00:00:00+00:00,BRK-B,gbm_quantile,sentiment,40,difference,278.1400146484375,278.5046743481764,-0.3646596997389224,0.3646596997389224
2021-08-03 00:00:00+00:00,BRK-B,gbm_quantile,sentiment,40,difference,281.79998779296875,278.3041610865001,3.4958267064686765,3.4958267064686765
2021-08-04 00:00:00+00:00,BRK-B,gbm_quantile,sentiment,40,difference,278.7799987792969,282.3036828816499,-3.523684102353002,3.523684102353002
2021-08-05 00:00:00+00:00,BRK-B,gbm_quantile,sentiment,40,difference,280.2099914550781,279.06425576986715,1.1457356852109797,1.1457356852109797
2021-08-06 00:00:00+00:00,BRK-B,gbm_quantile,sentiment,40,difference,285.6300048828125,280.55124369263956,5.078761190172941,5.078761190172941
2021-08-09 00:00:00+00:00,BRK-B,gbm_quantile,sentiment,40,difference,287.2300109863281,285.91870333087013,1.3113076554579948,1.3113076554579948
2021-08-10 00:00:00+00:00,BRK-B,gbm_quantile,sentiment,40,difference,288.94000244140625,287.1589239117691,1.7810785296371705,1.7810785296371705
2021-08-11 00:00:00+00:00,BRK-B,gbm_quantile,sentiment,40,difference,291.2799987792969,289.00385564400756,2.276143135289317,2.276143135289317
2021-08-12 00:00:00+00:00,BRK-B,gbm_quantile,sentiment,40,difference,290.239990234375,291.4968938898672,-1.2569036554921809,1.2569036554921809
2021-08-13 00:00:00+00:00,BRK-B,gbm_quantile,sentiment,40,difference,287.8900146484375,290.40459804835723,-2.5145833999197293,2.5145833999197293
2021-08-16 00:00:00+00:00,BRK-B,gbm_quantile,sentiment,40,difference,289.45001220703125,288.2262075639327,1.2238046430985605,1.2238046430985605
2021-08-17 00:00:00+00:00,BRK-B,gbm_quantile,sentiment,40,difference,289.1000061035156,289.589341735526,-0.48933563201035213,0.48933563201035213
2021-08-18 00:00:00+00:00,BRK-B,gbm_quantile,sentiment,40,difference,286.3599853515625,289.2881363967572,-2.9281510451946815,2.9281510451946815
2021-08-19 00:00:00+00:00,BRK-B,gbm_quantile,sentiment,40,difference,285.1300048828125,286.5287681888401,-1.398763306027604,1.398763306027604
2021-08-20 00:00:00+00:00,BRK-B,gbm_quantile,sentiment,40,difference,285.2699890136719,285.1889168273308,0.08107218634108904,0.08107218634108904
2021-08-23 00:00:00+00:00,BRK-B,gbm_quantile,sentiment,40,difference,285.6199951171875,285.36144249257154,0.25855262461595885,0.25855262461595885
2021-08-24 00:00:00+00:00,BRK-B,gbm_quantile,sentiment,40,difference,286.0199890136719,285.7055732263046,0.31441578736729525,0.31441578736729525
2021-08-25 00:00:00+00:00,BRK-B,gbm_quantile,sentiment,40,difference,287.29998779296875,286.08211817770314,1.217869615265613,1.217869615265613
2021-08-26 00:00:00+00:00,BRK-B,gbm_quantile,sentiment,40,difference,285.2699890136719,287.4297290659515,-2.1597400522796306,2.1597400522796306
2021-08-27 00:00:00+00:00,BRK-B,gbm_quantile,sentiment,40,difference,286.6000061035156,285.44586334443517,1.1541427590804574,1.1541427590804574
2021-08-30 00:00:00+00:00,BRK-B,gbm_quantile,sentiment,40,difference,285.6600036621094,286.773904726602,-1.1139010644926088,1.1139010644926088
2021-08-31 00:00:00+00:00,BRK-B,gbm_quantile,sentiment,40,difference,285.7699890136719,285.8820650718496,-0.11207605817770627,0.11207605817770627
2021-09-01 00:00:00+00:00,BRK-B,gbm_quantile,sentiment,40,difference,285.260009765625,285.9653614832109,-0.705351717585927,0.705351717585927
2021-09-02 00:00:00+00:00,BRK-B,gbm_quantile,sentiment,40,difference,285.04998779296875,285.4527655127297,-0.4027777197609339,0.4027777197609339
2021-09-03 00:00:00+00:00,BRK-B,gbm_quantile,sentiment,40,difference,281.8900146484375,285.1558783229346,-3.2658636744970977,3.2658636744970977
2021-09-07 00:00:00+00:00,BRK-B,gbm_quantile,sentiment,40,difference,278.8999938964844,281.98439399366947,-3.084400097185096,3.084400097185096
2021-09-08 00:00:00+00:00,BRK-B,gbm_quantile,sentiment,40,difference,279.3399963378906,279.02162865918547,0.31836767870515814,0.31836767870515814
2021-09-09 00:00:00+00:00,BRK-B,gbm_quantile,sentiment,40,difference,278.6099853515625,279.4539973555183,-0.844012003955811,0.844012003955811
2021-09-10 00:00:00+00:00,BRK-B,gbm_quantile,sentiment,40,difference,277.6000061035156,278.9306493296093,-1.3306432260936845,1.3306432260936845
2021-09-13 00:00:00+00:00,BRK-B,gbm_quantile,sentiment,40,difference,279.9200134277344,277.8318684856361,2.0881449420982676,2.0881449420982676
2021-09-14 00:00:00+00:00,BRK-B,gbm_quantile,sentiment,40,difference,277.20001220703125,280.0074684797642,-2.8074562727329635,2.8074562727329635
2021-09-15 00:00:00+00:00,BRK-B,gbm_quantile,sentiment,40,difference,278.17999267578125,277.2903816306352,0.8896110451460686,0.8896110451460686
2021-09-16 00:00:00+00:00,BRK-B,gbm_quantile,sentiment,40,difference,277.510009765625,278.2720988947107,-0.762089129085723,0.762089129085723
2021-09-17 00:00:00+00:00,BRK-B,gbm_quantile,sentiment,40,difference,276.760009765625,277.6073004098035,-0.8472906441784858,0.8472906441784858
2021-09-20 00:00:00+00:00,BRK-B,gbm_quantile,sentiment,40,difference,274.20001220703125,276.8859187760121,-2.6859065689808403,2.6859065689808403
2021-09-21 00:00:00+00:00,BRK-B,gbm_quantile,sentiment,40,difference,273.17999267578125,274.2833026143208,-1.103309938539553,1.103309938539553
2021-09-22 00:00:00+00:00,BRK-B,gbm_quantile,sentiment,40,difference,274.07000732421875,273.3085949840879,0.7614123401308461,0.7614123401308461
2021-09-23 00:00:00+00:00,BRK-B,gbm_quantile,sentiment,40,difference,278.1199951171875,274.2524312678825,3.867563849304986,3.867563849304986
2021-09-24 00:00:00+00:00,BRK-B,gbm_quantile,sentiment,40,difference,277.8699951171875,278.19769189017563,-0.3276967729881335,0.3276967729881335
2021-09-27 00:00:00+00:00,BRK-B,gbm_quantile,sentiment,40,difference,279.7200012207031,278.0396315047217,1.680369715981442,1.680369715981442
2021-09-28 00:00:00+00:00,BRK-B,gbm_quantile,sentiment,40,difference,276.7900085449219,279.8366521481944,-3.046643603272514,3.046643603272514
2021-09-29 00:00:00+00:00,BRK-B,gbm_quantile,sentiment,40,difference,277.2900085449219,276.9621213881633,0.32788715675854974,0.32788715675854974
2021-09-30 00:00:00+00:00,BRK-B,gbm_quantile,sentiment,40,difference,272.94000244140625,277.56972133203885,-4.629718890632603,4.629718890632603
2021-10-01 00:00:00+00:00,BRK-B,gbm_quantile,sentiment,40,difference,275.7099914550781,273.04407738761427,2.6659140674638593,2.6659140674638593
2021-10-04 00:00:00+00:00,BRK-B,gbm_quantile,sentiment,40,difference,273.6400146484375,275.98837116709626,-2.348356518658761,2.348356518658761
2021-10-05 00:00:00+00:00,BRK-B,gbm_quantile,sentiment,40,difference,278.04998779296875,273.85460054935044,4.195387243618313,4.195387243618313
2021-10-06 00:00:00+00:00,BRK-B,gbm_quantile,sentiment,40,difference,280.2200012207031,278.2828085714818,1.9371926492213447,1.9371926492213447
2021-10-07 00:00:00+00:00,BRK-B,gbm_quantile,sentiment,40,difference,282.95001220703125,280.3441225485924,2.605889658438855,2.605889658438855
2021-10-08 00:00:00+00:00,BRK-B,gbm_quantile,sentiment,40,difference,284.1400146484375,283.09151956764583,1.0484950807916675,1.0484950807916675
2021-10-11 00:00:00+00:00,BRK-B,gbm_quantile,sentiment,40,difference,280.92999267578125,284.3995961745931,-3.469603498811864,3.469603498811864
2021-10-12 00:00:00+00:00,BRK-B,gbm_quantile,sentiment,40,difference,278.6199951171875,281.2589355248787,-2.638940407691223,2.638940407691223
2021-10-13 00:00:00+00:00,BRK-B,gbm_quantile,sentiment,40,difference,277.8999938964844,278.8319052469017,-0.9319113504173515,0.9319113504173515
2021-10-14 00:00:00+00:00,BRK-B,gbm_quantile,sentiment,40,difference,281.6400146484375,278.20687198926987,3.433142659167629,3.433142659167629
2021-10-15 00:00:00+00:00,BRK-B,gbm_quantile,sentiment,40,difference,284.2099914550781,281.83357832898986,2.3764131260882664,2.3764131260882664
2021-10-18 00:00:00+00:00,BRK-B,gbm_quantile,sentiment,40,difference,282.5899963378906,284.40379988861986,-1.813803550729233,1.813803550729233
2021-10-19 00:00:00+00:00,BRK-B,gbm_quantile,sentiment,40,difference,284.8299865722656,282.85064706925124,1.979339503014387,1.979339503014387
2021-10-20 00:00:00+00:00,BRK-B,gbm_quantile,sentiment,40,difference,287.489990234375,284.9037521802777,2.5862380540972936,2.5862380540972936
2021-10-21 00:00:00+00:00,BRK-B,gbm_quantile,sentiment,40,difference,286.82000732421875,287.76263615355373,-0.9426288293349785,0.9426288293349785
2021-10-22 00:00:00+00:00,BRK-B,gbm_quantile,sentiment,40,difference,289.239990234375,286.94507952765326,2.294910706721737,2.294910706721737
2021-10-25 00:00:00+00:00,BRK-B,gbm_quantile,sentiment,40,difference,290.260009765625,289.2916417918722,0.9683679737527768,0.9683679737527768
2021-10-26 00:00:00+00:00,BRK-B,gbm_quantile,sentiment,40,difference,290.8500061035156,290.3654746953205,0.48453140819515284,0.48453140819515284
2021-10-27 00:00:00+00:00,BRK-B,gbm_quantile,sentiment,40,difference,287.7799987792969,291.2857754922825,-3.5057767129856074,3.5057767129856074
2021-10-28 00:00:00+00:00,BRK-B,gbm_quantile,sentiment,40,difference,289.7200012207031,287.936425244383,1.7835759763201509,1.7835759763201509
2021-10-29 00:00:00+00:00,BRK-B,gbm_quantile,sentiment,40,difference,287.010009765625,289.97737992278536,-2.96737015716036,2.96737015716036
2021-11-01 00:00:00+00:00,BRK-B,gbm_quantile,sentiment,40,difference,286.239990234375,287.06791131428434,-0.8279210799093448,0.8279210799093448
2021-11-02 00:00:00+00:00,BRK-B,gbm_quantile,sentiment,40,difference,287.92999267578125,286.202076328799,1.7279163469822265,1.7279163469822265
2021-11-03 00:00:00+00:00,BRK-B,gbm_quantile,sentiment,40,difference,288.7200012207031,288.3031153162111,0.41688590449200547,0.41688590449200547
2021-11-04 00:00:00+00:00,BRK-B,gbm_quantile,sentiment,40,difference,287.69000244140625,289.02520232796826,-1.335199886562009,1.335199886562009
2021-11-05 00:00:00+00:00,BRK-B,gbm_quantile,sentiment,40,difference,287.8800048828125,287.8612608032418,0.018744079570694794,0.018744079570694794
2021-11-08 00:00:00+00:00,BRK-B,gbm_quantile,sentiment,40,difference,288.79998779296875,287.8650510939278,0.9349366990409749,0.9349366990409749
2021-11-09 00:00:00+00:00,BRK-B,gbm_quantile,sentiment,40,difference,286.3500061035156,289.0997850597211,-2.749778956205489,2.749778956205489
2021-11-10 00:00:00+00:00,BRK-B,gbm_quantile,sentiment,40,difference,285.32000732421875,286.6593974031082,-1.339390078889437,1.339390078889437
2021-11-11 00:00:00+00:00,BRK-B,gbm_quantile,sentiment,40,difference,284.6499938964844,285.39331465652384,-0.7433207600394667,0.7433207600394667
2021-11-12 00:00:00+00:00,BRK-B,gbm_quantile,sentiment,40,difference,285.989990234375,284.89423745716687,1.0957527772081335,1.0957527772081335
2021-11-15 00:00:00+00:00,BRK-B,gbm_quantile,sentiment,40,difference,284.6700134277344,286.23489351608526,-1.5648800883508898,1.5648800883508898
2021-11-16 00:00:00+00:00,BRK-B,gbm_quantile,sentiment,40,difference,283.3599853515625,284.8753337306415,-1.5153483790790006,1.5153483790790006
2021-11-17 00:00:00+00:00,BRK-B,gbm_quantile,sentiment,40,difference,281.5899963378906,283.53897783602946,-1.948981498138835,1.948981498138835
2021-11-18 00:00:00+00:00,BRK-B,gbm_quantile,sentiment,40,difference,280.6300048828125,281.83045082707116,-1.2004459442586608,1.2004459442586608
2021-11-19 00:00:00+00:00,BRK-B,gbm_quantile,sentiment,40,difference,279.989990234375,280.93962894454256,-0.9496387101675623,0.9496387101675623
2021-11-22 00:00:00+00:00,BRK-B,gbm_quantile,sentiment,40,difference,284.9700012207031,280.1252142239487,4.844786996754408,4.844786996754408
2021-11-23 00:00:00+00:00,BRK-B,gbm_quantile,sentiment,40,difference,288.5599975585937,284.9959085323569,3.564089026236786,3.564089026236786
2021-11-24 00:00:00+00:00,BRK-B,gbm_quantile,sentiment,40,difference,287.2799987792969,288.616213400766,-1.3362146214691393,1.3362146214691393
2021-11-26 00:00:00+00:00,BRK-B,gbm_quantile,sentiment,40,difference,283.0899963378906,287.513806306595,-4.423809968704347,4.423809968704347
2021-11-29 00:00:00+00:00,BRK-B,gbm_quantile,sentiment,40,difference,282.1199951171875,283.2040481498417,-1.0840530326541966,1.0840530326541966
2021-11-30 00:00:00+00:00,BRK-B,gbm_quantile,sentiment,40,difference,276.69000244140625,282.31149717966355,-5.621494738257297,5.621494738257297
2021-12-01 00:00:00+00:00,BRK-B,gbm_quantile,sentiment,40,difference,275.0,276.83860985248214,-1.8386098524821364,1.8386098524821364
2021-12-02 00:00:00+00:00,BRK-B,gbm_quantile,sentiment,40,difference,279.0899963378906,275.0848133669999,4.005182970890701,4.005182970890701
2021-12-03 00:00:00+00:00,BRK-B,gbm_quantile,sentiment,40,difference,277.42999267578125,279.2609153966423,-1.8309227208610537,1.8309227208610537
2021-12-06 00:00:00+00:00,BRK-B,gbm_quantile,sentiment,40,difference,281.3800048828125,277.54611416130126,3.8338907215112386,3.8338907215112386
2021-12-07 00:00:00+00:00,BRK-B,gbm_quantile,sentiment,40,difference,284.9700012207031,281.4729732729434,3.4970279477597046,3.4970279477597046
2021-12-08 00:00:00+00:00,BRK-B,gbm_quantile,sentiment,40,difference,283.7200012207031,285.1132145141235,-1.3932132934203878,1.3932132934203878
2021-12-09 00:00:00+00:00,BRK-B,gbm_quantile,sentiment,40,difference,284.5199890136719,283.99558431413976,0.5244046995321128,0.5244046995321128
2021-12-10 00:00:00+00:00,BRK-B,gbm_quantile,sentiment,40,difference,288.2300109863281,284.7293608387015,3.5006501476266294,3.5006501476266294
2021-12-13 00:00:00+00:00,BRK-B,gbm_quantile,sentiment,40,difference,290.010009765625,288.35800106102505,1.6520087045999503,1.6520087045999503
2021-12-14 00:00:00+00:00,BRK-B,gbm_quantile,sentiment,40,difference,295.0299987792969,290.09797389277065,4.9320248865262215,4.9320248865262215
2021-12-15 00:00:00+00:00,BRK-B,gbm_quantile,sentiment,40,difference,294.5799865722656,295.13261361246555,-0.5526270401999227,0.5526270401999227
2021-12-16 00:00:00+00:00,BRK-B,gbm_quantile,sentiment,40,difference,300.1700134277344,294.9073331644949,5.262680263239474,5.262680263239474
2021-12-17 00:00:00+00:00,BRK-B,gbm_quantile,sentiment,40,difference,293.6600036621094,300.50213374786756,-6.8421300857581855,6.8421300857581855
2021-12-20 00:00:00+00:00,BRK-B,gbm_quantile,sentiment,40,difference,289.6099853515625,293.86410262282686,-4.254117271264363,4.254117271264363
2021-12-21 00:00:00+00:00,BRK-B,gbm_quantile,sentiment,40,difference,293.239990234375,289.76269524724916,3.4772949871258447,3.4772949871258447
2021-12-22 00:00:00+00:00,BRK-B,gbm_quantile,sentiment,40,difference,294.4100036621094,293.34690216037643,1.0631015017329446,1.0631015017329446
2021-12-23 00:00:00+00:00,BRK-B,gbm_quantile,sentiment,40,difference,294.489990234375,294.7033303940318,-0.2133401596568092,0.2133401596568092
2021-12-27 00:00:00+00:00,BRK-B,gbm_quantile,sentiment,40,difference,296.6700134277344,294.8779428270154,1.7920706007190006,1.7920706007190006
2021-12-28 00:00:00+00:00,BRK-B,gbm_quantile,sentiment,40,difference,298.2900085449219,296.9172972498374,1.372711295084457,1.372711295084457
2021-12-29 00:00:00+00:00,BRK-B,gbm_quantile,sentiment,40,difference,299.4599914550781,298.4410109304011,1.0189805246770334,1.0189805246770334
2021-12-30 00:00:00+00:00,BRK-B,gbm_quantile,sentiment,40,difference,299.9800109863281,299.63799703000245,0.34201395632567255,0.34201395632567255
2021-12-31 00:00:00+00:00,BRK-B,gbm_quantile,sentiment,40,difference,299.0,300.02801164451756,-1.0280116445175622,1.0280116445175622
2022-01-03 00:00:00+00:00,BRK-B,gbm_quantile,sentiment,40,difference,300.7900085449219,299.2957667078364,1.4942418370854966,1.4942418370854966
2022-01-04 00:00:00+00:00,BRK-B,gbm_quantile,sentiment,40,difference,308.5299987792969,301.0523001417579,7.477698637538992,7.477698637538992
2022-01-05 00:00:00+00:00,BRK-B,gbm_quantile,sentiment,40,difference,309.9200134277344,308.7253981156868,1.1946153120475742,1.1946153120475742
2022-01-06 00:00:00+00:00,BRK-B,gbm_quantile,sentiment,40,difference,313.2200012207031,310.01589734893645,3.2041038717666765,3.2041038717666765
2022-01-07 00:00:00+00:00,BRK-B,gbm_quantile,sentiment,40,difference,319.7799987792969,313.2859396948322,6.494059084464652,6.494059084464652
2022-01-10 00:00:00+00:00,BRK-B,gbm_quantile,sentiment,40,difference,318.92999267578125,319.78444969563776,-0.8544570198565111,0.8544570198565111
2022-01-11 00:00:00+00:00,BRK-B,gbm_quantile,sentiment,40,difference,319.79998779296875,319.0178720137055,0.7821157792632221,0.7821157792632221
2022-01-12 00:00:00+00:00,BRK-B,gbm_quantile,sentiment,40,difference,320.3900146484375,319.9715942457345,0.4184204027030205,0.4184204027030205
2022-01-13 00:00:00+00:00,BRK-B,gbm_quantile,sentiment,40,difference,321.260009765625,320.680293757824,0.5797160078009824,0.5797160078009824
2022-01-14 00:00:00+00:00,BRK-B,gbm_quantile,sentiment,40,difference,324.1300048828125,321.39726016836426,2.732744714448245,2.732744714448245
2022-01-18 00:00:00+00:00,BRK-B,gbm_quantile,sentiment,40,difference,320.2900085449219,324.47216770604126,-4.182159161119387,4.182159161119387
2022-01-19 00:00:00+00:00,BRK-B,gbm_quantile,sentiment,40,difference,314.75,320.3397167757523,-5.589716775752322,5.589716775752322
2022-01-20 00:00:00+00:00,BRK-B,gbm_quantile,sentiment,40,difference,311.010009765625,314.8211454836568,-3.811135718031778,3.811135718031778
2022-01-21 00:00:00+00:00,BRK-B,gbm_quantile,sentiment,40,difference,305.2200012207031,311.36690218927254,-6.146900968569412,6.146900968569412
2022-01-24 00:00:00+00:00,BRK-B,gbm_quantile,sentiment,40,difference,303.7300109863281,305.3137684825636,-1.583757496235478,1.583757496235478
2022-01-25 00:00:00+00:00,BRK-B,gbm_quantile,sentiment,40,difference,307.19000244140625,303.8584416946379,3.331560746768332,3.331560746768332
2022-01-26 00:00:00+00:00,BRK-B,gbm_quantile,sentiment,40,difference,309.260009765625,307.2119499653234,2.048059800301587,2.048059800301587
2022-01-27 00:00:00+00:00,BRK-B,gbm_quantile,sentiment,40,difference,307.6700134277344,309.4144969654041,-1.744483537669737,1.744483537669737
2022-01-28 00:00:00+00:00,BRK-B,gbm_quantile,sentiment,40,difference,312.8999938964844,307.7954099951514,5.104583901333001,5.104583901333001
2022-01-31 00:00:00+00:00,BRK-B,gbm_quantile,sentiment,40,difference,313.0199890136719,313.01534574131523,0.0046432723566454115,0.0046432723566454115
2022-02-01 00:00:00+00:00,BRK-B,gbm_quantile,sentiment,40,difference,313.9599914550781,313.1088794900586,0.8511119650195269,0.8511119650195269
2022-02-02 00:00:00+00:00,BRK-B,gbm_quantile,sentiment,40,difference,319.6000061035156,314.29485448487947,5.30515161863616,5.30515161863616
2022-02-03 00:00:00+00:00,BRK-B,gbm_quantile,sentiment,40,difference,315.2300109863281,319.85270734866424,-4.622696362336114,4.622696362336114
2022-02-04 00:00:00+00:00,BRK-B,gbm_quantile,sentiment,40,difference,314.989990234375,315.4819778616571,-0.4919876272821284,0.4919876272821284
2022-02-07 00:00:00+00:00,BRK-B,gbm_quantile,sentiment,40,difference,316.510009765625,315.28830521604823,1.2217045495767707,1.2217045495767707
2022-02-08 00:00:00+00:00,BRK-B,gbm_quantile,sentiment,40,difference,321.44000244140625,316.68846130934554,4.751541132060709,4.751541132060709
2022-02-09 00:00:00+00:00,BRK-B,gbm_quantile,sentiment,40,difference,322.3800048828125,321.53238100647417,0.8476238763383321,0.8476238763383321
2022-02-10 00:00:00+00:00,BRK-B,gbm_quantile,sentiment,40,difference,319.8500061035156,322.61100114332885,-2.760995039813224,2.760995039813224
2022-02-11 00:00:00+00:00,BRK-B,gbm_quantile,sentiment,40,difference,319.1400146484375,320.08767673969294,-0.9476620912554381,0.9476620912554381
2022-02-14 00:00:00+00:00,BRK-B,gbm_quantile,sentiment,40,difference,314.2799987792969,319.25259234607205,-4.972593566775174,4.972593566775174
2022-02-15 00:00:00+00:00,BRK-B,gbm_quantile,sentiment,40,difference,316.20001220703125,314.4216652456319,1.7783469613993361,1.7783469613993361
2022-02-16 00:00:00+00:00,BRK-B,gbm_quantile,sentiment,40,difference,315.6499938964844,316.218423844906,-0.568429948421624,0.568429948421624
2022-02-17 00:00:00+00:00,BRK-B,gbm_quantile,sentiment,40,difference,313.54998779296875,315.7930887555803,-2.2431009626115497,2.2431009626115497
2022-02-18 00:00:00+00:00,BRK-B,gbm_quantile,sentiment,40,difference,314.79998779296875,313.72620736838905,1.0737804245796951,1.0737804245796951
2022-02-22 00:00:00+00:00,BRK-B,gbm_quantile,sentiment,40,difference,314.1600036621094,315.04681204101183,-0.8868083789024581,0.8868083789024581
2022-02-23 00:00:00+00:00,BRK-B,gbm_quantile,sentiment,40,difference,309.989990234375,314.2341711895229,-4.244180955147897,4.244180955147897
2022-02-24 00:00:00+00:00,BRK-B,gbm_quantile,sentiment,40,difference,308.2799987792969,310.11066605014514,-1.8306672708482665,1.8306672708482665
2022-02-25 00:00:00+00:00,BRK-B,gbm_quantile,sentiment,40,difference,319.239990234375,308.45437925911153,10.785610975263467,10.785610975263467
2022-02-28 00:00:00+00:00,BRK-B,gbm_quantile,sentiment,40,difference,321.45001220703125,319.28865423072443,2.1613579763068174,2.1613579763068174
2022-03-01 00:00:00+00:00,BRK-B,gbm_quantile,sentiment,40,difference,316.8399963378906,321.5327633343847,-4.692766996494072,4.692766996494072
2022-03-02 00:00:00+00:00,BRK-B,gbm_quantile,sentiment,40,difference,323.6400146484375,317.07589334840605,6.564121300031445,6.564121300031445
2022-03-03 00:00:00+00:00,BRK-B,gbm_quantile,sentiment,40,difference,327.739990234375,323.834249229069,3.9057410053060266,3.9057410053060266
2022-03-04 00:00:00+00:00,BRK-B,gbm_quantile,sentiment,40,difference,325.3399963378906,327.8980588404372,-2.5580625025465906,2.5580625025465906
2022-03-07 00:00:00+00:00,BRK-B,gbm_quantile,sentiment,40,difference,322.7200012207031,325.57913120124095,-2.85912998053783,2.85912998053783
2022-03-08 00:00:00+00:00,BRK-B,gbm_quantile,sentiment,40,difference,318.5199890136719,322.95966716586975,-4.439678152197871,4.439678152197871
2022-03-09 00:00:00+00:00,BRK-B,gbm_quantile,sentiment,40,difference,325.3999938964844,318.5235111185869,6.876482777897479,6.876482777897479
2022-03-10 00:00:00+00:00,BRK-B,gbm_quantile,sentiment,40,difference,325.29998779296875,325.58238584919445,-0.282398056225702,0.282398056225702
2022-03-11 00:00:00+00:00,BRK-B,gbm_quantile,sentiment,40,difference,326.6000061035156,325.5312604137933,1.0687456897223342,1.0687456897223342
2022-03-14 00:00:00+00:00,BRK-B,gbm_quantile,sentiment,40,difference,329.9800109863281,326.7310465719205,3.2489644144076237,3.2489644144076237
2022-03-15 00:00:00+00:00,BRK-B,gbm_quantile,sentiment,40,difference,332.54998779296875,330.1208902641742,2.429097528794557,2.429097528794557
2022-03-16 00:00:00+00:00,BRK-B,gbm_quantile,sentiment,40,difference,336.1099853515625,332.6753279484647,3.4346574030977877,3.4346574030977877
2022-03-17 00:00:00+00:00,BRK-B,gbm_quantile,sentiment,40,difference,344.9700012207031,336.28611444089177,8.68388677981136,8.68388677981136
2022-03-18 00:00:00+00:00,BRK-B,gbm_quantile,sentiment,40,difference,342.4100036621094,345.0692611756741,-2.6592575135647394,2.6592575135647394
2022-03-21 00:00:00+00:00,BRK-B,gbm_quantile,sentiment,40,difference,349.6600036621094,342.6548906434672,7.0051130186421915,7.0051130186421915
2022-03-22 00:00:00+00:00,BRK-B,gbm_quantile,sentiment,40,difference,349.92999267578125,349.6813124275598,0.24868024822143298,0.24868024822143298
2022-03-23 00:00:00+00:00,BRK-B,gbm_quantile,sentiment,40,difference,348.1600036621094,350.0626049435871,-1.9026012814777005,1.9026012814777005
2022-03-24 00:00:00+00:00,BRK-B,gbm_quantile,sentiment,40,difference,352.3699951171875,348.33614266564246,4.0338524515450445,4.0338524515450445
2022-03-25 00:00:00+00:00,BRK-B,gbm_quantile,sentiment,40,difference,358.760009765625,352.52982517791816,6.2301845877068445,6.2301845877068445
2022-03-28 00:00:00+00:00,BRK-B,gbm_quantile,sentiment,40,difference,359.57000732421875,358.90689022124917,0.6631171029695793,0.6631171029695793
2022-03-29 00:00:00+00:00,BRK-B,gbm_quantile,sentiment,40,difference,355.1199951171875,359.7579511626335,-4.637956045446003,4.637956045446003
2022-03-30 00:00:00+00:00,BRK-B,gbm_quantile,sentiment,40,difference,357.6099853515625,355.3704477937235,2.2395375578390144,2.2395375578390144
2022-03-31 00:00:00+00:00,BRK-B,gbm_quantile,sentiment,40,difference,352.9100036621094,357.6175263954232,-4.707522733313851,4.707522733313851
2022-04-01 00:00:00+00:00,BRK-B,gbm_quantile,sentiment,40,difference,351.8800048828125,353.0100686854957,-1.1300638026831962,1.1300638026831962
2022-04-04 00:00:00+00:00,BRK-B,gbm_quantile,sentiment,40,difference,345.42999267578125,352.0008069530385,-6.570814277257227,6.570814277257227
2022-04-05 00:00:00+00:00,BRK-B,gbm_quantile,sentiment,40,difference,344.79998779296875,345.70438711068743,-0.9043993177186849,0.9043993177186849
2022-04-06 00:00:00+00:00,BRK-B,gbm_quantile,sentiment,40,difference,344.7099914550781,344.9292802151054,-0.21928876002726838,0.21928876002726838
2022-04-07 00:00:00+00:00,BRK-B,gbm_quantile,sentiment,40,difference,346.510009765625,344.8463417168356,1.6636680487894182,1.6636680487894182
2022-04-08 00:00:00+00:00,BRK-B,gbm_quantile,sentiment,40,difference,353.1000061035156,346.73642690842274,6.363579195092882,6.363579195092882
2022-04-11 00:00:00+00:00,BRK-B,gbm_quantile,sentiment,40,difference,352.0199890136719,353.45954736579256,-1.4395583521206845,1.4395583521206845
2022-04-12 00:00:00+00:00,BRK-B,gbm_quantile,sentiment,40,difference,349.739990234375,352.38901223899666,-2.6490220046216564,2.6490220046216564
2022-04-13 00:00:00+00:00,BRK-B,gbm_quantile,sentiment,40,difference,346.2200012207031,349.91511747991035,-3.695116259207225,3.695116259207225
2022-04-14 00:00:00+00:00,BRK-B,gbm_quantile,sentiment,40,difference,344.3299865722656,346.39305855245885,-2.0630719801932287,2.0630719801932287
2022-04-18 00:00:00+00:00,BRK-B,gbm_quantile,sentiment,40,difference,346.6499938964844,344.5595333715561,2.0904605249282895,2.0904605249282895
2022-04-19 00:00:00+00:00,BRK-B,gbm_quantile,sentiment,40,difference,348.5,347.0040624528557,1.4959375471443082,1.4959375471443082
2022-04-20 00:00:00+00:00,BRK-B,gbm_quantile,sentiment,40,difference,348.82000732421875,348.7040070261589,0.11600029805987333,0.11600029805987333
2022-04-21 00:00:00+00:00,BRK-B,gbm_quantile,sentiment,40,difference,343.6000061035156,348.8926434587033,-5.292637355187651,5.292637355187651
2022-04-22 00:00:00+00:00,BRK-B,gbm_quantile,sentiment,40,difference,335.5599975585937,343.76710430637917,-8.207106747785474,8.207106747785474
2022-04-25 00:00:00+00:00,BRK-B,gbm_quantile,sentiment,40,difference,336.95001220703125,335.68476585821855,1.2652463488126955,1.2652463488126955
2022-04-26 00:00:00+00:00,BRK-B,gbm_quantile,sentiment,40,difference,330.6499938964844,337.07260846301074,-6.422614566526363,6.422614566526363
2022-04-27 00:00:00+00:00,BRK-B,gbm_quantile,sentiment,40,difference,329.5799865722656,330.79434710686246,-1.2143605345968354,1.2143605345968354
2022-04-28 00:00:00+00:00,BRK-B,gbm_quantile,sentiment,40,difference,331.2699890136719,329.77534993086385,1.4946390828080212,1.4946390828080212
2022-04-29 00:00:00+00:00,BRK-B,gbm_quantile,sentiment,40,difference,322.8299865722656,331.45015101921575,-8.620164446950128,8.620164446950128
2022-05-02 00:00:00+00:00,BRK-B,gbm_quantile,sentiment,40,difference,318.19000244140625,323.00812480532505,-4.818122363918803,4.818122363918803
2022-05-03 00:00:00+00:00,BRK-B,gbm_quantile,sentiment,40,difference,318.989990234375,318.3448385173272,0.6451517170477814,0.6451517170477814
2022-05-04 00:00:00+00:00,BRK-B,gbm_quantile,sentiment,40,difference,326.79998779296875,319.11716144056896,7.682826352399786,7.682826352399786
2022-05-05 00:00:00+00:00,BRK-B,gbm_quantile,sentiment,40,difference,318.67999267578125,327.06006124206783,-8.380068566286582,8.380068566286582
2022-05-06 00:00:00+00:00,BRK-B,gbm_quantile,sentiment,40,difference,318.8800048828125,318.97222737271795,-0.09222248990545268,0.09222248990545268
2022-05-09 00:00:00+00:00,BRK-B,gbm_quantile,sentiment,40,difference,312.9599914550781,318.986498084913,-6.026506629834898,6.026506629834898
2022-05-10 00:00:00+00:00,BRK-B,gbm_quantile,sentiment,40,difference,312.5299987792969,313.11359389368914,-0.5835951143922671,0.5835951143922671
2022-05-11 00:00:00+00:00,BRK-B,gbm_quantile,sentiment,40,difference,311.5400085449219,312.56042375996543,-1.0204152150435561,1.0204152150435561
2022-05-12 00:00:00+00:00,BRK-B,gbm_quantile,sentiment,40,difference,308.0599975585937,311.6958189277982,-3.635821369204507,3.635821369204507
2022-05-13 00:00:00+00:00,BRK-B,gbm_quantile,sentiment,40,difference,310.3599853515625,308.14664576060403,2.213339590958469,2.213339590958469
2022-05-16 00:00:00+00:00,BRK-B,gbm_quantile,sentiment,40,difference,309.2900085449219,310.40263541964595,-1.1126268747240715,1.1126268747240715
2022-05-17 00:00:00+00:00,BRK-B,gbm_quantile,sentiment,40,difference,314.6000061035156,309.33965463605,5.260351467465625,5.260351467465625
2022-05-18 00:00:00+00:00,BRK-B,gbm_quantile,sentiment,40,difference,306.6400146484375,314.8187612689977,-8.178746620560219,8.178746620560219
2022-05-19 00:00:00+00:00,BRK-B,gbm_quantile,sentiment,40,difference,304.1499938964844,306.7248565787471,-2.574862682262733,2.574862682262733
2022-05-20 00:00:00+00:00,BRK-B,gbm_quantile,sentiment,40,difference,304.04998779296875,304.3536443125332,-0.3036565195644698,0.3036565195644698
2022-05-23 00:00:00+00:00,BRK-B,gbm_quantile,sentiment,40,difference,310.20001220703125,304.27606378745395,5.9239484195773,5.9239484195773
2022-05-24 00:00:00+00:00,BRK-B,gbm_quantile,sentiment,40,difference,309.1700134277344,310.3264442844137,-1.1564308566793216,1.1564308566793216
2022-05-25 00:00:00+00:00,BRK-B,gbm_quantile,sentiment,40,difference,308.6400146484375,309.2622896804651,-0.6222750320275736,0.6222750320275736
2022-05-26 00:00:00+00:00,BRK-B,gbm_quantile,sentiment,40,difference,312.5,308.7763645785412,3.723635421458823,3.723635421458823
2022-05-27 00:00:00+00:00,BRK-B,gbm_quantile,sentiment,40,difference,319.1099853515625,312.79992226890374,6.310063082658758,6.310063082658758
2022-05-31 00:00:00+00:00,BRK-B,gbm_quantile,sentiment,40,difference,315.9800109863281,319.2762000742768,-3.296189087948676,3.296189087948676
2022-06-01 00:00:00+00:00,BRK-B,gbm_quantile,sentiment,40,difference,312.2099914550781,316.09297202663225,-3.8829805715541283,3.8829805715541283
2022-06-02 00:00:00+00:00,BRK-B,gbm_quantile,sentiment,40,difference,314.95001220703125,312.3371501438546,2.6128620631766353,2.6128620631766353
2022-06-03 00:00:00+00:00,BRK-B,gbm_quantile,sentiment,40,difference,310.94000244140625,315.188209106346,-4.248206664939744,4.248206664939744
2022-06-06 00:00:00+00:00,BRK-B,gbm_quantile,sentiment,40,difference,312.1499938964844,311.09194708197685,1.0580468145075201,1.0580468145075201
2022-06-07 00:00:00+00:00,BRK-B,gbm_quantile,sentiment,40,difference,313.6499938964844,312.3297382460002,1.320255650484171,1.320255650484171
2022-06-08 00:00:00+00:00,BRK-B,gbm_quantile,sentiment,40,difference,308.739990234375,313.77854555372903,-5.038555319354032,5.038555319354032
2022-06-09 00:00:00+00:00,BRK-B,gbm_quantile,sentiment,40,difference,300.79998779296875,308.91399896561666,-8.114011172647906,8.114011172647906
2022-06-10 00:00:00+00:00,BRK-B,gbm_quantile,sentiment,40,difference,291.7099914550781,300.9825120696213,-9.272520614543168,9.272520614543168
2022-06-13 00:00:00+00:00,BRK-B,gbm_quantile,sentiment,40,difference,281.5599975585937,292.0126869992786,-10.452689440684935,10.452689440684935
2022-06-14 00:00:00+00:00,BRK-B,gbm_quantile,sentiment,40,difference,277.6400146484375,281.76447940441346,-4.124464755975964,4.124464755975964
2022-06-15 00:00:00+00:00,BRK-B,gbm_quantile,sentiment,40,difference,278.92999267578125,277.7703156102171,1.1596770655641535,1.1596770655641535
2022-06-16 00:00:00+00:00,BRK-B,gbm_quantile,sentiment,40,difference,268.5599975585937,279.07923237050227,-10.519234811908575,10.519234811908575
2022-06-17 00:00:00+00:00,BRK-B,gbm_quantile,sentiment,40,difference,268.0799865722656,268.67892434990426,-0.5989377776386391,0.5989377776386391
2022-06-21 00:00:00+00:00,BRK-B,gbm_quantile,sentiment,40,difference,271.7699890136719,268.19601593384067,3.5739730798312053,3.5739730798312053
2022-06-22 00:00:00+00:00,BRK-B,gbm_quantile,sentiment,40,difference,269.7900085449219,271.965189752161,-2.1751812072391203,2.1751812072391203
2022-06-23 00:00:00+00:00,BRK-B,gbm_quantile,sentiment,40,difference,267.5199890136719,269.9704513154987,-2.4504623018268035,2.4504623018268035
2022-06-24 00:00:00+00:00,BRK-B,gbm_quantile,sentiment,40,difference,278.2799987792969,267.6597207449658,10.62027803433108,10.62027803433108
2022-06-27 00:00:00+00:00,BRK-B,gbm_quantile,sentiment,40,difference,278.3999938964844,278.4056221088117,-0.005628212327337678,0.005628212327337678
2022-06-28 00:00:00+00:00,BRK-B,gbm_quantile,sentiment,40,difference,273.8599853515625,278.5037304673974,-4.643745115834918,4.643745115834918
2022-06-29 00:00:00+00:00,BRK-B,gbm_quantile,sentiment,40,difference,273.489990234375,273.9899054890431,-0.49991525466811026,0.49991525466811026
2022-06-30 00:00:00+00:00,BRK-B,gbm_quantile,sentiment,40,difference,273.0199890136719,273.67489517960297,-0.6549061659310951,0.6549061659310951
2022-07-01 00:00:00+00:00,BRK-B,gbm_quantile,sentiment,40,difference,277.5,273.32320649476577,4.1767935052342295,4.1767935052342295
2022-07-05 00:00:00+00:00,BRK-B,gbm_quantile,sentiment,40,difference,275.69000244140625,277.59481321624395,-1.9048107748376992,1.9048107748376992
2022-07-06 00:00:00+00:00,BRK-B,gbm_quantile,sentiment,40,difference,275.6499938964844,275.9285057080246,-0.278511811540227,0.278511811540227
2022-07-07 00:00:00+00:00,BRK-B,gbm_quantile,sentiment,40,difference,279.2799987792969,275.7479031298552,3.5320956494416578,3.5320956494416578
2022-07-08 00:00:00+00:00,BRK-B,gbm_quantile,sentiment,40,difference,280.8299865722656,279.35537346342767,1.474613108837957,1.474613108837957
2022-07-11 00:00:00+00:00,BRK-B,gbm_quantile,sentiment,40,difference,278.510009765625,280.81566623207584,-2.3056564664508414,2.3056564664508414
2022-07-12 00:00:00+00:00,BRK-B,gbm_quantile,sentiment,40,difference,277.2799987792969,278.78239486819285,-1.5023960888959778,1.5023960888959778
2022-07-13 00:00:00+00:00,BRK-B,gbm_quantile,sentiment,40,difference,277.4700012207031,277.36278716218163,0.10721405852149246,0.10721405852149246
2022-07-14 00:00:00+00:00,BRK-B,gbm_quantile,sentiment,40,difference,274.4100036621094,277.55907645716525,-3.149072795055872,3.149072795055872
2022-07-15 00:00:00+00:00,BRK-B,gbm_quantile,sentiment,40,difference,278.4800109863281,274.5655366922857,3.9144742940424067,3.9144742940424067
2022-07-18 00:00:00+00:00,BRK-B,gbm_quantile,sentiment,40,difference,276.260009765625,278.659651306382,-2.3996415407569884,2.3996415407569884
2022-07-19 00:00:00+00:00,BRK-B,gbm_quantile,sentiment,40,difference,283.54998779296875,276.48909170729723,7.060896085671516,7.060896085671516
2022-07-20 00:00:00+00:00,BRK-B,gbm_quantile,sentiment,40,difference,286.0400085449219,283.76045459397454,2.2795539509473315,2.2795539509473315
2022-07-21 00:00:00+00:00,BRK-B,gbm_quantile,sentiment,40,difference,286.8500061035156,286.12576233083917,0.7242437726764592,0.7242437726764592
2022-07-22 00:00:00+00:00,BRK-B,gbm_quantile,sentiment,40,difference,285.92999267578125,287.0522009908505,-1.1222083150692583,1.1222083150692583
2022-07-25 00:00:00+00:00,BRK-B,gbm_quantile,sentiment,40,difference,287.989990234375,286.16784140035753,1.8221488340174687,1.8221488340174687
2022-07-26 00:00:00+00:00,BRK-B,gbm_quantile,sentiment,40,difference,285.3099975585937,288.15812638861297,-2.8481288300192773,2.8481288300192773
2022-07-27 00:00:00+00:00,BRK-B,gbm_quantile,sentiment,40,difference,290.29998779296875,285.4869064685056,4.813081324463155,4.813081324463155
2022-07-28 00:00:00+00:00,BRK-B,gbm_quantile,sentiment,40,difference,293.8999938964844,290.40595205058526,3.494041845899119,3.494041845899119
2022-07-29 00:00:00+00:00,BRK-B,gbm_quantile,sentiment,40,difference,300.6000061035156,293.9248522102782,6.67515389323745,6.67515389323745
2022-08-01 00:00:00+00:00,BRK-B,gbm_quantile,sentiment,40,difference,295.8599853515625,300.7599512340667,-4.899965882504205,4.899965882504205
2022-08-02 00:00:00+00:00,BRK-B,gbm_quantile,sentiment,40,difference,292.1700134277344,296.11550922143664,-3.945495793702264,3.945495793702264
2022-08-03 00:00:00+00:00,BRK-B,gbm_quantile,sentiment,40,difference,294.9599914550781,292.3783664487182,2.5816250063599,2.5816250063599
2022-08-04 00:00:00+00:00,BRK-B,gbm_quantile,sentiment,40,difference,292.9100036621094,295.1140934752753,-2.204089813165922,2.204089813165922
2022-08-05 00:00:00+00:00,BRK-B,gbm_quantile,sentiment,40,difference,292.07000732421875,293.18504100369773,-1.1150336794789837,1.1150336794789837
2022-08-08 00:00:00+00:00,BRK-B,gbm_quantile,sentiment,40,difference,292.3399963378906,292.3573398121124,-0.017343474221775068,0.017343474221775068
2022-08-09 00:00:00+00:00,BRK-B,gbm_quantile,sentiment,40,difference,292.7699890136719,292.4007535537655,0.3692354599063492,0.3692354599063492
2022-08-10 00:00:00+00:00,BRK-B,gbm_quantile,sentiment,40,difference,295.1099853515625,293.0517767771534,2.058208574409093,2.058208574409093
2022-08-11 00:00:00+00:00,BRK-B,gbm_quantile,sentiment,40,difference,296.4700012207031,295.21348609097555,1.2565151297275747,1.2565151297275747
2022-08-12 00:00:00+00:00,BRK-B,gbm_quantile,sentiment,40,difference,301.54998779296875,296.53481662334445,5.0151711696242955,5.0151711696242955
2022-08-15 00:00:00+00:00,BRK-B,gbm_quantile,sentiment,40,difference,302.82000732421875,301.7146336501613,1.1053736740574323,1.1053736740574323
2022-08-16 00:00:00+00:00,BRK-B,gbm_quantile,sentiment,40,difference,306.6499938964844,303.0313367645071,3.6186571319772725,3.6186571319772725
2022-08-17 00:00:00+00:00,BRK-B,gbm_quantile,sentiment,40,difference,304.260009765625,306.8077444826237,-2.5477347169987183,2.5477347169987183
2022-08-18 00:00:00+00:00,BRK-B,gbm_quantile,sentiment,40,difference,304.2699890136719,304.443213745921,-0.17322473224913892,0.17322473224913892
2022-08-19 00:00:00+00:00,BRK-B,gbm_quantile,sentiment,40,difference,297.2799987792969,304.4918866848562,-7.211887905559308,7.211887905559308
2022-08-22 00:00:00+00:00,BRK-B,gbm_quantile,sentiment,40,difference,288.69000244140625,297.36601805861113,-8.676015617204882,8.676015617204882
2022-08-23 00:00:00+00:00,BRK-B,gbm_quantile,sentiment,40,difference,289.6499938964844,288.95041308340075,0.6995808130836281,0.6995808130836281
2022-08-24 00:00:00+00:00,BRK-B,gbm_quantile,sentiment,40,difference,293.5199890136719,289.9010688359165,3.618920177755399,3.618920177755399
2022-08-25 00:00:00+00:00,BRK-B,gbm_quantile,sentiment,40,difference,298.1300048828125,293.700160189147,4.429844693665473,4.429844693665473
2022-08-26 00:00:00+00:00,BRK-B,gbm_quantile,sentiment,40,difference,289.9599914550781,298.26092162219663,-8.300930167118509,8.300930167118509
2022-08-29 00:00:00+00:00,BRK-B,gbm_quantile,sentiment,40,difference,287.45001220703125,290.2941364554033,-2.8441242483720544,2.8441242483720544
2022-08-30 00:00:00+00:00,BRK-B,gbm_quantile,sentiment,40,difference,285.4200134277344,287.5957670666052,-2.1757536388708445,2.1757536388708445
2022-08-31 00:00:00+00:00,BRK-B,gbm_quantile,sentiment,40,difference,280.79998779296875,285.5747808432862,-4.774793050317442,4.774793050317442
2022-09-01 00:00:00+00:00,BRK-B,gbm_quantile,sentiment,40,difference,282.42999267578125,281.0224873807865,1.4075052949947349,1.4075052949947349
2022-09-02 00:00:00+00:00,BRK-B,gbm_quantile,sentiment,40,difference,277.6700134277344,282.5649633937161,-4.894949965981709,4.894949965981709
2022-09-06 00:00:00+00:00,BRK-B,gbm_quantile,sentiment,40,difference,276.5899963378906,277.76823236430397,-1.1782360264133445,1.1782360264133445
2022-09-07 00:00:00+00:00,BRK-B,gbm_quantile,sentiment,40,difference,281.0400085449219,276.821709538125,4.218299006796883,4.218299006796883
2022-09-08 00:00:00+00:00,BRK-B,gbm_quantile,sentiment,40,difference,283.3399963378906,281.14316368020815,2.196832657682478,2.196832657682478
2022-09-09 00:00:00+00:00,BRK-B,gbm_quantile,sentiment,40,difference,285.7699890136719,283.44549091652874,2.3244980971431346,2.3244980971431346
2022-09-12 00:00:00+00:00,BRK-B,gbm_quantile,sentiment,40,difference,288.510009765625,286.0473172427514,2.462692522873624,2.462692522873624
2022-09-13 00:00:00+00:00,BRK-B,gbm_quantile,sentiment,40,difference,278.2900085449219,288.62653871571365,-10.336530170791775,10.336530170791775
2022-09-14 00:00:00+00:00,BRK-B,gbm_quantile,sentiment,40,difference,278.4200134277344,278.3375487612716,0.0824646664627835,0.0824646664627835
2022-09-15 00:00:00+00:00,BRK-B,gbm_quantile,sentiment,40,difference,276.70001220703125,278.52122535424917,-1.821213147217918,1.821213147217918
2022-09-16 00:00:00+00:00,BRK-B,gbm_quantile,sentiment,40,difference,274.8099975585937,276.7728202882098,-1.9628227296161072,1.9628227296161072
2022-09-19 00:00:00+00:00,BRK-B,gbm_quantile,sentiment,40,difference,278.95001220703125,274.87799364316436,4.072018563866891,4.072018563866891
2022-09-20 00:00:00+00:00,BRK-B,gbm_quantile,sentiment,40,difference,277.1300048828125,279.19529790472683,-2.0652930219143286,2.0652930219143286
2022-09-21 00:00:00+00:00,BRK-B,gbm_quantile,sentiment,40,difference,270.739990234375,277.4729277206119,-6.732937486236892,6.732937486236892
2022-09-22 00:00:00+00:00,BRK-B,gbm_quantile,sentiment,40,difference,268.510009765625,270.8577944086201,-2.347784642995123,2.347784642995123
2022-09-23 00:00:00+00:00,BRK-B,gbm_quantile,sentiment,40,difference,267.7699890136719,268.67651943328116,-0.9065304196092825,0.9065304196092825
2022-09-26 00:00:00+00:00,BRK-B,gbm_quantile,sentiment,40,difference,264.32000732421875,268.0253341665899,-3.7053268423711643,3.7053268423711643
2022-09-27 00:00:00+00:00,BRK-B,gbm_quantile,sentiment,40,difference,265.4700012207031,264.4241994996457,1.045801721057444,1.045801721057444
2022-09-28 00:00:00+00:00,BRK-B,gbm_quantile,sentiment,40,difference,271.7799987792969,265.5840037550208,6.195995024276101,6.195995024276101
2022-09-29 00:00:00+00:00,BRK-B,gbm_quantile,sentiment,40,difference,269.5799865722656,271.87334382517946,-2.293357252913836,2.293357252913836
2022-09-30 00:00:00+00:00,BRK-B,gbm_quantile,sentiment,40,difference,267.0199890136719,269.6447055113777,-2.6247164977058333,2.6247164977058333
2022-10-03 00:00:00+00:00,BRK-B,gbm_quantile,sentiment,40,difference,272.79998779296875,267.14320221372185,5.6567855792469,5.6567855792469
2022-10-04 00:00:00+00:00,BRK-B,gbm_quantile,sentiment,40,difference,280.489990234375,273.20584300217513,7.284147232199871,7.284147232199871
2022-10-05 00:00:00+00:00,BRK-B,gbm_quantile,sentiment,40,difference,279.3599853515625,280.6343032152663,-1.2743178637038,1.2743178637038
2022-10-06 00:00:00+00:00,BRK-B,gbm_quantile,sentiment,40,difference,276.3099975585937,279.5459573505159,-3.2359597919221983,3.2359597919221983
2022-10-07 00:00:00+00:00,BRK-B,gbm_quantile,sentiment,40,difference,269.0400085449219,276.7123971870344,-7.672388642112537,7.672388642112537
2022-10-10 00:00:00+00:00,BRK-B,gbm_quantile,sentiment,40,difference,266.92999267578125,269.1956171893897,-2.2656245136084294,2.2656245136084294
2022-10-11 00:00:00+00:00,BRK-B,gbm_quantile,sentiment,40,difference,267.3099975585937,267.07046309088156,0.23953446771213294,0.23953446771213294
2022-10-12 00:00:00+00:00,BRK-B,gbm_quantile,sentiment,40,difference,264.0,267.6667918376948,-3.6667918376948023,3.6667918376948023
2022-10-13 00:00:00+00:00,BRK-B,gbm_quantile,sentiment,40,difference,275.7799987792969,264.1970046087255,11.582994170571396,11.582994170571396
2022-10-14 00:00:00+00:00,BRK-B,gbm_quantile,sentiment,40,difference,272.6700134277344,275.83664595132916,-3.166632523594785,3.166632523594785
2022-10-17 00:00:00+00:00,BRK-B,gbm_quantile,sentiment,40,difference,277.0199890136719,272.78505312205226,4.234935891619614,4.234935891619614
2022-10-18 00:00:00+00:00,BRK-B,gbm_quantile,sentiment,40,difference,281.6700134277344,277.09613490107114,4.573878526663236,4.573878526663236
2022-10-19 00:00:00+00:00,BRK-B,gbm_quantile,sentiment,40,difference,278.3399963378906,281.8007827068204,-3.460786368929803,3.460786368929803
2022-10-20 00:00:00+00:00,BRK-B,gbm_quantile,sentiment,40,difference,273.5299987792969,278.55322576032063,-5.023226981023754,5.023226981023754
2022-10-21 00:00:00+00:00,BRK-B,gbm_quantile,sentiment,40,difference,282.510009765625,273.67515407932143,8.83485568630357,8.83485568630357
2022-10-24 00:00:00+00:00,BRK-B,gbm_quantile,sentiment,40,difference,287.4800109863281,282.7524829898024,4.727527996525737,4.727527996525737
2022-10-25 00:00:00+00:00,BRK-B,gbm_quantile,sentiment,40,difference,289.239990234375,287.59279083841085,1.6471993959641509,1.6471993959641509
2022-10-26 00:00:00+00:00,BRK-B,gbm_quantile,sentiment,40,difference,288.5199890136719,289.5573125310403,-1.0373235173684066,1.0373235173684066
2022-10-27 00:00:00+00:00,BRK-B,gbm_quantile,sentiment,40,difference,289.8800048828125,288.8638180175168,1.0161868652957082,1.0161868652957082
2022-10-28 00:00:00+00:00,BRK-B,gbm_quantile,sentiment,40,difference,299.6300048828125,290.1207431743989,9.50926170841359,9.50926170841359
2022-10-31 00:00:00+00:00,BRK-B,gbm_quantile,sentiment,40,difference,295.0899963378906,299.99220242592975,-4.902206088039122,4.902206088039122
2022-11-01 00:00:00+00:00,BRK-B,gbm_quantile,sentiment,40,difference,294.1300048828125,295.18610527549447,-1.0561003926819694,1.0561003926819694
2022-11-02 00:00:00+00:00,BRK-B,gbm_quantile,sentiment,40,difference,289.4599914550781,294.22739020706035,-4.767398751982228,4.767398751982228
2022-11-03 00:00:00+00:00,BRK-B,gbm_quantile,sentiment,40,difference,283.8500061035156,289.77824675144547,-5.92824064792984,5.92824064792984
2022-11-04 00:00:00+00:00,BRK-B,gbm_quantile,sentiment,40,difference,287.4700012207031,284.0018567865228,3.468144434180317,3.468144434180317
2022-11-07 00:00:00+00:00,BRK-B,gbm_quantile,sentiment,40,difference,290.19000244140625,287.64205835892653,2.5479440824797166,2.5479440824797166
2022-11-08 00:00:00+00:00,BRK-B,gbm_quantile,sentiment,40,difference,292.6099853515625,290.26791596409765,2.3420693874648464,2.3420693874648464
2022-11-09 00:00:00+00:00,BRK-B,gbm_quantile,sentiment,40,difference,288.6499938964844,292.7403669591097,-4.090373062625304,4.090373062625304
2022-11-10 00:00:00+00:00,BRK-B,gbm_quantile,sentiment,40,difference,303.20001220703125,288.9732019799515,14.226810227079739,14.226810227079739
2022-11-11 00:00:00+00:00,BRK-B,gbm_quantile,sentiment,40,difference,309.7200012207031,303.36429471509274,6.355706505610385,6.355706505610385
2022-11-14 00:00:00+00:00,BRK-B,gbm_quantile,sentiment,40,difference,308.9100036621094,309.87767740761086,-0.9676737455014859,0.9676737455014859
2022-11-15 00:00:00+00:00,BRK-B,gbm_quantile,sentiment,40,difference,309.9800109863281,309.28633669169625,0.6936742946318759,0.6936742946318759
2022-11-16 00:00:00+00:00,BRK-B,gbm_quantile,sentiment,40,difference,308.760009765625,310.1596636366389,-1.3996538710139248,1.3996538710139248
2022-11-17 00:00:00+00:00,BRK-B,gbm_quantile,sentiment,40,difference,307.44000244140625,309.04760954682894,-1.6076071054226873,1.6076071054226873
2022-11-18 00:00:00+00:00,BRK-B,gbm_quantile,sentiment,40,difference,310.760009765625,307.63777022613635,3.122239539488646,3.122239539488646
2022-11-21 00:00:00+00:00,BRK-B,gbm_quantile,sentiment,40,difference,311.20001220703125,310.9540775172269,0.24593468980435773,0.24593468980435773
2022-11-22 00:00:00+00:00,BRK-B,gbm_quantile,sentiment,40,difference,315.760009765625,311.3526554351307,4.407354330494286,4.407354330494286
2022-11-23 00:00:00+00:00,BRK-B,gbm_quantile,sentiment,40,difference,316.17999267578125,315.94003834186555,0.23995433391570486,0.23995433391570486
2022-11-25 00:00:00+00:00,BRK-B,gbm_quantile,sentiment,40,difference,317.42999267578125,316.41717409734986,1.0128185784313928,1.0128185784313928
2022-11-28 00:00:00+00:00,BRK-B,gbm_quantile,sentiment,40,difference,313.2699890136719,317.52473863409296,-4.25474962042108,4.25474962042108
2022-11-29 00:00:00+00:00,BRK-B,gbm_quantile,sentiment,40,difference,315.1300048828125,313.5286461388578,1.6013587439546768,1.6013587439546768
2022-11-30 00:00:00+00:00,BRK-B,gbm_quantile,sentiment,40,difference,318.6000061035156,315.41460673953725,3.1853993639783766,3.1853993639783766
2022-12-01 00:00:00+00:00,BRK-B,gbm_quantile,sentiment,40,difference,315.8399963378906,318.75862506488556,-2.918628726994939,2.918628726994939
2022-12-02 00:00:00+00:00,BRK-B,gbm_quantile,sentiment,40,difference,316.1499938964844,315.96447120921493,0.1855226872694402,0.1855226872694402
2022-12-05 00:00:00+00:00,BRK-B,gbm_quantile,sentiment,40,difference,310.57000732421875,316.44220927987885,-5.872201955660103,5.872201955660103
2022-12-06 00:00:00+00:00,BRK-B,gbm_quantile,sentiment,40,difference,307.7799987792969,310.81856102971597,-3.0385622504190906,3.0385622504190906
2022-12-07 00:00:00+00:00,BRK-B,gbm_quantile,sentiment,40,difference,305.82000732421875,307.9055843559156,-2.0855770316968574,2.0855770316968574
2022-12-08 00:00:00+00:00,BRK-B,gbm_quantile,sentiment,40,difference,305.989990234375,305.9512068470038,0.03878338737121112,0.03878338737121112
2022-12-09 00:00:00+00:00,BRK-B,gbm_quantile,sentiment,40,difference,306.3900146484375,306.0797634865499,0.3102511618876065,0.3102511618876065
2022-12-12 00:00:00+00:00,BRK-B,gbm_quantile,sentiment,40,difference,311.45001220703125,306.60962817661056,4.840384030420694,4.840384030420694
2022-12-13 00:00:00+00:00,BRK-B,gbm_quantile,sentiment,40,difference,312.3299865722656,311.50615567339713,0.8238308988684935,0.8238308988684935
2022-12-14 00:00:00+00:00,BRK-B,gbm_quantile,sentiment,40,difference,309.2900085449219,312.37852438846727,-3.0885158435453945,3.0885158435453945
2022-12-15 00:00:00+00:00,BRK-B,gbm_quantile,sentiment,40,difference,301.9100036621094,309.4046802035458,-7.494676541436434,7.494676541436434
2022-12-16 00:00:00+00:00,BRK-B,gbm_quantile,sentiment,40,difference,300.0,301.9731653223471,-1.9731653223470857,1.9731653223470857
2022-12-19 00:00:00+00:00,BRK-B,gbm_quantile,sentiment,40,difference,300.0299987792969,300.23423424785403,-0.20423546855715813,0.20423546855715813
2022-12-20 00:00:00+00:00,BRK-B,gbm_quantile,sentiment,40,difference,302.0,300.1349685680306,1.8650314319693848,1.8650314319693848
2022-12-21 00:00:00+00:00,BRK-B,gbm_quantile,sentiment,40,difference,307.82000732421875,302.23234765238414,5.587659671834615,5.587659671834615
2022-12-22 00:00:00+00:00,BRK-B,gbm_quantile,sentiment,40,difference,302.69000244140625,308.10497109382777,-5.414968652421521,5.414968652421521
2022-12-23 00:00:00+00:00,BRK-B,gbm_quantile,sentiment,40,difference,306.489990234375,302.7724721453348,3.7175180890401975,3.7175180890401975
2022-12-27 00:00:00+00:00,BRK-B,gbm_quantile,sentiment,40,difference,305.54998779296875,306.7733983640608,-1.2234105710920744,1.2234105710920744
2022-12-28 00:00:00+00:00,BRK-B,gbm_quantile,sentiment,40,difference,303.42999267578125,305.73454442049535,-2.3045517447141037,2.3045517447141037
2022-12-29 00:00:00+00:00,BRK-B,gbm_quantile,sentiment,40,difference,309.0599975585937,303.57930691494283,5.48069064365086,5.48069064365086
2022-12-30 00:00:00+00:00,BRK-B,gbm_quantile,sentiment,40,difference,308.8999938964844,309.3040725319272,-0.4040786354428292,0.4040786354428292
2023-01-03 00:00:00+00:00,BRK-B,gbm_quantile,sentiment,40,difference,309.9100036621094,309.1344718982566,0.7755317638527686,0.7755317638527686
2023-01-04 00:00:00+00:00,BRK-B,gbm_quantile,sentiment,40,difference,314.54998779296875,310.01979279404793,4.53019499892082,4.53019499892082
2023-01-05 00:00:00+00:00,BRK-B,gbm_quantile,sentiment,40,difference,312.8999938964844,314.70078485204715,-1.8007909555627748,1.8007909555627748
2023-01-06 00:00:00+00:00,BRK-B,gbm_quantile,sentiment,40,difference,318.69000244140625,313.22617716943284,5.4638252719734055,5.4638252719734055
2023-01-09 00:00:00+00:00,BRK-B,gbm_quantile,sentiment,40,difference,315.5299987792969,318.9828671339909,-3.452868354694033,3.452868354694033
2023-01-10 00:00:00+00:00,BRK-B,gbm_quantile,sentiment,40,difference,316.3500061035156,315.6477408443019,0.702265259213732,0.702265259213732
2023-01-11 00:00:00+00:00,BRK-B,gbm_quantile,sentiment,40,difference,320.3699951171875,316.4933883585601,3.8766067586274175,3.8766067586274175
2023-01-12 00:00:00+00:00,BRK-B,gbm_quantile,sentiment,40,difference,318.92999267578125,320.5922741093579,-1.662281433576652,1.662281433576652
2023-01-13 00:00:00+00:00,BRK-B,gbm_quantile,sentiment,40,difference,317.6400146484375,319.1213778600636,-1.4813632116261033,1.4813632116261033
2023-01-17 00:00:00+00:00,BRK-B,gbm_quantile,sentiment,40,difference,314.8599853515625,317.8701806559213,-3.010195304358774,3.010195304358774
2023-01-18 00:00:00+00:00,BRK-B,gbm_quantile,sentiment,40,difference,308.29998779296875,315.1789246154846,-6.878936822515868,6.878936822515868
2023-01-19 00:00:00+00:00,BRK-B,gbm_quantile,sentiment,40,difference,305.2300109863281,308.5026890173019,-3.2726780309737933,3.2726780309737933
2023-01-20 00:00:00+00:00,BRK-B,gbm_quantile,sentiment,40,difference,309.8699951171875,305.4100397426586,4.4599553745288745,4.4599553745288745
2023-01-23 00:00:00+00:00,BRK-B,gbm_quantile,sentiment,40,difference,310.4200134277344,310.0623329638227,0.3576804639116631,0.3576804639116631
2023-01-24 00:00:00+00:00,BRK-B,gbm_quantile,sentiment,40,difference,311.29998779296875,310.5274725982886,0.7725151946801248,0.7725151946801248
2023-01-25 00:00:00+00:00,BRK-B,gbm_quantile,sentiment,40,difference,311.8999938964844,311.4593684484636,0.4406254480207963,0.4406254480207963
2023-01-26 00:00:00+00:00,BRK-B,gbm_quantile,sentiment,40,difference,310.95001220703125,312.0340597751439,-1.0840475681126236,1.0840475681126236
2023-01-27 00:00:00+00:00,BRK-B,gbm_quantile,sentiment,40,difference,309.1700134277344,311.15266109660297,-1.9826476688685943,1.9826476688685943
2023-01-30 00:00:00+00:00,BRK-B,gbm_quantile,sentiment,40,difference,307.3299865722656,309.3311086797134,-2.0011221074477703,2.0011221074477703
2023-01-31 00:00:00+00:00,BRK-B,gbm_quantile,sentiment,40,difference,311.5199890136719,307.4778136018559,4.042175411815947,4.042175411815947
2023-02-01 00:00:00+00:00,BRK-B,gbm_quantile,sentiment,40,difference,310.57000732421875,311.8527413478109,-1.282734023592127,1.282734023592127
2023-02-02 00:00:00+00:00,BRK-B,gbm_quantile,sentiment,40,difference,311.8599853515625,310.74142022585414,1.1185651257083578,1.1185651257083578
2023-02-03 00:00:00+00:00,BRK-B,gbm_quantile,sentiment,40,difference,308.510009765625,312.1428824428528,-3.6328726772277946,3.6328726772277946
2023-02-06 00:00:00+00:00,BRK-B,gbm_quantile,sentiment,40,difference,308.42999267578125,308.63544551791404,-0.20545284213278592,0.20545284213278592
2023-02-07 00:00:00+00:00,BRK-B,gbm_quantile,sentiment,40,difference,312.9700012207031,308.64082320668194,4.329178014021181,4.329178014021181
2023-02-08 00:00:00+00:00,BRK-B,gbm_quantile,sentiment,40,difference,308.4800109863281,313.18962134354217,-4.709610357214046,4.709610357214046
2023-02-09 00:00:00+00:00,BRK-B,gbm_quantile,sentiment,40,difference,307.2099914550781,308.6578379475583,-1.4478464924801528,1.4478464924801528
2023-02-10 00:00:00+00:00,BRK-B,gbm_quantile,sentiment,40,difference,309.8900146484375,307.27802660457286,2.611988043864642,2.611988043864642
2023-02-13 00:00:00+00:00,BRK-B,gbm_quantile,sentiment,40,difference,313.739990234375,309.9154225974099,3.824567636965128,3.824567636965128
2023-02-14 00:00:00+00:00,BRK-B,gbm_quantile,sentiment,40,difference,310.7900085449219,313.8484080377861,-3.0583994928642255,3.0583994928642255
2023-02-15 00:00:00+00:00,BRK-B,gbm_quantile,sentiment,40,difference,309.6300048828125,311.11076543010864,-1.4807605472961427,1.4807605472961427
2023-02-16 00:00:00+00:00,BRK-B,gbm_quantile,sentiment,40,difference,308.17999267578125,309.7432916435685,-1.5632989677872615,1.5632989677872615
2023-02-17 00:00:00+00:00,BRK-B,gbm_quantile,sentiment,40,difference,308.239990234375,308.3247308016082,-0.08474056723321155,0.08474056723321155
2023-02-21 00:00:00+00:00,BRK-B,gbm_quantile,sentiment,40,difference,302.7200012207031,308.5722725066679,-5.852271285964775,5.852271285964775
2023-02-22 00:00:00+00:00,BRK-B,gbm_quantile,sentiment,40,difference,303.1600036621094,302.97694329478753,0.1830603673218434,0.1830603673218434
2023-02-23 00:00:00+00:00,BRK-B,gbm_quantile,sentiment,40,difference,303.07000732421875,303.3380865480608,-0.26807922384205085,0.26807922384205085
2023-02-24 00:00:00+00:00,BRK-B,gbm_quantile,sentiment,40,difference,304.0199890136719,303.1894122866558,0.83057672701608,0.83057672701608
2023-02-27 00:00:00+00:00,BRK-B,gbm_quantile,sentiment,40,difference,304.6600036621094,304.0914246466546,0.568579015454759,0.568579015454759
2023-02-28 00:00:00+00:00,BRK-B,gbm_quantile,sentiment,40,difference,305.17999267578125,304.72562668455197,0.454365991229281,0.454365991229281
2023-03-01 00:00:00+00:00,BRK-B,gbm_quantile,sentiment,40,difference,304.6199951171875,305.24029245883594,-0.6202973416484383,0.6202973416484383
2023-03-02 00:00:00+00:00,BRK-B,gbm_quantile,sentiment,40,difference,307.75,304.73290009843754,3.01709990156246,3.01709990156246
2023-03-03 00:00:00+00:00,BRK-B,gbm_quantile,sentiment,40,difference,312.45001220703125,307.95843781989055,4.491574387140702,4.491574387140702
2023-03-06 00:00:00+00:00,BRK-B,gbm_quantile,sentiment,40,difference,316.9700012207031,312.58037574333156,4.389625477371567,4.389625477371567
2023-03-07 00:00:00+00:00,BRK-B,gbm_quantile,sentiment,40,difference,311.1199951171875,317.06682171223474,-5.946826595047241,5.946826595047241
2023-03-08 00:00:00+00:00,BRK-B,gbm_quantile,sentiment,40,difference,311.3699951171875,311.1747262082332,0.19526890895429005,0.19526890895429005
2023-03-09 00:00:00+00:00,BRK-B,gbm_quantile,sentiment,40,difference,304.82000732421875,311.5214087164213,-6.70140139220257,6.70140139220257
2023-03-10 00:00:00+00:00,BRK-B,gbm_quantile,sentiment,40,difference,303.6300048828125,304.89651174284205,-1.2665068600295513,1.2665068600295513
2023-03-13 00:00:00+00:00,BRK-B,gbm_quantile,sentiment,40,difference,302.8800048828125,303.90935806073645,-1.0293531779239515,1.0293531779239515
2023-03-14 00:00:00+00:00,BRK-B,gbm_quantile,sentiment,40,difference,305.3299865722656,303.0158870321878,2.314099540077848,2.314099540077848
2023-03-15 00:00:00+00:00,BRK-B,gbm_quantile,sentiment,40,difference,297.8800048828125,305.3753275880738,-7.495322705261287,7.495322705261287
2023-03-16 00:00:00+00:00,BRK-B,gbm_quantile,sentiment,40,difference,302.010009765625,297.9894937035303,4.020516062094714,4.020516062094714
2023-03-17 00:00:00+00:00,BRK-B,gbm_quantile,sentiment,40,difference,293.510009765625,302.3101533825202,-8.800143616895184,8.800143616895184
2023-03-20 00:00:00+00:00,BRK-B,gbm_quantile,sentiment,40,difference,301.0599975585937,293.74517663649976,7.314820922093929,7.314820922093929
2023-03-21 00:00:00+00:00,BRK-B,gbm_quantile,sentiment,40,difference,303.8500061035156,301.10636324959484,2.7436428539207895,2.7436428539207895
2023-03-22 00:00:00+00:00,BRK-B,gbm_quantile,sentiment,40,difference,299.7300109863281,303.9066520572176,-4.176641070889502,4.176641070889502
2023-03-23 00:00:00+00:00,BRK-B,gbm_quantile,sentiment,40,difference,298.3699951171875,299.85554359563747,-1.4855484784499708,1.4855484784499708
2023-03-24 00:00:00+00:00,BRK-B,gbm_quantile,sentiment,40,difference,298.9200134277344,298.64268450962186,0.2773289181125165,0.2773289181125165
2023-03-27 00:00:00+00:00,BRK-B,gbm_quantile,sentiment,40,difference,302.1400146484375,299.0940188312463,3.0459958171912263,3.0459958171912263
2023-03-28 00:00:00+00:00,BRK-B,gbm_quantile,sentiment,40,difference,302.32000732421875,302.3367062920207,-0.016698967801971776,0.016698967801971776
2023-03-29 00:00:00+00:00,BRK-B,gbm_quantile,sentiment,40,difference,305.29998779296875,302.4155600317457,2.884427761223037,2.884427761223037
2023-03-30 00:00:00+00:00,BRK-B,gbm_quantile,sentiment,40,difference,305.0799865722656,305.31966062811057,-0.23967405584494372,0.23967405584494372
2023-03-31 00:00:00+00:00,BRK-B,gbm_quantile,sentiment,40,difference,308.7699890136719,305.1346621435957,3.6353268700761987,3.6353268700761987
2023-04-03 00:00:00+00:00,BRK-B,gbm_quantile,sentiment,40,difference,310.3099975585937,308.90257535333,1.4074222052636856,1.4074222052636856
2023-04-04 00:00:00+00:00,BRK-B,gbm_quantile,sentiment,40,difference,309.07000732421875,310.5173451500223,-1.4473378258035723,1.4473378258035723
2023-04-05 00:00:00+00:00,BRK-B,gbm_quantile,sentiment,40,difference,310.3900146484375,309.2475683406126,1.1424463078249119,1.1424463078249119
2023-04-06 00:00:00+00:00,BRK-B,gbm_quantile,sentiment,40,difference,312.510009765625,310.36788597954205,2.142123786082948,2.142123786082948
2023-04-10 00:00:00+00:00,BRK-B,gbm_quantile,sentiment,40,difference,312.6199951171875,312.87007349759,-0.2500783804024991,0.2500783804024991
2023-04-11 00:00:00+00:00,BRK-B,gbm_quantile,sentiment,40,difference,313.70001220703125,312.847469116701,0.8525430903302436,0.8525430903302436
2023-04-12 00:00:00+00:00,BRK-B,gbm_quantile,sentiment,40,difference,314.54998779296875,313.9399298848877,0.6100579080810462,0.6100579080810462
2023-04-13 00:00:00+00:00,BRK-B,gbm_quantile,sentiment,40,difference,318.04998779296875,314.66029144878297,3.3896963441857793,3.3896963441857793
2023-04-14 00:00:00+00:00,BRK-B,gbm_quantile,sentiment,40,difference,319.739990234375,318.28696007537474,1.4530301590002637,1.4530301590002637
2023-04-17 00:00:00+00:00,BRK-B,gbm_quantile,sentiment,40,difference,323.7900085449219,319.85406791724256,3.935940627679315,3.935940627679315
2023-04-18 00:00:00+00:00,BRK-B,gbm_quantile,sentiment,40,difference,324.6300048828125,323.9652932933974,0.6647115894151057,0.6647115894151057
2023-04-19 00:00:00+00:00,BRK-B,gbm_quantile,sentiment,40,difference,323.0899963378906,324.6850827200083,-1.5950863821176995,1.5950863821176995
2023-04-20 00:00:00+00:00,BRK-B,gbm_quantile,sentiment,40,difference,323.82000732421875,323.16707562534515,0.6529316988736014,0.6529316988736014
2023-04-21 00:00:00+00:00,BRK-B,gbm_quantile,sentiment,40,difference,324.3299865722656,323.9421966046216,0.3877899676440393,0.3877899676440393
2023-04-24 00:00:00+00:00,BRK-B,gbm_quantile,sentiment,40,difference,326.04998779296875,324.6628439463884,1.3871438465803294,1.3871438465803294
2023-04-25 00:00:00+00:00,BRK-B,gbm_quantile,sentiment,40,difference,324.3399963378906,326.2136790050403,-1.8736826671496942,1.8736826671496942
2023-04-26 00:00:00+00:00,BRK-B,gbm_quantile,sentiment,40,difference,320.5299987792969,324.52144573447896,-3.9914469551820844,3.9914469551820844
2023-04-27 00:00:00+00:00,BRK-B,gbm_quantile,sentiment,40,difference,326.2300109863281,320.6447024276614,5.585308558666725,5.585308558666725
2023-04-28 00:00:00+00:00,BRK-B,gbm_quantile,sentiment,40,difference,328.54998779296875,326.417105696322,2.1328820966467674,2.1328820966467674
2023-05-01 00:00:00+00:00,BRK-B,gbm_quantile,sentiment,40,difference,330.1700134277344,328.67809165123043,1.4919217765039434,1.4919217765039434
2023-05-02 00:00:00+00:00,BRK-B,gbm_quantile,sentiment,40,difference,325.8599853515625,330.2299050685342,-4.369919716971708,4.369919716971708
2023-05-03 00:00:00+00:00,BRK-B,gbm_quantile,sentiment,40,difference,323.2200012207031,325.7579643998768,-2.537963179173687,2.537963179173687
2023-05-04 00:00:00+00:00,BRK-B,gbm_quantile,sentiment,40,difference,320.0,323.37989484348856,-3.3798948434885574,3.3798948434885574
2023-05-05 00:00:00+00:00,BRK-B,gbm_quantile,sentiment,40,difference,323.8800048828125,320.18634488050174,3.6936600023107644,3.6936600023107644
2023-05-08 00:00:00+00:00,BRK-B,gbm_quantile,sentiment,40,difference,326.1400146484375,323.8798891451882,2.2601255032492986,2.2601255032492986
2023-05-09 00:00:00+00:00,BRK-B,gbm_quantile,sentiment,40,difference,324.8699951171875,326.150890505671,-1.2808953884834864,1.2808953884834864
2023-05-10 00:00:00+00:00,BRK-B,gbm_quantile,sentiment,40,difference,322.989990234375,324.8069825945521,-1.816992360177096,1.816992360177096
2023-05-11 00:00:00+00:00,BRK-B,gbm_quantile,sentiment,40,difference,322.6400146484375,322.9703341674655,-0.3303195190280235,0.3303195190280235
2023-05-12 00:00:00+00:00,BRK-B,gbm_quantile,sentiment,40,difference,322.489990234375,322.68383277659456,-0.19384254221955644,0.19384254221955644
2023-05-15 00:00:00+00:00,BRK-B,gbm_quantile,sentiment,40,difference,323.5299987792969,322.6577807330969,0.8722180461999756,0.8722180461999756
2023-05-16 00:00:00+00:00,BRK-B,gbm_quantile,sentiment,40,difference,323.75,323.6586835739171,0.09131642608292623,0.09131642608292623
2023-05-17 00:00:00+00:00,BRK-B,gbm_quantile,sentiment,40,difference,327.3900146484375,323.9282659275671,3.461748720870389,3.461748720870389
2023-05-18 00:00:00+00:00,BRK-B,gbm_quantile,sentiment,40,difference,329.760009765625,327.53338360040294,2.226626165222058,2.226626165222058
2023-05-19 00:00:00+00:00,BRK-B,gbm_quantile,sentiment,40,difference,330.3900146484375,330.1188568293474,0.2711578190900923,0.2711578190900923
2023-05-22 00:00:00+00:00,BRK-B,gbm_quantile,sentiment,40,difference,329.1300048828125,330.47445401055177,-1.3444491277392672,1.3444491277392672
2023-05-23 00:00:00+00:00,BRK-B,gbm_quantile,sentiment,40,difference,323.1099853515625,329.2283512761272,-6.118365924564728,6.118365924564728
2023-05-24 00:00:00+00:00,BRK-B,gbm_quantile,sentiment,40,difference,320.20001220703125,323.1087362806798,-2.908724073648557,2.908724073648557
2023-05-25 00:00:00+00:00,BRK-B,gbm_quantile,sentiment,40,difference,319.0199890136719,320.2346800424377,-1.2146910287657988,1.2146910287657988
2023-05-26 00:00:00+00:00,BRK-B,gbm_quantile,sentiment,40,difference,320.6000061035156,319.25408984815596,1.3459162553596684,1.3459162553596684
2023-05-30 00:00:00+00:00,BRK-B,gbm_quantile,sentiment,40,difference,322.19000244140625,320.8401943324164,1.349808108989862,1.349808108989862
2023-05-31 00:00:00+00:00,BRK-B,gbm_quantile,sentiment,40,difference,321.0799865722656,322.29310197658793,-1.2131154043223091,1.2131154043223091
2023-06-01 00:00:00+00:00,BRK-B,gbm_quantile,sentiment,40,difference,323.1199951171875,321.19594919607584,1.9240459211116558,1.9240459211116558
2023-06-02 00:00:00+00:00,BRK-B,gbm_quantile,sentiment,40,difference,329.4800109863281,323.3027369499237,6.1772740364044125,6.1772740364044125
2023-06-05 00:00:00+00:00,BRK-B,gbm_quantile,sentiment,40,difference,328.5799865722656,329.4627482245141,-0.8827616522484618,0.8827616522484618
2023-06-06 00:00:00+00:00,BRK-B,gbm_quantile,sentiment,40,difference,333.4100036621094,328.83789836752925,4.572105294580126,4.572105294580126
2023-06-07 00:00:00+00:00,BRK-B,gbm_quantile,sentiment,40,difference,335.4200134277344,333.58053988661175,1.8394735411226293,1.8394735411226293
2023-06-08 00:00:00+00:00,BRK-B,gbm_quantile,sentiment,40,difference,335.95001220703125,335.4930184931885,0.4569937138427349,0.4569937138427349
2023-06-09 00:00:00+00:00,BRK-B,gbm_quantile,sentiment,40,difference,335.2900085449219,336.09278337270234,-0.8027748277804676,0.8027748277804676
2023-06-12 00:00:00+00:00,BRK-B,gbm_quantile,sentiment,40,difference,333.6000061035156,335.5329731402517,-1.9329670367361018,1.9329670367361018
2023-06-13 00:00:00+00:00,BRK-B,gbm_quantile,sentiment,40,difference,336.3900146484375,333.8622515028747,2.527763145562801,2.527763145562801
2023-06-14 00:00:00+00:00,BRK-B,gbm_quantile,sentiment,40,difference,335.8999938964844,336.5311225426032,-0.6311286461188388,0.6311286461188388
2023-06-15 00:00:00+00:00,BRK-B,gbm_quantile,sentiment,40,difference,339.82000732421875,336.0367586113625,3.7832487128562775,3.7832487128562775
2023-06-16 00:00:00+00:00,BRK-B,gbm_quantile,sentiment,40,difference,338.3099975585937,339.8821443336002,-1.5721467750065017,1.5721467750065017
2023-06-20 00:00:00+00:00,BRK-B,gbm_quantile,sentiment,40,difference,338.6700134277344,338.4493431693667,0.22067025836764742,0.22067025836764742
2023-06-21 00:00:00+00:00,BRK-B,gbm_quantile,sentiment,40,difference,338.6099853515625,338.78474469176865,-0.17475934020615114,0.17475934020615114
2023-06-22 00:00:00+00:00,BRK-B,gbm_quantile,sentiment,40,difference,336.9599914550781,338.72489765157945,-1.7649061965013288,1.7649061965013288
2023-06-23 00:00:00+00:00,BRK-B,gbm_quantile,sentiment,40,difference,335.25,337.20134389126775,-1.9513438912677543,1.9513438912677543
2023-06-26 00:00:00+00:00,BRK-B,gbm_quantile,sentiment,40,difference,334.1199951171875,335.3435534290635,-1.2235583118759905,1.2235583118759905
2023-06-27 00:00:00+00:00,BRK-B,gbm_quantile,sentiment,40,difference,335.3399963378906,334.3206815430322,1.019314794858417,1.019314794858417
2023-06-28 00:00:00+00:00,BRK-B,gbm_quantile,sentiment,40,difference,334.1499938964844,335.4430023119115,-1.2930084154271526,1.2930084154271526
2023-06-29 00:00:00+00:00,BRK-B,gbm_quantile,sentiment,40,difference,336.9100036621094,334.34861754360065,2.5613861185087217,2.5613861185087217
2023-06-30 00:00:00+00:00,BRK-B,gbm_quantile,sentiment,40,difference,341.0,337.04643539856,3.953564601440007,3.953564601440007
2023-07-03 00:00:00+00:00,BRK-B,gbm_quantile,sentiment,40,difference,342.0,341.10553890064017,0.8944610993598303,0.8944610993598303
2023-07-05 00:00:00+00:00,BRK-B,gbm_quantile,sentiment,40,difference,341.5599975585937,342.1050812148683,-0.5450836562745849,0.5450836562745849
2023-07-06 00:00:00+00:00,BRK-B,gbm_quantile,sentiment,40,difference,341.4599914550781,341.85745360848415,-0.39746215340602475,0.39746215340602475
2023-07-07 00:00:00+00:00,BRK-B,gbm_quantile,sentiment,40,difference,340.8999938964844,341.7391127860947,-0.8391188896103472,0.8391188896103472
2023-07-10 00:00:00+00:00,BRK-B,gbm_quantile,sentiment,40,difference,341.1300048828125,341.2956862398114,-0.16568135699890263,0.16568135699890263
2023-07-11 00:00:00+00:00,BRK-B,gbm_quantile,sentiment,40,difference,343.3699951171875,341.27129207579605,2.0987030413914454,2.0987030413914454
2023-07-12 00:00:00+00:00,BRK-B,gbm_quantile,sentiment,40,difference,345.3500061035156,343.5083177125059,1.8416883910097113,1.8416883910097113
2023-07-13 00:00:00+00:00,BRK-B,gbm_quantile,sentiment,40,difference,343.5400085449219,345.49736021230984,-1.957351667387968,1.957351667387968
2023-07-14 00:00:00+00:00,BRK-B,gbm_quantile,sentiment,40,difference,341.0899963378906,343.6319256227425,-2.5419292848518467,2.5419292848518467
2023-07-17 00:00:00+00:00,BRK-B,gbm_quantile,sentiment,40,difference,344.25,341.32229949091396,2.927700509086037,2.927700509086037
2023-07-18 00:00:00+00:00,BRK-B,gbm_quantile,sentiment,40,difference,345.3399963378906,344.41404317198163,0.925953165908993,0.925953165908993
2023-07-19 00:00:00+00:00,BRK-B,gbm_quantile,sentiment,40,difference,342.42999267578125,345.58129167725536,-3.151299001474115,3.151299001474115
2023-07-20 00:00:00+00:00,BRK-B,gbm_quantile,sentiment,40,difference,346.6099853515625,342.8231221594899,3.7868631920725875,3.7868631920725875
2023-07-21 00:00:00+00:00,BRK-B,gbm_quantile,sentiment,40,difference,345.760009765625,346.79258388309444,-1.0325741174694372,1.0325741174694372
2023-07-24 00:00:00+00:00,BRK-B,gbm_quantile,sentiment,40,difference,349.6300048828125,345.95631254142324,3.6736923413892555,3.6736923413892555
2023-07-25 00:00:00+00:00,BRK-B,gbm_quantile,sentiment,40,difference,347.5799865722656,349.7928289387178,-2.2128423664521506,2.2128423664521506
2023-07-26 00:00:00+00:00,BRK-B,gbm_quantile,sentiment,40,difference,349.79998779296875,347.7369345905575,2.063053202411254,2.063053202411254
2023-07-27 00:00:00+00:00,BRK-B,gbm_quantile,sentiment,40,difference,349.3099975585937,350.03866742177695,-0.7286698631832564,0.7286698631832564
2023-07-28 00:00:00+00:00,BRK-B,gbm_quantile,sentiment,40,difference,349.8099975585937,349.43155063508084,0.378446923512854,0.378446923512854
2023-07-31 00:00:00+00:00,BRK-B,gbm_quantile,sentiment,40,difference,351.9599914550781,349.9501444933398,2.009846961738333,2.009846961738333
2023-08-01 00:00:00+00:00,BRK-B,gbm_quantile,sentiment,40,difference,352.260009765625,352.1318596418589,0.12815012376609047,0.12815012376609047
2023-08-02 00:00:00+00:00,BRK-B,gbm_quantile,sentiment,40,difference,351.19000244140625,352.35924075810715,-1.1692383167008984,1.1692383167008984
2023-08-03 00:00:00+00:00,BRK-B,gbm_quantile,sentiment,40,difference,353.8099975585937,351.49093741501645,2.3190601435772464,2.3190601435772464
2023-08-04 00:00:00+00:00,BRK-B,gbm_quantile,sentiment,40,difference,349.989990234375,354.1389873984505,-4.148997164075524,4.148997164075524
2023-08-07 00:00:00+00:00,BRK-B,gbm_quantile,sentiment,40,difference,362.5799865722656,350.1566827009736,12.423303871292035,12.423303871292035
2023-08-08 00:00:00+00:00,BRK-B,gbm_quantile,sentiment,40,difference,363.7300109863281,362.64059134206957,1.0894196442585553,1.0894196442585553
2023-08-09 00:00:00+00:00,BRK-B,gbm_quantile,sentiment,40,difference,358.0199890136719,363.8396095288874,-5.819620515215547,5.819620515215547
2023-08-10 00:00:00+00:00,BRK-B,gbm_quantile,sentiment,40,difference,356.9800109863281,357.9999091232648,-1.0198981369366606,1.0198981369366606
2023-08-11 00:00:00+00:00,BRK-B,gbm_quantile,sentiment,40,difference,358.3500061035156,357.1410161482789,1.2089899552367456,1.2089899552367456
2023-08-14 00:00:00+00:00,BRK-B,gbm_quantile,sentiment,40,difference,358.4800109863281,358.6364808232107,-0.15646983688259297,0.15646983688259297
2023-08-15 00:00:00+00:00,BRK-B,gbm_quantile,sentiment,40,difference,354.5,358.5481155963308,-4.048115596330774,4.048115596330774
2023-08-16 00:00:00+00:00,BRK-B,gbm_quantile,sentiment,40,difference,354.1099853515625,354.72700320407114,-0.6170178525086385,0.6170178525086385
2023-08-17 00:00:00+00:00,BRK-B,gbm_quantile,sentiment,40,difference,353.19000244140625,354.1231000538764,-0.9330976124701351,0.9330976124701351
2023-08-18 00:00:00+00:00,BRK-B,gbm_quantile,sentiment,40,difference,352.5599975585937,353.24498900808817,-0.6849914494944755,0.6849914494944755
2023-08-21 00:00:00+00:00,BRK-B,gbm_quantile,sentiment,40,difference,352.0899963378906,352.8678078931941,-0.7778115553034581,0.7778115553034581
2023-08-22 00:00:00+00:00,BRK-B,gbm_quantile,sentiment,40,difference,350.57000732421875,352.20203382439655,-1.6320265001778012,1.6320265001778012
2023-08-23 00:00:00+00:00,BRK-B,gbm_quantile,sentiment,40,difference,354.260009765625,350.6410004946293,3.6190092709957185,3.6190092709957185
2023-08-24 00:00:00+00:00,BRK-B,gbm_quantile,sentiment,40,difference,354.29998779296875,354.5148112671074,-0.21482347413865455,0.21482347413865455
2023-08-25 00:00:00+00:00,BRK-B,gbm_quantile,sentiment,40,difference,355.92999267578125,354.36911791524756,1.560874760533693,1.560874760533693
2023-08-28 00:00:00+00:00,BRK-B,gbm_quantile,sentiment,40,difference,355.54998779296875,356.06090648100104,-0.5109186880322909,0.5109186880322909
2023-08-29 00:00:00+00:00,BRK-B,gbm_quantile,sentiment,40,difference,358.2900085449219,355.7391176426233,2.5508909022985904,2.5508909022985904
2023-08-30 00:00:00+00:00,BRK-B,gbm_quantile,sentiment,40,difference,361.05999755859375,358.62521938538214,2.434778173211612,2.434778173211612
2023-08-31 00:00:00+00:00,BRK-B,gbm_quantile,sentiment,40,difference,360.20001220703125,361.12129698468027,-0.9212847776490207,0.9212847776490207
2023-09-01 00:00:00+00:00,BRK-B,gbm_quantile,sentiment,40,difference,362.4599914550781,360.4157603057972,2.044231149280904,2.044231149280904
2023-09-05 00:00:00+00:00,BRK-B,gbm_quantile,sentiment,40,difference,360.4700012207031,362.60559798402613,-2.135596763323008,2.135596763323008
2023-09-06 00:00:00+00:00,BRK-B,gbm_quantile,sentiment,40,difference,361.6700134277344,360.62777338034783,1.0422400473865423,1.0422400473865423
2023-09-07 00:00:00+00:00,BRK-B,gbm_quantile,sentiment,40,difference,361.7999877929688,361.87314571951407,-0.07315792654526376,0.07315792654526376
2023-09-08 00:00:00+00:00,BRK-B,gbm_quantile,sentiment,40,difference,363.1499938964844,362.15136094517084,0.9986329513135388,0.9986329513135388
2023-09-11 00:00:00+00:00,BRK-B,gbm_quantile,sentiment,40,difference,365.5199890136719,363.1934125308395,2.3265764828323654,2.3265764828323654
2023-09-12 00:00:00+00:00,BRK-B,gbm_quantile,sentiment,40,difference,367.7799987792969,365.56449200519,2.2155067741068706,2.2155067741068706
2023-09-13 00:00:00+00:00,BRK-B,gbm_quantile,sentiment,40,difference,367.8200073242188,367.883934473708,-0.06392714948918865,0.06392714948918865
2023-09-14 00:00:00+00:00,BRK-B,gbm_quantile,sentiment,40,difference,369.5,367.96065011254973,1.5393498874502711,1.5393498874502711
2023-09-15 00:00:00+00:00,BRK-B,gbm_quantile,sentiment,40,difference,367.8599853515625,369.52255029828007,-1.6625649467175663,1.6625649467175663
2023-09-18 00:00:00+00:00,BRK-B,gbm_quantile,sentiment,40,difference,370.4299926757813,368.06168389907464,2.3683087767066695,2.3683087767066695
2023-09-19 00:00:00+00:00,BRK-B,gbm_quantile,sentiment,40,difference,370.4800109863281,370.4864456792841,-0.006434692955963328,0.006434692955963328
2023-09-20 00:00:00+00:00,BRK-B,gbm_quantile,sentiment,40,difference,366.8200073242188,370.57961674104143,-3.7596094168226273,3.7596094168226273
2023-09-21 00:00:00+00:00,BRK-B,gbm_quantile,sentiment,40,difference,363.2799987792969,366.91031999174277,-3.6303212124458923,3.6303212124458923
2023-09-22 00:00:00+00:00,BRK-B,gbm_quantile,sentiment,40,difference,360.1600036621094,363.54919791043113,-3.3891942483217576,3.3891942483217576
2023-09-25 00:00:00+00:00,BRK-B,gbm_quantile,sentiment,40,difference,361.7099914550781,360.2296376913308,1.4803537637473028,1.4803537637473028
2023-09-26 00:00:00+00:00,BRK-B,gbm_quantile,sentiment,40,difference,359.4200134277344,361.79727241493043,-2.3772589871960577,2.3772589871960577
2023-09-27 00:00:00+00:00,BRK-B,gbm_quantile,sentiment,40,difference,357.7799987792969,359.5401736026078,-1.7601748233109333,1.7601748233109333
2023-09-28 00:00:00+00:00,BRK-B,gbm_quantile,sentiment,40,difference,357.0599975585937,357.7899446003901,-0.7299470417963789,0.7299470417963789
2023-09-29 00:00:00+00:00,BRK-B,gbm_quantile,sentiment,40,difference,350.29998779296875,357.0936288688241,-6.793641075855362,6.793641075855362
2023-10-02 00:00:00+00:00,BRK-B,gbm_quantile,sentiment,40,difference,348.0799865722656,350.40642422594055,-2.3264376536749296,2.3264376536749296
2023-10-03 00:00:00+00:00,BRK-B,gbm_quantile,sentiment,40,difference,343.0400085449219,348.1263009904733,-5.086292445551408,5.086292445551408
2023-10-04 00:00:00+00:00,BRK-B,gbm_quantile,sentiment,40,difference,343.69000244140625,343.36227529933274,0.3277271420735133,0.3277271420735133
2023-10-05 00:00:00+00:00,BRK-B,gbm_quantile,sentiment,40,difference,345.0599975585937,343.96509696562475,1.0949005929689406,1.0949005929689406
2023-10-06 00:00:00+00:00,BRK-B,gbm_quantile,sentiment,40,difference,346.3399963378906,345.2447056154793,1.0952907224113346,1.0952907224113346
2023-10-09 00:00:00+00:00,BRK-B,gbm_quantile,sentiment,40,difference,345.45001220703125,346.57265668321384,-1.122644476182586,1.122644476182586
2023-10-10 00:00:00+00:00,BRK-B,gbm_quantile,sentiment,40,difference,348.5599975585937,345.5688309317826,2.9911666268110935,2.9911666268110935
2023-10-11 00:00:00+00:00,BRK-B,gbm_quantile,sentiment,40,difference,348.42999267578125,348.6832119962417,-0.2532193204604596,0.2532193204604596
2023-10-12 00:00:00+00:00,BRK-B,gbm_quantile,sentiment,40,difference,345.6600036621094,348.46476521828623,-2.8047615561768566,2.8047615561768566
2023-10-13 00:00:00+00:00,BRK-B,gbm_quantile,sentiment,40,difference,345.0899963378906,345.8396317690875,-0.7496354311968503,0.7496354311968503
2023-10-16 00:00:00+00:00,BRK-B,gbm_quantile,sentiment,40,difference,346.2300109863281,345.45886754524116,0.7711434410869629,0.7711434410869629
2023-10-17 00:00:00+00:00,BRK-B,gbm_quantile,sentiment,40,difference,345.3900146484375,346.309326372135,-0.9193117236974899,0.9193117236974899
2023-10-18 00:00:00+00:00,BRK-B,gbm_quantile,sentiment,40,difference,340.8900146484375,345.55549781112336,-4.6654831626858595,4.6654831626858595
2023-10-19 00:00:00+00:00,BRK-B,gbm_quantile,sentiment,40,difference,338.6600036621094,341.1608536704254,-2.5008500083160357,2.5008500083160357
2023-10-20 00:00:00+00:00,BRK-B,gbm_quantile,sentiment,40,difference,335.8599853515625,338.88991954850604,-3.029934196943543,3.029934196943543
2023-10-23 00:00:00+00:00,BRK-B,gbm_quantile,sentiment,40,difference,336.8399963378906,336.1802510404008,0.6597452974898488,0.6597452974898488
2023-10-24 00:00:00+00:00,BRK-B,gbm_quantile,sentiment,40,difference,338.6300048828125,336.97123554013297,1.658769342679534,1.658769342679534
2023-10-25 00:00:00+00:00,BRK-B,gbm_quantile,sentiment,40,difference,336.8999938964844,338.88793206429625,-1.9879381678118762,1.9879381678118762
2023-10-26 00:00:00+00:00,BRK-B,gbm_quantile,sentiment,40,difference,336.1600036621094,337.0664266017893,-0.9064229396799419,0.9064229396799419
2023-10-27 00:00:00+00:00,BRK-B,gbm_quantile,sentiment,40,difference,331.7099914550781,336.2715353831223,-4.561543928044159,4.561543928044159
2023-10-30 00:00:00+00:00,BRK-B,gbm_quantile,sentiment,40,difference,337.4100036621094,331.95152431548854,5.458479346620834,5.458479346620834
2023-10-31 00:00:00+00:00,BRK-B,gbm_quantile,sentiment,40,difference,341.3299865722656,337.5133026683407,3.816683903924911,3.816683903924911
2023-11-01 00:00:00+00:00,BRK-B,gbm_quantile,sentiment,40,difference,343.75,341.4300567226475,2.319943277352479,2.319943277352479
2023-11-02 00:00:00+00:00,BRK-B,gbm_quantile,sentiment,40,difference,349.0199890136719,344.0514909433565,4.968498070315377,4.968498070315377
2023-11-03 00:00:00+00:00,BRK-B,gbm_quantile,sentiment,40,difference,351.8099975585937,349.15192119652954,2.6580763620641505,2.6580763620641505
2023-11-06 00:00:00+00:00,BRK-B,gbm_quantile,sentiment,40,difference,346.6300048828125,352.0250073856504,-5.395002502837883,5.395002502837883
2023-11-07 00:00:00+00:00,BRK-B,gbm_quantile,sentiment,40,difference,346.1700134277344,346.6884362913862,-0.5184228636518355,0.5184228636518355
2023-11-08 00:00:00+00:00,BRK-B,gbm_quantile,sentiment,40,difference,346.29998779296875,346.3471655684868,-0.047177775518036924,0.047177775518036924
2023-11-09 00:00:00+00:00,BRK-B,gbm_quantile,sentiment,40,difference,348.17999267578125,346.36268718593067,1.8173054898505825,1.8173054898505825
2023-11-10 00:00:00+00:00,BRK-B,gbm_quantile,sentiment,40,difference,350.5599975585937,348.38429531393535,2.175702244658339,2.175702244658339
2023-11-13 00:00:00+00:00,BRK-B,gbm_quantile,sentiment,40,difference,350.010009765625,350.6010680477571,-0.59105828213211,0.59105828213211
2023-11-14 00:00:00+00:00,BRK-B,gbm_quantile,sentiment,40,difference,354.25,350.07827616781674,4.171723832183261,4.171723832183261
2023-11-15 00:00:00+00:00,BRK-B,gbm_quantile,sentiment,40,difference,356.7900085449219,354.4739515810996,2.316056963822291,2.316056963822291
2023-11-16 00:00:00+00:00,BRK-B,gbm_quantile,sentiment,40,difference,359.8599853515625,356.9134774137062,2.9465079378563246,2.9465079378563246
2023-11-17 00:00:00+00:00,BRK-B,gbm_quantile,sentiment,40,difference,358.92999267578125,360.02151268806574,-1.0915200122844908,1.0915200122844908
2023-11-20 00:00:00+00:00,BRK-B,gbm_quantile,sentiment,40,difference,361.3299865722656,359.15178033654774,2.17820623571788,2.17820623571788
2023-11-21 00:00:00+00:00,BRK-B,gbm_quantile,sentiment,40,difference,361.0,361.4543640210037,-0.4543640210036983,0.4543640210036983
2023-11-22 00:00:00+00:00,BRK-B,gbm_quantile,sentiment,40,difference,361.7999877929688,361.16455867978465,0.6354291131841592,0.6354291131841592
2023-11-24 00:00:00+00:00,BRK-B,gbm_quantile,sentiment,40,difference,362.6799926757813,361.91864566266145,0.7613470131198596,0.7613470131198596
2023-11-27 00:00:00+00:00,BRK-B,gbm_quantile,sentiment,40,difference,361.3399963378906,362.7956514552383,-1.4556551173477033,1.4556551173477033
2023-11-28 00:00:00+00:00,BRK-B,gbm_quantile,sentiment,40,difference,360.04998779296875,361.4634949258347,-1.4135071328659592,1.4135071328659592
2023-11-29 00:00:00+00:00,BRK-B,gbm_quantile,sentiment,40,difference,358.69000244140625,360.2041174164625,-1.514114975056259,1.514114975056259
2023-11-30 00:00:00+00:00,BRK-B,gbm_quantile,sentiment,40,difference,360.0,358.8447035145059,1.155296485494091,1.155296485494091
2023-12-01 00:00:00+00:00,BRK-B,gbm_quantile,sentiment,40,difference,357.07000732421875,360.0371008369853,-2.967093512766553,2.967093512766553
2023-12-04 00:00:00+00:00,BRK-B,gbm_quantile,sentiment,40,difference,356.6600036621094,357.20738218111455,-0.5473785190051785,0.5473785190051785
2023-12-05 00:00:00+00:00,BRK-B,gbm_quantile,sentiment,40,difference,355.0299987792969,357.0302716213335,-2.0002728420366225,2.0002728420366225
2023-12-06 00:00:00+00:00,BRK-B,gbm_quantile,sentiment,40,difference,352.3800048828125,355.22114007561646,-2.8411351928039608,2.8411351928039608
2023-12-07 00:00:00+00:00,BRK-B,gbm_quantile,sentiment,40,difference,352.70001220703125,352.5398506073563,0.16016159967495014,0.16016159967495014
2023-12-08 00:00:00+00:00,BRK-B,gbm_quantile,sentiment,40,difference,353.0799865722656,352.82999901821523,0.2499875540503922,0.2499875540503922
2023-12-11 00:00:00+00:00,BRK-B,gbm_quantile,sentiment,40,difference,357.0599975585937,353.20959894689526,3.850398611698438,3.850398611698438
2023-12-12 00:00:00+00:00,BRK-B,gbm_quantile,sentiment,40,difference,360.0199890136719,357.16995804571445,2.850030967957423,2.850030967957423
2023-12-13 00:00:00+00:00,BRK-B,gbm_quantile,sentiment,40,difference,362.0299987792969,360.011585927645,2.018412851651874,2.018412851651874
2023-12-14 00:00:00+00:00,BRK-B,gbm_quantile,sentiment,40,difference,358.1199951171875,362.1919391511465,-4.071944033959028,4.071944033959028
2023-12-15 00:00:00+00:00,BRK-B,gbm_quantile,sentiment,40,difference,356.5,358.3101276832148,-1.8101276832147732,1.8101276832147732
