Date,Stock,Model,Mode,Lag_Count,Target_Transform,Actual,Predicted,Residual,Absolute_Error
2021-03-08 00:00:00+00:00,MRK,gbm_quantile,nonsentiment,50,log_return,70.77290344238281,69.90170787878918,0.8711955635936306,0.8711955635936306
2021-03-09 00:00:00+00:00,MRK,gbm_quantile,nonsentiment,50,log_return,70.74427795410156,70.76443967714376,-0.020161723042193103,0.020161723042193103
2021-03-10 00:00:00+00:00,MRK,gbm_quantile,nonsentiment,50,log_return,71.33587646484375,70.74237531860979,0.5935011462339617,0.5935011462339617
2021-03-11 00:00:00+00:00,MRK,gbm_quantile,nonsentiment,50,log_return,71.21183013916016,71.40606969646686,-0.19423955730670173,0.19423955730670173
2021-03-12 00:00:00+00:00,MRK,gbm_quantile,nonsentiment,50,log_return,71.1832046508789,71.12402839711753,0.059176253761378916,0.059176253761378916
2021-03-15 00:00:00+00:00,MRK,gbm_quantile,nonsentiment,50,log_return,72.7385482788086,71.2035020746301,1.5350462041784994,1.5350462041784994
2021-03-16 00:00:00+00:00,MRK,gbm_quantile,nonsentiment,50,log_return,73.29198455810547,72.6342435111859,0.6577410469195684,0.6577410469195684
2021-03-17 00:00:00+00:00,MRK,gbm_quantile,nonsentiment,50,log_return,73.7595443725586,73.30140481886802,0.4581395536905717,0.4581395536905717
2021-03-18 00:00:00+00:00,MRK,gbm_quantile,nonsentiment,50,log_return,73.73091888427734,73.75743500553362,-0.02651612125627878,0.02651612125627878
2021-03-19 00:00:00+00:00,MRK,gbm_quantile,nonsentiment,50,log_return,73.95992279052734,73.73794350459033,0.22197928593701022,0.22197928593701022
2021-03-22 00:00:00+00:00,MRK,gbm_quantile,nonsentiment,50,log_return,73.95992279052734,73.97034895950458,-0.01042616897723292,0.01042616897723292
2021-03-23 00:00:00+00:00,MRK,gbm_quantile,nonsentiment,50,log_return,72.77671813964844,73.98500104619873,-1.208282906550295,1.208282906550295
2021-03-24 00:00:00+00:00,MRK,gbm_quantile,nonsentiment,50,log_return,72.74809265136719,72.81632016959469,-0.06822751822750206,0.06822751822750206
2021-03-25 00:00:00+00:00,MRK,gbm_quantile,nonsentiment,50,log_return,72.58587646484375,72.77622799063707,-0.19035152579331793,0.19035152579331793
2021-03-26 00:00:00+00:00,MRK,gbm_quantile,nonsentiment,50,log_return,73.84542083740234,72.56062314332041,1.2847976940819308,1.2847976940819308
2021-03-29 00:00:00+00:00,MRK,gbm_quantile,nonsentiment,50,log_return,74.71373748779297,73.90297746109798,0.810760026694993,0.810760026694993
2021-03-30 00:00:00+00:00,MRK,gbm_quantile,nonsentiment,50,log_return,73.43511199951172,74.71510326026414,-1.2799912607524249,1.2799912607524249
2021-03-31 00:00:00+00:00,MRK,gbm_quantile,nonsentiment,50,log_return,73.55915832519531,73.48933250691938,0.06982581827593037,0.06982581827593037
2021-04-01 00:00:00+00:00,MRK,gbm_quantile,nonsentiment,50,log_return,73.55915832519531,73.57878553964605,-0.01962721445073612,0.01962721445073612
2021-04-05 00:00:00+00:00,MRK,gbm_quantile,nonsentiment,50,log_return,73.47328186035156,73.6083834994898,-0.13510163913824158,0.13510163913824158
2021-04-06 00:00:00+00:00,MRK,gbm_quantile,nonsentiment,50,log_return,72.3187026977539,73.48612665973778,-1.1674239619838715,1.1674239619838715
2021-04-07 00:00:00+00:00,MRK,gbm_quantile,nonsentiment,50,log_return,72.63359069824219,72.33346776295274,0.3001229352894512,0.3001229352894512
2021-04-08 00:00:00+00:00,MRK,gbm_quantile,nonsentiment,50,log_return,72.03244018554688,72.7077292767573,-0.6752890912104306,0.6752890912104306
2021-04-09 00:00:00+00:00,MRK,gbm_quantile,nonsentiment,50,log_return,72.81488800048828,72.07505555690878,0.7398324435795018,0.7398324435795018
2021-04-12 00:00:00+00:00,MRK,gbm_quantile,nonsentiment,50,log_return,72.72901153564453,72.8670837631412,-0.13807222749666437,0.13807222749666437
2021-04-13 00:00:00+00:00,MRK,gbm_quantile,nonsentiment,50,log_return,72.92938995361328,72.87228451592286,0.05710543769042431,0.05710543769042431
2021-04-14 00:00:00+00:00,MRK,gbm_quantile,nonsentiment,50,log_return,72.90076446533203,72.95608857404139,-0.05532410870935678,0.05532410870935678
2021-04-15 00:00:00+00:00,MRK,gbm_quantile,nonsentiment,50,log_return,73.14885711669922,72.90741012650388,0.24144699019534244,0.24144699019534244
2021-04-16 00:00:00+00:00,MRK,gbm_quantile,nonsentiment,50,log_return,73.9217529296875,73.18441574600848,0.737337183679017,0.737337183679017
2021-04-19 00:00:00+00:00,MRK,gbm_quantile,nonsentiment,50,log_return,74.1030502319336,73.97890450921086,0.12414572272273006,0.12414572272273006
2021-04-20 00:00:00+00:00,MRK,gbm_quantile,nonsentiment,50,log_return,74.97137451171875,74.14931501380713,0.8220594979116242,0.8220594979116242
2021-04-21 00:00:00+00:00,MRK,gbm_quantile,nonsentiment,50,log_return,75.60114288330078,75.00117993528815,0.5999629480126316,0.5999629480126316
2021-04-22 00:00:00+00:00,MRK,gbm_quantile,nonsentiment,50,log_return,74.38931274414062,75.63546768704569,-1.246154942905065,1.246154942905065
2021-04-23 00:00:00+00:00,MRK,gbm_quantile,nonsentiment,50,log_return,74.31298065185547,74.42662043660386,-0.11363978474838632,0.11363978474838632
2021-04-26 00:00:00+00:00,MRK,gbm_quantile,nonsentiment,50,log_return,73.97901153564453,74.32273264766562,-0.34372111202108613,0.34372111202108613
2021-04-27 00:00:00+00:00,MRK,gbm_quantile,nonsentiment,50,log_return,73.8167953491211,73.98570311046872,-0.16890776134762575,0.16890776134762575
2021-04-28 00:00:00+00:00,MRK,gbm_quantile,nonsentiment,50,log_return,73.55915832519531,73.8281319303391,-0.26897360514378477,0.26897360514378477
2021-04-29 00:00:00+00:00,MRK,gbm_quantile,nonsentiment,50,log_return,70.30534362792969,73.58419693073819,-3.2788533028085,3.2788533028085
2021-04-30 00:00:00+00:00,MRK,gbm_quantile,nonsentiment,50,log_return,71.08778381347656,70.30337295737547,0.7844108561010898,0.7844108561010898
2021-05-03 00:00:00+00:00,MRK,gbm_quantile,nonsentiment,50,log_return,72.5,71.05608349452483,1.4439165054751726,1.4439165054751726
2021-05-04 00:00:00+00:00,MRK,gbm_quantile,nonsentiment,50,log_return,72.5095443725586,72.50510097705637,0.004443395502221392,0.004443395502221392
2021-05-05 00:00:00+00:00,MRK,gbm_quantile,nonsentiment,50,log_return,74.14122009277344,72.48740423204727,1.6538158607261693,1.6538158607261693
2021-05-06 00:00:00+00:00,MRK,gbm_quantile,nonsentiment,50,log_return,74.21755981445312,74.17083732820906,0.0467224862440645,0.0467224862440645
2021-05-07 00:00:00+00:00,MRK,gbm_quantile,nonsentiment,50,log_return,74.8187026977539,74.21490356156617,0.6037991361877317,0.6037991361877317
2021-05-10 00:00:00+00:00,MRK,gbm_quantile,nonsentiment,50,log_return,74.5896987915039,74.85179343868857,-0.2620946471846679,0.2620946471846679
2021-05-11 00:00:00+00:00,MRK,gbm_quantile,nonsentiment,50,log_return,73.91221618652344,74.65417065240081,-0.7419544658773702,0.7419544658773702
2021-05-12 00:00:00+00:00,MRK,gbm_quantile,nonsentiment,50,log_return,74.42748260498047,73.92201309654207,0.5054695084383951,0.5054695084383951
2021-05-13 00:00:00+00:00,MRK,gbm_quantile,nonsentiment,50,log_return,75.08587646484375,74.3898205002984,0.6960559645453515,0.6960559645453515
2021-05-14 00:00:00+00:00,MRK,gbm_quantile,nonsentiment,50,log_return,74.7042007446289,75.1025929764047,-0.3983922317757873,0.3983922317757873
2021-05-17 00:00:00+00:00,MRK,gbm_quantile,nonsentiment,50,log_return,76.21183013916016,74.73043532897464,1.4813948101855203,1.4813948101855203
2021-05-18 00:00:00+00:00,MRK,gbm_quantile,nonsentiment,50,log_return,75.74427795410156,76.21602889234988,-0.47175093824832004,0.47175093824832004
2021-05-19 00:00:00+00:00,MRK,gbm_quantile,nonsentiment,50,log_return,75.72518920898438,75.75662043563477,-0.03143122665039755,0.03143122665039755
2021-05-20 00:00:00+00:00,MRK,gbm_quantile,nonsentiment,50,log_return,76.0114517211914,75.8202482272776,0.19120349391380387,0.19120349391380387
2021-05-21 00:00:00+00:00,MRK,gbm_quantile,nonsentiment,50,log_return,75.55343627929688,76.0662708223674,-0.5128345430705252,0.5128345430705252
2021-05-24 00:00:00+00:00,MRK,gbm_quantile,nonsentiment,50,log_return,75.4103012084961,75.59036901953179,-0.18006781103569836,0.18006781103569836
2021-05-25 00:00:00+00:00,MRK,gbm_quantile,nonsentiment,50,log_return,73.95037841796875,75.36594929656977,-1.4155708786010166,1.4155708786010166
2021-05-26 00:00:00+00:00,MRK,gbm_quantile,nonsentiment,50,log_return,73.6927490234375,73.74185399099404,-0.04910496755654492,0.04910496755654492
2021-05-27 00:00:00+00:00,MRK,gbm_quantile,nonsentiment,50,log_return,72.4427490234375,73.74616101168493,-1.3034119882474329,1.3034119882474329
2021-05-28 00:00:00+00:00,MRK,gbm_quantile,nonsentiment,50,log_return,72.41412353515625,72.45279827108654,-0.03867473593028592,0.03867473593028592
2021-06-01 00:00:00+00:00,MRK,gbm_quantile,nonsentiment,50,log_return,71.73664093017578,72.43422230218299,-0.6975813720072068,0.6975813720072068
2021-06-02 00:00:00+00:00,MRK,gbm_quantile,nonsentiment,50,log_return,72.39503479003906,71.77748818421038,0.6175466058286787,0.6175466058286787
2021-06-03 00:00:00+00:00,MRK,gbm_quantile,nonsentiment,50,log_return,73.91000366210938,72.41867669980503,1.491326962304342,1.491326962304342
2021-06-04 00:00:00+00:00,MRK,gbm_quantile,nonsentiment,50,log_return,74.11000061035156,73.95829832122651,0.1517022891250548,0.1517022891250548
2021-06-07 00:00:00+00:00,MRK,gbm_quantile,nonsentiment,50,log_return,72.80000305175781,74.14308753382589,-1.343084482068079,1.343084482068079
2021-06-08 00:00:00+00:00,MRK,gbm_quantile,nonsentiment,50,log_return,72.4000015258789,72.84617173975255,-0.44617021387364275,0.44617021387364275
2021-06-09 00:00:00+00:00,MRK,gbm_quantile,nonsentiment,50,log_return,74.04000091552734,72.40324335280822,1.6367575627191258,1.6367575627191258
2021-06-10 00:00:00+00:00,MRK,gbm_quantile,nonsentiment,50,log_return,76.13999938964844,74.04852524559593,2.091474144052512,2.091474144052512
2021-06-11 00:00:00+00:00,MRK,gbm_quantile,nonsentiment,50,log_return,76.2699966430664,76.03687882379661,0.23311781926979336,0.23311781926979336
2021-06-14 00:00:00+00:00,MRK,gbm_quantile,nonsentiment,50,log_return,75.44999694824219,76.27345727713107,-0.8234603288888849,0.8234603288888849
2021-06-15 00:00:00+00:00,MRK,gbm_quantile,nonsentiment,50,log_return,75.69999694824219,75.38620604023457,0.31379090800761844,0.31379090800761844
2021-06-16 00:00:00+00:00,MRK,gbm_quantile,nonsentiment,50,log_return,76.61000061035156,75.72179065411203,0.8882099562395354,0.8882099562395354
2021-06-17 00:00:00+00:00,MRK,gbm_quantile,nonsentiment,50,log_return,77.2300033569336,76.54984426505474,0.6801590918788492,0.6801590918788492
2021-06-18 00:00:00+00:00,MRK,gbm_quantile,nonsentiment,50,log_return,76.61000061035156,77.25281779529566,-0.6428171849440929,0.6428171849440929
2021-06-21 00:00:00+00:00,MRK,gbm_quantile,nonsentiment,50,log_return,76.75,76.59939627745545,0.15060372254454535,0.15060372254454535
2021-06-22 00:00:00+00:00,MRK,gbm_quantile,nonsentiment,50,log_return,76.19000244140625,76.78073092611568,-0.5907284847094303,0.5907284847094303
2021-06-23 00:00:00+00:00,MRK,gbm_quantile,nonsentiment,50,log_return,75.58000183105469,76.21741426116999,-0.6374124301153046,0.6374124301153046
2021-06-24 00:00:00+00:00,MRK,gbm_quantile,nonsentiment,50,log_return,76.36000061035156,75.59398344232163,0.7660171680299328,0.7660171680299328
2021-06-25 00:00:00+00:00,MRK,gbm_quantile,nonsentiment,50,log_return,77.19999694824219,76.35237930872896,0.8476176395132313,0.8476176395132313
2021-06-28 00:00:00+00:00,MRK,gbm_quantile,nonsentiment,50,log_return,76.86000061035156,77.20107199580531,-0.3410713854537448,0.3410713854537448
2021-06-29 00:00:00+00:00,MRK,gbm_quantile,nonsentiment,50,log_return,77.20999908447266,76.88050199859772,0.32949708587493376,0.32949708587493376
2021-06-30 00:00:00+00:00,MRK,gbm_quantile,nonsentiment,50,log_return,77.7699966430664,77.22835013403625,0.5416465090301585,0.5416465090301585
2021-07-01 00:00:00+00:00,MRK,gbm_quantile,nonsentiment,50,log_return,77.98999786376953,77.76015972737275,0.2298381363967792,0.2298381363967792
2021-07-02 00:00:00+00:00,MRK,gbm_quantile,nonsentiment,50,log_return,78.5999984741211,77.96575259965537,0.6342458744657193,0.6342458744657193
2021-07-06 00:00:00+00:00,MRK,gbm_quantile,nonsentiment,50,log_return,78.11000061035156,78.56700304203132,-0.4570024316797543,0.4570024316797543
2021-07-07 00:00:00+00:00,MRK,gbm_quantile,nonsentiment,50,log_return,78.55999755859375,78.02389573084851,0.5361018277452416,0.5361018277452416
2021-07-08 00:00:00+00:00,MRK,gbm_quantile,nonsentiment,50,log_return,78.12000274658203,78.57446717054984,-0.4544644239678064,0.4544644239678064
2021-07-09 00:00:00+00:00,MRK,gbm_quantile,nonsentiment,50,log_return,77.98999786376953,78.18929798733902,-0.19930012356948623,0.19930012356948623
2021-07-12 00:00:00+00:00,MRK,gbm_quantile,nonsentiment,50,log_return,77.55000305175781,77.96829513446323,-0.4182920827054204,0.4182920827054204
2021-07-13 00:00:00+00:00,MRK,gbm_quantile,nonsentiment,50,log_return,77.61000061035156,77.54102357649589,0.06897703385567411,0.06897703385567411
2021-07-14 00:00:00+00:00,MRK,gbm_quantile,nonsentiment,50,log_return,77.62000274658203,77.64058841125848,-0.02058566467644596,0.02058566467644596
2021-07-15 00:00:00+00:00,MRK,gbm_quantile,nonsentiment,50,log_return,77.9000015258789,77.668543932571,0.23145759330790838,0.23145759330790838
2021-07-16 00:00:00+00:00,MRK,gbm_quantile,nonsentiment,50,log_return,78.0199966430664,77.92418128735636,0.09581535571004451,0.09581535571004451
2021-07-19 00:00:00+00:00,MRK,gbm_quantile,nonsentiment,50,log_return,77.05000305175781,77.98773788086312,-0.9377348291053096,0.9377348291053096
2021-07-20 00:00:00+00:00,MRK,gbm_quantile,nonsentiment,50,log_return,76.16999816894531,77.06900472693395,-0.8990065579886419,0.8990065579886419
2021-07-21 00:00:00+00:00,MRK,gbm_quantile,nonsentiment,50,log_return,76.38999938964844,76.11588598624805,0.27411340340039203,0.27411340340039203
2021-07-22 00:00:00+00:00,MRK,gbm_quantile,nonsentiment,50,log_return,76.52999877929688,76.38066440735956,0.14933437193731436,0.14933437193731436
2021-07-23 00:00:00+00:00,MRK,gbm_quantile,nonsentiment,50,log_return,77.54000091552734,76.49607428680746,1.0439266287198876,1.0439266287198876
2021-07-26 00:00:00+00:00,MRK,gbm_quantile,nonsentiment,50,log_return,77.23999786376953,77.51299797894562,-0.2730001151760888,0.2730001151760888
2021-07-27 00:00:00+00:00,MRK,gbm_quantile,nonsentiment,50,log_return,77.8499984741211,77.18221769005486,0.6677807840662382,0.6677807840662382
2021-07-28 00:00:00+00:00,MRK,gbm_quantile,nonsentiment,50,log_return,78.33000183105469,77.74093146699074,0.589070364063943,0.589070364063943
2021-07-29 00:00:00+00:00,MRK,gbm_quantile,nonsentiment,50,log_return,76.93000030517578,78.31902406390064,-1.3890237587248606,1.3890237587248606
2021-07-30 00:00:00+00:00,MRK,gbm_quantile,nonsentiment,50,log_return,76.87000274658203,76.78747689115022,0.08252585543181112,0.08252585543181112
2021-08-02 00:00:00+00:00,MRK,gbm_quantile,nonsentiment,50,log_return,76.18000030517578,76.7650801425088,-0.5850798373330122,0.5850798373330122
2021-08-03 00:00:00+00:00,MRK,gbm_quantile,nonsentiment,50,log_return,76.41000366210938,75.99582191380254,0.41418174830683085,0.41418174830683085
2021-08-04 00:00:00+00:00,MRK,gbm_quantile,nonsentiment,50,log_return,75.4800033569336,76.18387556928039,-0.7038722123467949,0.7038722123467949
2021-08-05 00:00:00+00:00,MRK,gbm_quantile,nonsentiment,50,log_return,75.58999633789062,75.31378599020624,0.27621034768438335,0.27621034768438335
2021-08-06 00:00:00+00:00,MRK,gbm_quantile,nonsentiment,50,log_return,75.44000244140625,75.4870708723284,-0.047068430922152515,0.047068430922152515
2021-08-09 00:00:00+00:00,MRK,gbm_quantile,nonsentiment,50,log_return,75.31999969482422,75.30811320616309,0.011886488661133399,0.011886488661133399
2021-08-10 00:00:00+00:00,MRK,gbm_quantile,nonsentiment,50,log_return,75.19000244140625,75.24511941118475,-0.05511696977849567,0.05511696977849567
2021-08-11 00:00:00+00:00,MRK,gbm_quantile,nonsentiment,50,log_return,75.20999908447266,75.03338799190259,0.17661109257007013,0.17661109257007013
2021-08-12 00:00:00+00:00,MRK,gbm_quantile,nonsentiment,50,log_return,76.04000091552734,74.9897206873495,1.05028022817784,1.05028022817784
2021-08-13 00:00:00+00:00,MRK,gbm_quantile,nonsentiment,50,log_return,76.72000122070312,75.8076931763876,0.9123080443155231,0.9123080443155231
2021-08-16 00:00:00+00:00,MRK,gbm_quantile,nonsentiment,50,log_return,77.93000030517578,76.57996842465249,1.3500318805232894,1.3500318805232894
2021-08-17 00:00:00+00:00,MRK,gbm_quantile,nonsentiment,50,log_return,78.83000183105469,77.79650353269287,1.0334982983618204,1.0334982983618204
2021-08-18 00:00:00+00:00,MRK,gbm_quantile,nonsentiment,50,log_return,77.79000091552734,78.9133542117603,-1.1233532962329633,1.1233532962329633
2021-08-19 00:00:00+00:00,MRK,gbm_quantile,nonsentiment,50,log_return,78.45999908447266,77.80758175104505,0.6524173334276071,0.6524173334276071
2021-08-20 00:00:00+00:00,MRK,gbm_quantile,nonsentiment,50,log_return,78.68000030517578,78.45188107194366,0.22811923323212113,0.22811923323212113
2021-08-23 00:00:00+00:00,MRK,gbm_quantile,nonsentiment,50,log_return,78.37999725341797,78.77896064191818,-0.3989633885002064,0.3989633885002064
2021-08-24 00:00:00+00:00,MRK,gbm_quantile,nonsentiment,50,log_return,77.72000122070312,78.24834372291649,-0.5283425022133628,0.5283425022133628
2021-08-25 00:00:00+00:00,MRK,gbm_quantile,nonsentiment,50,log_return,77.06999969482422,77.61486554597174,-0.5448658511475202,0.5448658511475202
2021-08-26 00:00:00+00:00,MRK,gbm_quantile,nonsentiment,50,log_return,76.56999969482422,77.06562454385384,-0.49562484902962467,0.49562484902962467
2021-08-27 00:00:00+00:00,MRK,gbm_quantile,nonsentiment,50,log_return,76.30000305175781,76.47678200630611,-0.17677895454829695,0.17677895454829695
2021-08-30 00:00:00+00:00,MRK,gbm_quantile,nonsentiment,50,log_return,76.5,76.34099168013876,0.1590083198612433,0.1590083198612433
2021-08-31 00:00:00+00:00,MRK,gbm_quantile,nonsentiment,50,log_return,76.29000091552734,76.45656136782749,-0.16656045230014627,0.16656045230014627
2021-09-01 00:00:00+00:00,MRK,gbm_quantile,nonsentiment,50,log_return,76.18000030517578,76.09917313876734,0.08082716640844012,0.08082716640844012
2021-09-02 00:00:00+00:00,MRK,gbm_quantile,nonsentiment,50,log_return,77.12000274658203,76.150695549816,0.9693071967660245,0.9693071967660245
2021-09-03 00:00:00+00:00,MRK,gbm_quantile,nonsentiment,50,log_return,77.26000213623047,77.06448166577542,0.19552047045505105,0.19552047045505105
2021-09-07 00:00:00+00:00,MRK,gbm_quantile,nonsentiment,50,log_return,75.9800033569336,77.31652953942712,-1.3365261824935288,1.3365261824935288
2021-09-08 00:00:00+00:00,MRK,gbm_quantile,nonsentiment,50,log_return,75.36000061035156,76.05101939787167,-0.6910187875201075,0.6910187875201075
2021-09-09 00:00:00+00:00,MRK,gbm_quantile,nonsentiment,50,log_return,73.81999969482422,75.3735373081422,-1.5535376133179852,1.5535376133179852
2021-09-10 00:00:00+00:00,MRK,gbm_quantile,nonsentiment,50,log_return,73.44999694824219,73.89299453712164,-0.4429975888794502,0.4429975888794502
2021-09-13 00:00:00+00:00,MRK,gbm_quantile,nonsentiment,50,log_return,73.18000030517578,73.47649117470738,-0.29649086953159554,0.29649086953159554
2021-09-14 00:00:00+00:00,MRK,gbm_quantile,nonsentiment,50,log_return,72.11000061035156,73.22560974310048,-1.115609132748915,1.115609132748915
2021-09-15 00:00:00+00:00,MRK,gbm_quantile,nonsentiment,50,log_return,72.80999755859375,72.11536903095875,0.6946285276350039,0.6946285276350039
2021-09-16 00:00:00+00:00,MRK,gbm_quantile,nonsentiment,50,log_return,71.97000122070312,72.77181785297783,-0.8018166322747078,0.8018166322747078
2021-09-17 00:00:00+00:00,MRK,gbm_quantile,nonsentiment,50,log_return,71.68000030517578,71.9634859599667,-0.2834856547909226,0.2834856547909226
2021-09-20 00:00:00+00:00,MRK,gbm_quantile,nonsentiment,50,log_return,71.93000030517578,71.69772614383164,0.2322741613441366,0.2322741613441366
2021-09-21 00:00:00+00:00,MRK,gbm_quantile,nonsentiment,50,log_return,71.97000122070312,71.91753825787946,0.052462962823668136,0.052462962823668136
2021-09-22 00:00:00+00:00,MRK,gbm_quantile,nonsentiment,50,log_return,72.04000091552734,71.9480498144366,0.09195110109074278,0.09195110109074278
2021-09-23 00:00:00+00:00,MRK,gbm_quantile,nonsentiment,50,log_return,73.05000305175781,72.00322559824056,1.046777453517251,1.046777453517251
2021-09-24 00:00:00+00:00,MRK,gbm_quantile,nonsentiment,50,log_return,73.61000061035156,72.89075578026477,0.7192448300867937,0.7192448300867937
2021-09-27 00:00:00+00:00,MRK,gbm_quantile,nonsentiment,50,log_return,73.36000061035156,73.6924684703022,-0.3324678599506399,0.3324678599506399
2021-09-28 00:00:00+00:00,MRK,gbm_quantile,nonsentiment,50,log_return,73.31999969482422,73.3434854062484,-0.023485711424186206,0.023485711424186206
2021-09-29 00:00:00+00:00,MRK,gbm_quantile,nonsentiment,50,log_return,75.08999633789062,73.3385905499288,1.7514057879618292,1.7514057879618292
2021-09-30 00:00:00+00:00,MRK,gbm_quantile,nonsentiment,50,log_return,75.11000061035156,75.1337041577289,-0.023703547377337486,0.023703547377337486
2021-10-01 00:00:00+00:00,MRK,gbm_quantile,nonsentiment,50,log_return,81.4000015258789,75.18119445118889,6.2188070746900195,6.2188070746900195
2021-10-04 00:00:00+00:00,MRK,gbm_quantile,nonsentiment,50,log_return,83.0999984741211,81.47969076813301,1.6203077059880826,1.6203077059880826
2021-10-05 00:00:00+00:00,MRK,gbm_quantile,nonsentiment,50,log_return,81.5999984741211,82.95436435905921,-1.3543658849381188,1.3543658849381188
2021-10-06 00:00:00+00:00,MRK,gbm_quantile,nonsentiment,50,log_return,80.66000366210938,81.5800149079164,-0.920011245807018,0.920011245807018
2021-10-07 00:00:00+00:00,MRK,gbm_quantile,nonsentiment,50,log_return,81.94000244140625,80.7240405469395,1.2159618944667443,1.2159618944667443
2021-10-08 00:00:00+00:00,MRK,gbm_quantile,nonsentiment,50,log_return,80.62999725341797,81.91177677445168,-1.2817795210337124,1.2817795210337124
2021-10-11 00:00:00+00:00,MRK,gbm_quantile,nonsentiment,50,log_return,79.93000030517578,80.75323869346778,-0.8232383882919976,0.8232383882919976
2021-10-12 00:00:00+00:00,MRK,gbm_quantile,nonsentiment,50,log_return,79.58999633789062,79.92399157361379,-0.33399523572316525,0.33399523572316525
2021-10-13 00:00:00+00:00,MRK,gbm_quantile,nonsentiment,50,log_return,78.94999694824219,79.6146047852164,-0.6646078369742128,0.6646078369742128
2021-10-14 00:00:00+00:00,MRK,gbm_quantile,nonsentiment,50,log_return,78.33000183105469,78.9596104919664,-0.629608660911714,0.629608660911714
2021-10-15 00:00:00+00:00,MRK,gbm_quantile,nonsentiment,50,log_return,78.33000183105469,78.34636979013614,-0.016367959081449612,0.016367959081449612
2021-10-18 00:00:00+00:00,MRK,gbm_quantile,nonsentiment,50,log_return,77.1500015258789,78.3548229720836,-1.20482144620469,1.20482144620469
2021-10-19 00:00:00+00:00,MRK,gbm_quantile,nonsentiment,50,log_return,79.48999786376953,77.20862174468523,2.2813761190842996,2.2813761190842996
2021-10-20 00:00:00+00:00,MRK,gbm_quantile,nonsentiment,50,log_return,81.06999969482422,79.50432627403679,1.5656734207874337,1.5656734207874337
2021-10-21 00:00:00+00:00,MRK,gbm_quantile,nonsentiment,50,log_return,81.16999816894531,81.06793401097019,0.10206415797512136,0.10206415797512136
2021-10-22 00:00:00+00:00,MRK,gbm_quantile,nonsentiment,50,log_return,81.1500015258789,81.13584971194204,0.014151813936862823,0.014151813936862823
2021-10-25 00:00:00+00:00,MRK,gbm_quantile,nonsentiment,50,log_return,81.66000366210938,81.27994234603564,0.3800613160737356,0.3800613160737356
2021-10-26 00:00:00+00:00,MRK,gbm_quantile,nonsentiment,50,log_return,82.25,81.80876904893915,0.4412309510608452,0.4412309510608452
2021-10-27 00:00:00+00:00,MRK,gbm_quantile,nonsentiment,50,log_return,81.54000091552734,82.31656167526485,-0.7765607597375066,0.7765607597375066
2021-10-28 00:00:00+00:00,MRK,gbm_quantile,nonsentiment,50,log_return,86.55000305175781,81.61686479049943,4.933138261258378,4.933138261258378
2021-10-29 00:00:00+00:00,MRK,gbm_quantile,nonsentiment,50,log_return,88.05000305175781,86.63027679564222,1.4197262561155952,1.4197262561155952
2021-11-01 00:00:00+00:00,MRK,gbm_quantile,nonsentiment,50,log_return,87.83999633789062,87.97746158394125,-0.13746524605062405,0.13746524605062405
2021-11-02 00:00:00+00:00,MRK,gbm_quantile,nonsentiment,50,log_return,89.0199966430664,87.7136185746713,1.3063780683951052,1.3063780683951052
2021-11-03 00:00:00+00:00,MRK,gbm_quantile,nonsentiment,50,log_return,88.68000030517578,88.91659055472053,-0.23659024954474717,0.23659024954474717
2021-11-04 00:00:00+00:00,MRK,gbm_quantile,nonsentiment,50,log_return,90.54000091552734,88.63884083926774,1.9011600762596004,1.9011600762596004
2021-11-05 00:00:00+00:00,MRK,gbm_quantile,nonsentiment,50,log_return,81.61000061035156,90.52359456317794,-8.913593952826375,8.913593952826375
2021-11-08 00:00:00+00:00,MRK,gbm_quantile,nonsentiment,50,log_return,82.68000030517578,81.49375683785878,1.1862434673169986,1.1862434673169986
2021-11-09 00:00:00+00:00,MRK,gbm_quantile,nonsentiment,50,log_return,82.72000122070312,82.59447684964289,0.12552437106023717,0.12552437106023717
2021-11-10 00:00:00+00:00,MRK,gbm_quantile,nonsentiment,50,log_return,84.01000213623047,82.64277859550131,1.3672235407291566,1.3672235407291566
2021-11-11 00:00:00+00:00,MRK,gbm_quantile,nonsentiment,50,log_return,84.0199966430664,83.80024245117811,0.21975419188829903,0.21975419188829903
2021-11-12 00:00:00+00:00,MRK,gbm_quantile,nonsentiment,50,log_return,84.0,83.64790910136563,0.3520908986343727,0.3520908986343727
2021-11-15 00:00:00+00:00,MRK,gbm_quantile,nonsentiment,50,log_return,83.69000244140625,83.68501455864399,0.004987882762264917,0.004987882762264917
2021-11-16 00:00:00+00:00,MRK,gbm_quantile,nonsentiment,50,log_return,84.11000061035156,83.44436278675983,0.6656378235917373,0.6656378235917373
2021-11-17 00:00:00+00:00,MRK,gbm_quantile,nonsentiment,50,log_return,82.5999984741211,83.93774513578674,-1.3377466616656477,1.3377466616656477
2021-11-18 00:00:00+00:00,MRK,gbm_quantile,nonsentiment,50,log_return,83.05000305175781,82.30624831291595,0.7437547388418579,0.7437547388418579
2021-11-19 00:00:00+00:00,MRK,gbm_quantile,nonsentiment,50,log_return,80.69999694824219,82.98778165960834,-2.2877847113661574,2.2877847113661574
2021-11-22 00:00:00+00:00,MRK,gbm_quantile,nonsentiment,50,log_return,81.63999938964844,80.39580490529787,1.2441944843505723,1.2441944843505723
2021-11-23 00:00:00+00:00,MRK,gbm_quantile,nonsentiment,50,log_return,82.80000305175781,81.3907800941981,1.409222957559706,1.409222957559706
2021-11-24 00:00:00+00:00,MRK,gbm_quantile,nonsentiment,50,log_return,82.27999877929688,82.64793431403903,-0.3679355347421591,0.3679355347421591
2021-11-26 00:00:00+00:00,MRK,gbm_quantile,nonsentiment,50,log_return,79.16000366210938,82.1950389210959,-3.0350352589865253,3.0350352589865253
2021-11-29 00:00:00+00:00,MRK,gbm_quantile,nonsentiment,50,log_return,74.88999938964844,79.09969510834998,-4.209695718701539,4.209695718701539
2021-11-30 00:00:00+00:00,MRK,gbm_quantile,nonsentiment,50,log_return,74.91000366210938,74.64040575187124,0.26959791023813295,0.26959791023813295
2021-12-01 00:00:00+00:00,MRK,gbm_quantile,nonsentiment,50,log_return,74.44000244140625,74.7526632789169,-0.31266083751064855,0.31266083751064855
2021-12-02 00:00:00+00:00,MRK,gbm_quantile,nonsentiment,50,log_return,73.88999938964844,74.38138645721284,-0.4913870675644034,0.4913870675644034
2021-12-03 00:00:00+00:00,MRK,gbm_quantile,nonsentiment,50,log_return,73.33999633789062,73.7445906570536,-0.4045943191629817,0.4045943191629817
2021-12-06 00:00:00+00:00,MRK,gbm_quantile,nonsentiment,50,log_return,73.41999816894531,73.12565754743777,0.29434062150754414,0.29434062150754414
2021-12-07 00:00:00+00:00,MRK,gbm_quantile,nonsentiment,50,log_return,72.27999877929688,73.2028390758013,-0.9228402965044182,0.9228402965044182
2021-12-08 00:00:00+00:00,MRK,gbm_quantile,nonsentiment,50,log_return,73.20999908447266,71.79237305823327,1.4176260262393896,1.4176260262393896
2021-12-09 00:00:00+00:00,MRK,gbm_quantile,nonsentiment,50,log_return,72.86000061035156,72.78817170092624,0.07182890942532083,0.07182890942532083
2021-12-10 00:00:00+00:00,MRK,gbm_quantile,nonsentiment,50,log_return,72.62000274658203,72.62009112660922,-8.838002719357974e-05,8.838002719357974e-05
2021-12-13 00:00:00+00:00,MRK,gbm_quantile,nonsentiment,50,log_return,73.41999816894531,72.35064275510344,1.0693554138418762,1.0693554138418762
2021-12-14 00:00:00+00:00,MRK,gbm_quantile,nonsentiment,50,log_return,73.72000122070312,73.3636382218793,0.35636299882382616,0.35636299882382616
2021-12-15 00:00:00+00:00,MRK,gbm_quantile,nonsentiment,50,log_return,75.29000091552734,73.57367384939019,1.7163270661371541,1.7163270661371541
2021-12-16 00:00:00+00:00,MRK,gbm_quantile,nonsentiment,50,log_return,75.91000366210938,75.03272074092716,0.8772829211822142,0.8772829211822142
2021-12-17 00:00:00+00:00,MRK,gbm_quantile,nonsentiment,50,log_return,75.69000244140625,75.70435287526139,-0.014350433855142342,0.014350433855142342
2021-12-20 00:00:00+00:00,MRK,gbm_quantile,nonsentiment,50,log_return,76.41000366210938,75.52580891895933,0.8841947431500472,0.8841947431500472
2021-12-21 00:00:00+00:00,MRK,gbm_quantile,nonsentiment,50,log_return,75.54000091552734,76.15086111752919,-0.6108602020018452,0.6108602020018452
2021-12-22 00:00:00+00:00,MRK,gbm_quantile,nonsentiment,50,log_return,76.16000366210938,75.36118888700581,0.7988147751035655,0.7988147751035655
2021-12-23 00:00:00+00:00,MRK,gbm_quantile,nonsentiment,50,log_return,75.7300033569336,75.8898869585165,-0.15988360158290504,0.15988360158290504
2021-12-27 00:00:00+00:00,MRK,gbm_quantile,nonsentiment,50,log_return,76.56999969482422,75.43775521191513,1.132244482909087,1.132244482909087
2021-12-28 00:00:00+00:00,MRK,gbm_quantile,nonsentiment,50,log_return,76.80999755859375,76.32827464205874,0.48172291653500565,0.48172291653500565
2021-12-29 00:00:00+00:00,MRK,gbm_quantile,nonsentiment,50,log_return,76.94999694824219,76.55156872360664,0.39842822463555194,0.39842822463555194
2021-12-30 00:00:00+00:00,MRK,gbm_quantile,nonsentiment,50,log_return,77.13999938964844,76.80600756767049,0.3339918219779463,0.3339918219779463
2021-12-31 00:00:00+00:00,MRK,gbm_quantile,nonsentiment,50,log_return,76.63999938964844,76.94594826740334,-0.30594887775490065,0.30594887775490065
2022-01-03 00:00:00+00:00,MRK,gbm_quantile,nonsentiment,50,log_return,76.87000274658203,76.46759269925415,0.40241004732787644,0.40241004732787644
2022-01-04 00:00:00+00:00,MRK,gbm_quantile,nonsentiment,50,log_return,77.01000213623047,76.80000075030514,0.2100013859253238,0.2100013859253238
2022-01-05 00:00:00+00:00,MRK,gbm_quantile,nonsentiment,50,log_return,78.87999725341797,76.80733213031591,2.0726651231020554,2.0726651231020554
2022-01-06 00:00:00+00:00,MRK,gbm_quantile,nonsentiment,50,log_return,78.83000183105469,78.72287278350302,0.10712904755166619,0.10712904755166619
2022-01-07 00:00:00+00:00,MRK,gbm_quantile,nonsentiment,50,log_return,80.30000305175781,78.8248408052099,1.4751622465479102,1.4751622465479102
2022-01-10 00:00:00+00:00,MRK,gbm_quantile,nonsentiment,50,log_return,82.37000274658203,80.2638130214542,2.106189725127834,2.106189725127834
2022-01-11 00:00:00+00:00,MRK,gbm_quantile,nonsentiment,50,log_return,81.66999816894531,82.48360037841292,-0.8136022094676036,0.8136022094676036
2022-01-12 00:00:00+00:00,MRK,gbm_quantile,nonsentiment,50,log_return,81.19999694824219,81.62902352170205,-0.42902657345986484,0.42902657345986484
2022-01-13 00:00:00+00:00,MRK,gbm_quantile,nonsentiment,50,log_return,81.31999969482422,80.91007457814642,0.4099251166777975,0.4099251166777975
2022-01-14 00:00:00+00:00,MRK,gbm_quantile,nonsentiment,50,log_return,81.37999725341797,81.33674416169166,0.04325309172631364,0.04325309172631364
2022-01-18 00:00:00+00:00,MRK,gbm_quantile,nonsentiment,50,log_return,81.54000091552734,81.30640009266043,0.23360082286691863,0.23360082286691863
2022-01-19 00:00:00+00:00,MRK,gbm_quantile,nonsentiment,50,log_return,81.29000091552734,81.44378751299989,-0.1537865974725463,0.1537865974725463
2022-01-20 00:00:00+00:00,MRK,gbm_quantile,nonsentiment,50,log_return,80.75,81.14211280512961,-0.39211280512961366,0.39211280512961366
2022-01-21 00:00:00+00:00,MRK,gbm_quantile,nonsentiment,50,log_return,79.9800033569336,80.6073794756919,-0.6273761187583062,0.6273761187583062
2022-01-24 00:00:00+00:00,MRK,gbm_quantile,nonsentiment,50,log_return,78.83000183105469,79.84133961665972,-1.0113377856050363,1.0113377856050363
2022-01-25 00:00:00+00:00,MRK,gbm_quantile,nonsentiment,50,log_return,79.45999908447266,78.50982763480609,0.9501714496665699,0.9501714496665699
2022-01-26 00:00:00+00:00,MRK,gbm_quantile,nonsentiment,50,log_return,79.13999938964844,79.46884592177265,-0.3288465321242171,0.3288465321242171
2022-01-27 00:00:00+00:00,MRK,gbm_quantile,nonsentiment,50,log_return,80.58000183105469,78.99615355107268,1.583848279982007,1.583848279982007
2022-01-28 00:00:00+00:00,MRK,gbm_quantile,nonsentiment,50,log_return,80.9000015258789,80.5119791538082,0.3880223720707079,0.3880223720707079
2022-01-31 00:00:00+00:00,MRK,gbm_quantile,nonsentiment,50,log_return,81.4800033569336,80.8445069180838,0.635496438849799,0.635496438849799
2022-02-01 00:00:00+00:00,MRK,gbm_quantile,nonsentiment,50,log_return,81.91999816894531,81.38020248780765,0.5397956811376616,0.5397956811376616
2022-02-02 00:00:00+00:00,MRK,gbm_quantile,nonsentiment,50,log_return,82.01000213623047,81.77855097319829,0.23145116303217605,0.23145116303217605
2022-02-03 00:00:00+00:00,MRK,gbm_quantile,nonsentiment,50,log_return,79.01000213623047,81.82563593065363,-2.8156337944231637,2.8156337944231637
2022-02-04 00:00:00+00:00,MRK,gbm_quantile,nonsentiment,50,log_return,78.55999755859375,78.73192320874217,-0.17192565014842387,0.17192565014842387
2022-02-07 00:00:00+00:00,MRK,gbm_quantile,nonsentiment,50,log_return,77.58000183105469,78.43066730775605,-0.8506654767013657,0.8506654767013657
2022-02-08 00:00:00+00:00,MRK,gbm_quantile,nonsentiment,50,log_return,76.91000366210938,77.48587283442791,-0.5758691723185336,0.5758691723185336
2022-02-09 00:00:00+00:00,MRK,gbm_quantile,nonsentiment,50,log_return,76.52999877929688,76.81711943838498,-0.287120659088103,0.287120659088103
2022-02-10 00:00:00+00:00,MRK,gbm_quantile,nonsentiment,50,log_return,76.55999755859375,76.42328367817863,0.13671388041511534,0.13671388041511534
2022-02-11 00:00:00+00:00,MRK,gbm_quantile,nonsentiment,50,log_return,76.63999938964844,76.5017112929714,0.13828809667704434,0.13828809667704434
2022-02-14 00:00:00+00:00,MRK,gbm_quantile,nonsentiment,50,log_return,76.47000122070312,76.55572075433182,-0.08571953362869067,0.08571953362869067
2022-02-15 00:00:00+00:00,MRK,gbm_quantile,nonsentiment,50,log_return,77.80999755859375,76.42972709759378,1.3802704609999665,1.3802704609999665
2022-02-16 00:00:00+00:00,MRK,gbm_quantile,nonsentiment,50,log_return,77.22000122070312,77.64130212031411,-0.4213008996109835,0.4213008996109835
2022-02-17 00:00:00+00:00,MRK,gbm_quantile,nonsentiment,50,log_return,76.36000061035156,77.07594509014137,-0.7159444797898118,0.7159444797898118
2022-02-18 00:00:00+00:00,MRK,gbm_quantile,nonsentiment,50,log_return,76.37000274658203,76.20016379877526,0.16983894780676678,0.16983894780676678
2022-02-22 00:00:00+00:00,MRK,gbm_quantile,nonsentiment,50,log_return,75.94999694824219,76.23278928619851,-0.2827923379563231,0.2827923379563231
2022-02-23 00:00:00+00:00,MRK,gbm_quantile,nonsentiment,50,log_return,75.83999633789062,75.7766369711551,0.06335936673552567,0.06335936673552567
2022-02-24 00:00:00+00:00,MRK,gbm_quantile,nonsentiment,50,log_return,73.51000213623047,75.70528423639202,-2.195282100161549,2.195282100161549
2022-02-25 00:00:00+00:00,MRK,gbm_quantile,nonsentiment,50,log_return,76.31999969482422,73.31167970538922,3.0083199894349946,3.0083199894349946
2022-02-28 00:00:00+00:00,MRK,gbm_quantile,nonsentiment,50,log_return,76.58000183105469,76.17605963660714,0.4039421944475521,0.4039421944475521
2022-03-01 00:00:00+00:00,MRK,gbm_quantile,nonsentiment,50,log_return,76.33999633789062,76.42772339871064,-0.08772706082001491,0.08772706082001491
2022-03-02 00:00:00+00:00,MRK,gbm_quantile,nonsentiment,50,log_return,76.66999816894531,76.19431682452954,0.4756813444157757,0.4756813444157757
2022-03-03 00:00:00+00:00,MRK,gbm_quantile,nonsentiment,50,log_return,77.1500015258789,76.4622935766276,0.6877079492513047,0.6877079492513047
2022-03-04 00:00:00+00:00,MRK,gbm_quantile,nonsentiment,50,log_return,77.83000183105469,77.00983708856013,0.8201647424945548,0.8201647424945548
2022-03-07 00:00:00+00:00,MRK,gbm_quantile,nonsentiment,50,log_return,77.7300033569336,77.69263701588046,0.037366341053129304,0.037366341053129304
2022-03-08 00:00:00+00:00,MRK,gbm_quantile,nonsentiment,50,log_return,76.94999694824219,77.54479355087751,-0.5947966026353271,0.5947966026353271
2022-03-09 00:00:00+00:00,MRK,gbm_quantile,nonsentiment,50,log_return,77.79000091552734,76.76640781465703,1.0235931008703147,1.0235931008703147
2022-03-10 00:00:00+00:00,MRK,gbm_quantile,nonsentiment,50,log_return,77.88999938964844,77.35777627956648,0.5322231100819579,0.5322231100819579
2022-03-11 00:00:00+00:00,MRK,gbm_quantile,nonsentiment,50,log_return,78.26000213623047,77.56859280150057,0.6914093347298973,0.6914093347298973
2022-03-14 00:00:00+00:00,MRK,gbm_quantile,nonsentiment,50,log_return,77.77999877929688,77.9587172707125,-0.1787184914156228,0.1787184914156228
2022-03-15 00:00:00+00:00,MRK,gbm_quantile,nonsentiment,50,log_return,78.63999938964844,77.4382398879834,1.2017595016650375,1.2017595016650375
2022-03-16 00:00:00+00:00,MRK,gbm_quantile,nonsentiment,50,log_return,78.12000274658203,78.38585913730061,-0.26585639071858225,0.26585639071858225
2022-03-17 00:00:00+00:00,MRK,gbm_quantile,nonsentiment,50,log_return,78.94000244140625,77.89545785278615,1.0445445886200986,1.0445445886200986
2022-03-18 00:00:00+00:00,MRK,gbm_quantile,nonsentiment,50,log_return,79.11000061035156,78.62296821733928,0.48703239301228507,0.48703239301228507
2022-03-21 00:00:00+00:00,MRK,gbm_quantile,nonsentiment,50,log_return,79.05999755859375,78.97784651225457,0.08215104633917747,0.08215104633917747
2022-03-22 00:00:00+00:00,MRK,gbm_quantile,nonsentiment,50,log_return,79.30000305175781,79.00214352536938,0.2978595263884358,0.2978595263884358
2022-03-23 00:00:00+00:00,MRK,gbm_quantile,nonsentiment,50,log_return,79.7300033569336,79.21027555547937,0.5197278014542235,0.5197278014542235
2022-03-24 00:00:00+00:00,MRK,gbm_quantile,nonsentiment,50,log_return,80.41000366210938,79.58384273178133,0.8261609303280437,0.8261609303280437
2022-03-25 00:00:00+00:00,MRK,gbm_quantile,nonsentiment,50,log_return,81.33999633789062,80.26951614004497,1.0704801978456544,1.0704801978456544
2022-03-28 00:00:00+00:00,MRK,gbm_quantile,nonsentiment,50,log_return,81.20999908447266,81.30251837556862,-0.09251929109596801,0.09251929109596801
2022-03-29 00:00:00+00:00,MRK,gbm_quantile,nonsentiment,50,log_return,81.56999969482422,80.92875665902984,0.6412430357943748,0.6412430357943748
2022-03-30 00:00:00+00:00,MRK,gbm_quantile,nonsentiment,50,log_return,82.4000015258789,81.49671147637966,0.9032900494992475,0.9032900494992475
2022-03-31 00:00:00+00:00,MRK,gbm_quantile,nonsentiment,50,log_return,82.05000305175781,82.23457517225272,-0.1845721204949058,0.1845721204949058
2022-04-01 00:00:00+00:00,MRK,gbm_quantile,nonsentiment,50,log_return,83.5199966430664,81.9042283091066,1.6157683339598066,1.6157683339598066
2022-04-04 00:00:00+00:00,MRK,gbm_quantile,nonsentiment,50,log_return,83.48999786376953,83.34723394277287,0.14276392099665713,0.14276392099665713
2022-04-05 00:00:00+00:00,MRK,gbm_quantile,nonsentiment,50,log_return,83.72000122070312,83.39610249595965,0.32389872474347214,0.32389872474347214
2022-04-06 00:00:00+00:00,MRK,gbm_quantile,nonsentiment,50,log_return,84.97000122070312,83.53772221890574,1.432279001797383,1.432279001797383
2022-04-07 00:00:00+00:00,MRK,gbm_quantile,nonsentiment,50,log_return,86.80000305175781,84.83540037716769,1.9646026745901253,1.9646026745901253
2022-04-08 00:00:00+00:00,MRK,gbm_quantile,nonsentiment,50,log_return,87.68000030517578,86.7019713495642,0.9780289556115775,0.9780289556115775
2022-04-11 00:00:00+00:00,MRK,gbm_quantile,nonsentiment,50,log_return,86.62999725341797,87.5634125122364,-0.9334152588184281,0.9334152588184281
2022-04-12 00:00:00+00:00,MRK,gbm_quantile,nonsentiment,50,log_return,85.62999725341797,86.52905404268068,-0.8990567892627155,0.8990567892627155
2022-04-13 00:00:00+00:00,MRK,gbm_quantile,nonsentiment,50,log_return,86.12999725341797,85.56971737796398,0.5602798754539862,0.5602798754539862
2022-04-14 00:00:00+00:00,MRK,gbm_quantile,nonsentiment,50,log_return,86.91000366210938,85.8791249114637,1.0308787506456696,1.0308787506456696
2022-04-18 00:00:00+00:00,MRK,gbm_quantile,nonsentiment,50,log_return,86.06999969482422,86.67843833491156,-0.6084386400873427,0.6084386400873427
2022-04-19 00:00:00+00:00,MRK,gbm_quantile,nonsentiment,50,log_return,85.79000091552734,86.05056575694177,-0.26056484141442127,0.26056484141442127
2022-04-20 00:00:00+00:00,MRK,gbm_quantile,nonsentiment,50,log_return,86.45999908447266,85.64698350141006,0.8130155830625938,0.8130155830625938
2022-04-21 00:00:00+00:00,MRK,gbm_quantile,nonsentiment,50,log_return,86.2300033569336,86.23416337276531,-0.004160015831715214,0.004160015831715214
2022-04-22 00:00:00+00:00,MRK,gbm_quantile,nonsentiment,50,log_return,84.58999633789062,86.18153729003197,-1.5915409521413437,1.5915409521413437
2022-04-25 00:00:00+00:00,MRK,gbm_quantile,nonsentiment,50,log_return,85.44000244140625,84.56031815288526,0.8796842885209912,0.8796842885209912
2022-04-26 00:00:00+00:00,MRK,gbm_quantile,nonsentiment,50,log_return,84.4800033569336,85.43525048208774,-0.9552471251541448,0.9552471251541448
2022-04-27 00:00:00+00:00,MRK,gbm_quantile,nonsentiment,50,log_return,84.41000366210938,84.472180825021,-0.062177162911623896,0.062177162911623896
2022-04-28 00:00:00+00:00,MRK,gbm_quantile,nonsentiment,50,log_return,88.58000183105469,84.21438260008719,4.365619230967496,4.365619230967496
2022-04-29 00:00:00+00:00,MRK,gbm_quantile,nonsentiment,50,log_return,88.69000244140625,88.30780751187174,0.3821949295345064,0.3821949295345064
2022-05-02 00:00:00+00:00,MRK,gbm_quantile,nonsentiment,50,log_return,87.6500015258789,88.48060328892885,-0.8306017630499412,0.8306017630499412
2022-05-03 00:00:00+00:00,MRK,gbm_quantile,nonsentiment,50,log_return,87.0999984741211,87.51009666304596,-0.41009818892486294,0.41009818892486294
2022-05-04 00:00:00+00:00,MRK,gbm_quantile,nonsentiment,50,log_return,88.5199966430664,86.9245213184693,1.5954753245971034,1.5954753245971034
2022-05-05 00:00:00+00:00,MRK,gbm_quantile,nonsentiment,50,log_return,88.01000213623047,88.41152239735999,-0.40152026112951944,0.40152026112951944
2022-05-06 00:00:00+00:00,MRK,gbm_quantile,nonsentiment,50,log_return,88.38999938964844,87.84608535429551,0.5439140353529268,0.5439140353529268
2022-05-09 00:00:00+00:00,MRK,gbm_quantile,nonsentiment,50,log_return,87.63999938964844,88.21946649237078,-0.5794671027223472,0.5794671027223472
2022-05-10 00:00:00+00:00,MRK,gbm_quantile,nonsentiment,50,log_return,87.80999755859375,87.49569796430373,0.31429959429001997,0.31429959429001997
2022-05-11 00:00:00+00:00,MRK,gbm_quantile,nonsentiment,50,log_return,89.19000244140625,87.64660698212077,1.5433954592854775,1.5433954592854775
2022-05-12 00:00:00+00:00,MRK,gbm_quantile,nonsentiment,50,log_return,90.83000183105467,88.92021856571304,1.9097832653416305,1.9097832653416305
2022-05-13 00:00:00+00:00,MRK,gbm_quantile,nonsentiment,50,log_return,90.41000366210938,90.53731679715932,-0.12731313504994546,0.12731313504994546
2022-05-16 00:00:00+00:00,MRK,gbm_quantile,nonsentiment,50,log_return,92.31999969482422,90.32909634384882,1.990903350975401,1.990903350975401
2022-05-17 00:00:00+00:00,MRK,gbm_quantile,nonsentiment,50,log_return,93.0,92.06550732580709,0.93449267419291,0.93449267419291
2022-05-18 00:00:00+00:00,MRK,gbm_quantile,nonsentiment,50,log_return,92.0999984741211,92.78598173213337,-0.6859832580122713,0.6859832580122713
2022-05-19 00:00:00+00:00,MRK,gbm_quantile,nonsentiment,50,log_return,92.08999633789062,91.9120517044668,0.17794463342382016,0.17794463342382016
2022-05-20 00:00:00+00:00,MRK,gbm_quantile,nonsentiment,50,log_return,93.5500030517578,92.03202155232597,1.5179814994318264,1.5179814994318264
2022-05-23 00:00:00+00:00,MRK,gbm_quantile,nonsentiment,50,log_return,93.83000183105467,93.2860894912834,0.5439123397712677,0.5439123397712677
2022-05-24 00:00:00+00:00,MRK,gbm_quantile,nonsentiment,50,log_return,94.63999938964844,93.57658230627881,1.0634170833696288,1.0634170833696288
2022-05-25 00:00:00+00:00,MRK,gbm_quantile,nonsentiment,50,log_return,93.75,94.44401994734642,-0.694019947346419,0.694019947346419
2022-05-26 00:00:00+00:00,MRK,gbm_quantile,nonsentiment,50,log_return,92.30999755859376,93.5279528534905,-1.2179552948967398,1.2179552948967398
2022-05-27 00:00:00+00:00,MRK,gbm_quantile,nonsentiment,50,log_return,93.08000183105467,92.12445425582055,0.9555475752341209,0.9555475752341209
2022-05-31 00:00:00+00:00,MRK,gbm_quantile,nonsentiment,50,log_return,92.02999877929688,92.83315543427439,-0.8031566549775135,0.8031566549775135
2022-06-01 00:00:00+00:00,MRK,gbm_quantile,nonsentiment,50,log_return,91.13999938964844,91.70708677611617,-0.5670873864677333,0.5670873864677333
2022-06-02 00:00:00+00:00,MRK,gbm_quantile,nonsentiment,50,log_return,90.0,90.90362399229907,-0.9036239922990745,0.9036239922990745
2022-06-03 00:00:00+00:00,MRK,gbm_quantile,nonsentiment,50,log_return,89.91000366210938,89.78527063915598,0.12473302295339295,0.12473302295339295
2022-06-06 00:00:00+00:00,MRK,gbm_quantile,nonsentiment,50,log_return,89.83999633789062,89.68151286205865,0.15848347583197153,0.15848347583197153
2022-06-07 00:00:00+00:00,MRK,gbm_quantile,nonsentiment,50,log_return,90.4800033569336,89.55349451665887,0.926508840274721,0.926508840274721
2022-06-08 00:00:00+00:00,MRK,gbm_quantile,nonsentiment,50,log_return,89.4800033569336,90.20171402144021,-0.7217106645066167,0.7217106645066167
2022-06-09 00:00:00+00:00,MRK,gbm_quantile,nonsentiment,50,log_return,88.0,89.1832121922742,-1.1832121922741976,1.1832121922741976
2022-06-10 00:00:00+00:00,MRK,gbm_quantile,nonsentiment,50,log_return,87.18000030517578,87.71212261367397,-0.5321223084981881,0.5321223084981881
2022-06-13 00:00:00+00:00,MRK,gbm_quantile,nonsentiment,50,log_return,85.0,86.93296182624447,-1.9329618262444654,1.9329618262444654
2022-06-14 00:00:00+00:00,MRK,gbm_quantile,nonsentiment,50,log_return,84.5,84.68386486199475,-0.18386486199474916,0.18386486199474916
2022-06-15 00:00:00+00:00,MRK,gbm_quantile,nonsentiment,50,log_return,84.62999725341797,84.15267011846716,0.47732713495081214,0.47732713495081214
2022-06-16 00:00:00+00:00,MRK,gbm_quantile,nonsentiment,50,log_return,84.88999938964844,84.35826226929751,0.5317371203509254,0.5317371203509254
2022-06-17 00:00:00+00:00,MRK,gbm_quantile,nonsentiment,50,log_return,84.62000274658203,84.5190762856516,0.10092646093043811,0.10092646093043811
2022-06-21 00:00:00+00:00,MRK,gbm_quantile,nonsentiment,50,log_return,88.02999877929688,84.27881672811331,3.7511820511835623,3.7511820511835623
2022-06-22 00:00:00+00:00,MRK,gbm_quantile,nonsentiment,50,log_return,89.16000366210938,87.62878002865061,1.5312236334587652,1.5312236334587652
2022-06-23 00:00:00+00:00,MRK,gbm_quantile,nonsentiment,50,log_return,92.0,88.90123033731655,3.098769662683452,3.098769662683452
2022-06-24 00:00:00+00:00,MRK,gbm_quantile,nonsentiment,50,log_return,93.12999725341795,91.68429430009796,1.4457029533199943,1.4457029533199943
2022-06-27 00:00:00+00:00,MRK,gbm_quantile,nonsentiment,50,log_return,94.41000366210938,92.84805432946045,1.561949332648922,1.561949332648922
2022-06-28 00:00:00+00:00,MRK,gbm_quantile,nonsentiment,50,log_return,91.88999938964844,93.99261159710358,-2.102612207455138,2.102612207455138
2022-06-29 00:00:00+00:00,MRK,gbm_quantile,nonsentiment,50,log_return,92.51000213623048,91.58241002944884,0.9275921067816455,0.9275921067816455
2022-06-30 00:00:00+00:00,MRK,gbm_quantile,nonsentiment,50,log_return,91.16999816894533,92.15184119431002,-0.9818430253646966,0.9818430253646966
2022-07-01 00:00:00+00:00,MRK,gbm_quantile,nonsentiment,50,log_return,92.41999816894533,90.85013868033528,1.5698594886100494,1.5698594886100494
2022-07-05 00:00:00+00:00,MRK,gbm_quantile,nonsentiment,50,log_return,92.63999938964844,92.20547535907006,0.4345240305783733,0.4345240305783733
2022-07-06 00:00:00+00:00,MRK,gbm_quantile,nonsentiment,50,log_return,93.12999725341795,92.27213046622505,0.8578667871929042,0.8578667871929042
2022-07-07 00:00:00+00:00,MRK,gbm_quantile,nonsentiment,50,log_return,93.01000213623048,92.69553232263394,0.3144698135965456,0.3144698135965456
2022-07-08 00:00:00+00:00,MRK,gbm_quantile,nonsentiment,50,log_return,92.77999877929688,92.58800227555975,0.19199650373712984,0.19199650373712984
2022-07-11 00:00:00+00:00,MRK,gbm_quantile,nonsentiment,50,log_return,94.3000030517578,92.60604652233748,1.6939565294203192,1.6939565294203192
2022-07-12 00:00:00+00:00,MRK,gbm_quantile,nonsentiment,50,log_return,93.5999984741211,93.88650783392455,-0.2865093598034605,0.2865093598034605
2022-07-13 00:00:00+00:00,MRK,gbm_quantile,nonsentiment,50,log_return,93.7699966430664,93.17885575817549,0.591140884890919,0.591140884890919
2022-07-14 00:00:00+00:00,MRK,gbm_quantile,nonsentiment,50,log_return,93.87999725341795,93.38225721209237,0.497740041325585,0.497740041325585
2022-07-15 00:00:00+00:00,MRK,gbm_quantile,nonsentiment,50,log_return,94.95999908447266,93.58015128114658,1.3798478033260722,1.3798478033260722
2022-07-18 00:00:00+00:00,MRK,gbm_quantile,nonsentiment,50,log_return,92.33999633789062,94.61354440988481,-2.2735480719941847,2.2735480719941847
2022-07-19 00:00:00+00:00,MRK,gbm_quantile,nonsentiment,50,log_return,92.36000061035156,92.02439038300693,0.3356102273446311,0.3356102273446311
2022-07-20 00:00:00+00:00,MRK,gbm_quantile,nonsentiment,50,log_return,89.6500015258789,92.00854078172522,-2.35853925584631,2.35853925584631
2022-07-21 00:00:00+00:00,MRK,gbm_quantile,nonsentiment,50,log_return,90.13999938964844,89.30189968985266,0.8380996997957766,0.8380996997957766
2022-07-22 00:00:00+00:00,MRK,gbm_quantile,nonsentiment,50,log_return,90.11000061035156,89.99202039352886,0.11798021682270132,0.11798021682270132
2022-07-25 00:00:00+00:00,MRK,gbm_quantile,nonsentiment,50,log_return,90.52999877929688,89.77261083650548,0.7573879427913965,0.7573879427913965
2022-07-26 00:00:00+00:00,MRK,gbm_quantile,nonsentiment,50,log_return,91.29000091552734,90.1125676954466,1.1774332200807436,1.1774332200807436
2022-07-27 00:00:00+00:00,MRK,gbm_quantile,nonsentiment,50,log_return,91.2300033569336,90.98984624386543,0.24015711306816456,0.24015711306816456
2022-07-28 00:00:00+00:00,MRK,gbm_quantile,nonsentiment,50,log_return,89.94000244140625,91.0137083039914,-1.0737058625851432,1.0737058625851432
2022-07-29 00:00:00+00:00,MRK,gbm_quantile,nonsentiment,50,log_return,89.33999633789062,89.5842970718511,-0.24430073396047192,0.24430073396047192
2022-08-01 00:00:00+00:00,MRK,gbm_quantile,nonsentiment,50,log_return,88.52999877929688,88.94796613750889,-0.41796735821201025,0.41796735821201025
2022-08-02 00:00:00+00:00,MRK,gbm_quantile,nonsentiment,50,log_return,87.61000061035156,88.11218128128887,-0.5021806709373067,0.5021806709373067
2022-08-03 00:00:00+00:00,MRK,gbm_quantile,nonsentiment,50,log_return,87.62000274658203,87.20577576228213,0.41422698429990135,0.41422698429990135
2022-08-04 00:00:00+00:00,MRK,gbm_quantile,nonsentiment,50,log_return,86.81999969482422,87.1533499824771,-0.3333502876528769,0.3333502876528769
2022-08-05 00:00:00+00:00,MRK,gbm_quantile,nonsentiment,50,log_return,87.41000366210938,86.7036179770148,0.706385685094574,0.706385685094574
2022-08-08 00:00:00+00:00,MRK,gbm_quantile,nonsentiment,50,log_return,88.48999786376953,87.18983804142422,1.3001598223453072,1.3001598223453072
2022-08-09 00:00:00+00:00,MRK,gbm_quantile,nonsentiment,50,log_return,89.5199966430664,88.37736904868831,1.142627594378098,1.142627594378098
2022-08-10 00:00:00+00:00,MRK,gbm_quantile,nonsentiment,50,log_return,89.19000244140625,89.49941013432331,-0.3094076929170626,0.3094076929170626
2022-08-11 00:00:00+00:00,MRK,gbm_quantile,nonsentiment,50,log_return,88.93000030517578,89.12224248550524,-0.19224218032945828,0.19224218032945828
2022-08-12 00:00:00+00:00,MRK,gbm_quantile,nonsentiment,50,log_return,91.0199966430664,88.49498764396984,2.5250089990965705,2.5250089990965705
2022-08-15 00:00:00+00:00,MRK,gbm_quantile,nonsentiment,50,log_return,90.5999984741211,90.65335641915556,-0.05335794503446323,0.05335794503446323
2022-08-16 00:00:00+00:00,MRK,gbm_quantile,nonsentiment,50,log_return,90.58999633789062,90.25225498069099,0.33774135719963283,0.33774135719963283
2022-08-17 00:00:00+00:00,MRK,gbm_quantile,nonsentiment,50,log_return,91.04000091552734,90.1080189016421,0.9319820138852464,0.9319820138852464
2022-08-18 00:00:00+00:00,MRK,gbm_quantile,nonsentiment,50,log_return,91.4000015258789,90.61248541759166,0.7875161082872495,0.7875161082872495
2022-08-19 00:00:00+00:00,MRK,gbm_quantile,nonsentiment,50,log_return,92.08000183105467,91.27014006479263,0.8098617662620455,0.8098617662620455
2022-08-22 00:00:00+00:00,MRK,gbm_quantile,nonsentiment,50,log_return,91.16000366210938,91.90563058790123,-0.7456269257918535,0.7456269257918535
2022-08-23 00:00:00+00:00,MRK,gbm_quantile,nonsentiment,50,log_return,90.1999969482422,91.05479225200502,-0.8547953037628133,0.8547953037628133
2022-08-24 00:00:00+00:00,MRK,gbm_quantile,nonsentiment,50,log_return,90.01000213623047,90.10171395220311,-0.09171181597264422,0.09171181597264422
2022-08-25 00:00:00+00:00,MRK,gbm_quantile,nonsentiment,50,log_return,90.2699966430664,89.31877126641857,0.9512253766478409,0.9512253766478409
2022-08-26 00:00:00+00:00,MRK,gbm_quantile,nonsentiment,50,log_return,89.26000213623047,89.9293692661463,-0.6693671299158268,0.6693671299158268
2022-08-29 00:00:00+00:00,MRK,gbm_quantile,nonsentiment,50,log_return,87.58999633789062,89.14436641306992,-1.5543700751792926,1.5543700751792926
2022-08-30 00:00:00+00:00,MRK,gbm_quantile,nonsentiment,50,log_return,86.87999725341797,87.534773568095,-0.6547763146770365,0.6547763146770365
2022-08-31 00:00:00+00:00,MRK,gbm_quantile,nonsentiment,50,log_return,85.36000061035156,86.58569123683056,-1.2256906264789933,1.2256906264789933
2022-09-01 00:00:00+00:00,MRK,gbm_quantile,nonsentiment,50,log_return,87.1500015258789,85.23260538352862,1.9173961423502845,1.9173961423502845
2022-09-02 00:00:00+00:00,MRK,gbm_quantile,nonsentiment,50,log_return,86.2300033569336,86.8658483600232,-0.6358450030895995,0.6358450030895995
2022-09-06 00:00:00+00:00,MRK,gbm_quantile,nonsentiment,50,log_return,86.41999816894531,85.85093130772603,0.5690668612192837,0.5690668612192837
2022-09-07 00:00:00+00:00,MRK,gbm_quantile,nonsentiment,50,log_return,86.87000274658203,86.11129494541622,0.7587078011658122,0.7587078011658122
2022-09-08 00:00:00+00:00,MRK,gbm_quantile,nonsentiment,50,log_return,87.41999816894531,86.57863250857552,0.8413656603697888,0.8413656603697888
2022-09-09 00:00:00+00:00,MRK,gbm_quantile,nonsentiment,50,log_return,87.33999633789062,87.35415167401379,-0.014155336123167217,0.014155336123167217
2022-09-12 00:00:00+00:00,MRK,gbm_quantile,nonsentiment,50,log_return,88.16000366210938,86.98557850854846,1.174425153560918,1.174425153560918
2022-09-13 00:00:00+00:00,MRK,gbm_quantile,nonsentiment,50,log_return,86.27999877929688,88.08048811674664,-1.8004893374497613,1.8004893374497613
2022-09-14 00:00:00+00:00,MRK,gbm_quantile,nonsentiment,50,log_return,86.94999694824219,86.11720044963344,0.8327964986087437,0.8327964986087437
2022-09-15 00:00:00+00:00,MRK,gbm_quantile,nonsentiment,50,log_return,86.75,86.8654118725845,-0.11541187258450236,0.11541187258450236
2022-09-16 00:00:00+00:00,MRK,gbm_quantile,nonsentiment,50,log_return,87.72000122070312,86.75874526648853,0.9612559542145931,0.9612559542145931
2022-09-19 00:00:00+00:00,MRK,gbm_quantile,nonsentiment,50,log_return,86.63999938964844,87.33769557186768,-0.6976961822192465,0.6976961822192465
2022-09-20 00:00:00+00:00,MRK,gbm_quantile,nonsentiment,50,log_return,86.0,86.55534064366879,-0.5553406436687851,0.5553406436687851
2022-09-21 00:00:00+00:00,MRK,gbm_quantile,nonsentiment,50,log_return,84.52999877929688,86.07441287313227,-1.5444140938353996,1.5444140938353996
2022-09-22 00:00:00+00:00,MRK,gbm_quantile,nonsentiment,50,log_return,87.51000213623047,84.38741590194256,3.1225862342879083,3.1225862342879083
2022-09-23 00:00:00+00:00,MRK,gbm_quantile,nonsentiment,50,log_return,86.77999877929688,87.29773461294754,-0.5177358336506614,0.5177358336506614
2022-09-26 00:00:00+00:00,MRK,gbm_quantile,nonsentiment,50,log_return,86.18000030517578,86.80316375388576,-0.623163448709974,0.623163448709974
2022-09-27 00:00:00+00:00,MRK,gbm_quantile,nonsentiment,50,log_return,85.83999633789062,86.18581615620829,-0.34581981831766484,0.34581981831766484
2022-09-28 00:00:00+00:00,MRK,gbm_quantile,nonsentiment,50,log_return,86.77999877929688,85.84602771054068,0.9339710687561933,0.9339710687561933
2022-09-29 00:00:00+00:00,MRK,gbm_quantile,nonsentiment,50,log_return,86.63999938964844,86.37838469933173,0.2616146903167049,0.2616146903167049
2022-09-30 00:00:00+00:00,MRK,gbm_quantile,nonsentiment,50,log_return,86.12000274658203,86.53896514518263,-0.41896239860059836,0.41896239860059836
2022-10-03 00:00:00+00:00,MRK,gbm_quantile,nonsentiment,50,log_return,87.55000305175781,85.98401866946409,1.5659843822937205,1.5659843822937205
2022-10-04 00:00:00+00:00,MRK,gbm_quantile,nonsentiment,50,log_return,88.38999938964844,87.18135199158306,1.2086473980653807,1.2086473980653807
2022-10-05 00:00:00+00:00,MRK,gbm_quantile,nonsentiment,50,log_return,88.38999938964844,88.40003006835711,-0.01003067870867369,0.01003067870867369
2022-10-06 00:00:00+00:00,MRK,gbm_quantile,nonsentiment,50,log_return,87.44000244140625,88.03704108972603,-0.5970386483197814,0.5970386483197814
2022-10-07 00:00:00+00:00,MRK,gbm_quantile,nonsentiment,50,log_return,87.5999984741211,87.32869358662315,0.2713048874979478,0.2713048874979478
2022-10-10 00:00:00+00:00,MRK,gbm_quantile,nonsentiment,50,log_return,90.4800033569336,87.48277738829618,2.9972259686374088,2.9972259686374088
2022-10-11 00:00:00+00:00,MRK,gbm_quantile,nonsentiment,50,log_return,91.0500030517578,90.40398240184176,0.6460206499160392,0.6460206499160392
2022-10-12 00:00:00+00:00,MRK,gbm_quantile,nonsentiment,50,log_return,90.41999816894533,90.79998162345676,-0.37998345451143223,0.37998345451143223
2022-10-13 00:00:00+00:00,MRK,gbm_quantile,nonsentiment,50,log_return,92.48999786376952,90.36650676935004,2.123491094419478,2.123491094419478
2022-10-14 00:00:00+00:00,MRK,gbm_quantile,nonsentiment,50,log_return,92.18000030517578,92.18937810882935,-0.009377803653563888,0.009377803653563888
2022-10-17 00:00:00+00:00,MRK,gbm_quantile,nonsentiment,50,log_return,94.12000274658205,92.1051269028496,2.0148758437324403,2.0148758437324403
2022-10-18 00:00:00+00:00,MRK,gbm_quantile,nonsentiment,50,log_return,94.61000061035156,94.12967237790926,0.4803282324423037,0.4803282324423037
2022-10-19 00:00:00+00:00,MRK,gbm_quantile,nonsentiment,50,log_return,93.26000213623048,94.55226188784508,-1.2922597516145942,1.2922597516145942
2022-10-20 00:00:00+00:00,MRK,gbm_quantile,nonsentiment,50,log_return,92.94000244140624,92.99501219182555,-0.055009750419316106,0.055009750419316106
2022-10-21 00:00:00+00:00,MRK,gbm_quantile,nonsentiment,50,log_return,95.66999816894533,92.60041804851554,3.069580120429791,3.069580120429791
2022-10-24 00:00:00+00:00,MRK,gbm_quantile,nonsentiment,50,log_return,97.37000274658205,95.27033979225429,2.099662954327755,2.099662954327755
2022-10-25 00:00:00+00:00,MRK,gbm_quantile,nonsentiment,50,log_return,97.70999908447266,97.30273815569794,0.4072609287747184,0.4072609287747184
2022-10-26 00:00:00+00:00,MRK,gbm_quantile,nonsentiment,50,log_return,98.41000366210938,97.42108546346765,0.988918198641727,0.988918198641727
2022-10-27 00:00:00+00:00,MRK,gbm_quantile,nonsentiment,50,log_return,99.73999786376952,98.3393256070229,1.400672256746617,1.400672256746617
2022-10-28 00:00:00+00:00,MRK,gbm_quantile,nonsentiment,50,log_return,100.7699966430664,99.38279909014769,1.387197552918721,1.387197552918721
2022-10-31 00:00:00+00:00,MRK,gbm_quantile,nonsentiment,50,log_return,101.1999969482422,100.46979496503249,0.7302019832097102,0.7302019832097102
2022-11-01 00:00:00+00:00,MRK,gbm_quantile,nonsentiment,50,log_return,99.76000213623048,101.10302216647985,-1.3430200302493631,1.3430200302493631
2022-11-02 00:00:00+00:00,MRK,gbm_quantile,nonsentiment,50,log_return,99.4000015258789,99.55009940531482,-0.15009787943591846,0.15009787943591846
2022-11-03 00:00:00+00:00,MRK,gbm_quantile,nonsentiment,50,log_return,98.75,99.15413854188726,-0.4041385418872636,0.4041385418872636
2022-11-04 00:00:00+00:00,MRK,gbm_quantile,nonsentiment,50,log_return,99.1999969482422,98.30669110659176,0.8933058416504451,0.8933058416504451
2022-11-07 00:00:00+00:00,MRK,gbm_quantile,nonsentiment,50,log_return,100.06999969482422,98.64934919323555,1.4206505015886677,1.4206505015886677
2022-11-08 00:00:00+00:00,MRK,gbm_quantile,nonsentiment,50,log_return,101.5,99.7501648831571,1.7498351168429025,1.7498351168429025
2022-11-09 00:00:00+00:00,MRK,gbm_quantile,nonsentiment,50,log_return,101.58999633789062,101.14349367395617,0.4465026639344529,0.4465026639344529
2022-11-10 00:00:00+00:00,MRK,gbm_quantile,nonsentiment,50,log_return,101.88999938964844,101.15950607321496,0.7304933164334813,0.7304933164334813
2022-11-11 00:00:00+00:00,MRK,gbm_quantile,nonsentiment,50,log_return,97.95999908447266,101.53192886943067,-3.571929784958016,3.571929784958016
2022-11-14 00:00:00+00:00,MRK,gbm_quantile,nonsentiment,50,log_return,100.3499984741211,97.5803296952765,2.76966877884459,2.76966877884459
2022-11-15 00:00:00+00:00,MRK,gbm_quantile,nonsentiment,50,log_return,99.5999984741211,99.98116196425258,-0.38116349013148465,0.38116349013148465
2022-11-16 00:00:00+00:00,MRK,gbm_quantile,nonsentiment,50,log_return,99.93000030517578,99.19317082420119,0.7368294809745919,0.7368294809745919
2022-11-17 00:00:00+00:00,MRK,gbm_quantile,nonsentiment,50,log_return,102.30999755859376,99.8459580326517,2.46403952594207,2.46403952594207
2022-11-18 00:00:00+00:00,MRK,gbm_quantile,nonsentiment,50,log_return,104.2300033569336,101.96053726937002,2.269466087563572,2.269466087563572
2022-11-21 00:00:00+00:00,MRK,gbm_quantile,nonsentiment,50,log_return,105.61000061035156,103.83339161773193,1.7766089926196287,1.7766089926196287
2022-11-22 00:00:00+00:00,MRK,gbm_quantile,nonsentiment,50,log_return,106.9000015258789,105.29675087942927,1.6032506464496379,1.6032506464496379
2022-11-23 00:00:00+00:00,MRK,gbm_quantile,nonsentiment,50,log_return,106.81999969482422,106.43918533899821,0.3808143558260042,0.3808143558260042
2022-11-25 00:00:00+00:00,MRK,gbm_quantile,nonsentiment,50,log_return,107.5,106.4681981335821,1.0318018664178936,1.0318018664178936
2022-11-28 00:00:00+00:00,MRK,gbm_quantile,nonsentiment,50,log_return,108.4499969482422,107.04030839776662,1.409688550475579,1.409688550475579
2022-11-29 00:00:00+00:00,MRK,gbm_quantile,nonsentiment,50,log_return,108.83999633789062,108.26408982233097,0.5759065155596517,0.5759065155596517
2022-11-30 00:00:00+00:00,MRK,gbm_quantile,nonsentiment,50,log_return,110.12000274658205,108.30589497420112,1.8141077723809218,1.8141077723809218
2022-12-01 00:00:00+00:00,MRK,gbm_quantile,nonsentiment,50,log_return,109.8000030517578,109.68191514264466,0.11808790911314304,0.11808790911314304
2022-12-02 00:00:00+00:00,MRK,gbm_quantile,nonsentiment,50,log_return,110.04000091552734,109.33556267435377,0.7044382411735768,0.7044382411735768
2022-12-05 00:00:00+00:00,MRK,gbm_quantile,nonsentiment,50,log_return,110.01000213623048,109.56208988590637,0.44791225032410864,0.44791225032410864
2022-12-06 00:00:00+00:00,MRK,gbm_quantile,nonsentiment,50,log_return,108.93000030517578,109.5173076565807,-0.5873073514049167,0.5873073514049167
2022-12-07 00:00:00+00:00,MRK,gbm_quantile,nonsentiment,50,log_return,110.08999633789062,108.37584672064638,1.7141496172442459,1.7141496172442459
2022-12-08 00:00:00+00:00,MRK,gbm_quantile,nonsentiment,50,log_return,110.8499984741211,109.75231625901034,1.0976822151107513,1.0976822151107513
2022-12-09 00:00:00+00:00,MRK,gbm_quantile,nonsentiment,50,log_return,108.77999877929688,110.6797984506746,-1.8997996713777212,1.8997996713777212
2022-12-12 00:00:00+00:00,MRK,gbm_quantile,nonsentiment,50,log_return,108.97000122070312,108.32734103415736,0.6426601865457684,0.6426601865457684
2022-12-13 00:00:00+00:00,MRK,gbm_quantile,nonsentiment,50,log_return,110.91000366210938,108.48118140813818,2.428822253971191,2.428822253971191
2022-12-14 00:00:00+00:00,MRK,gbm_quantile,nonsentiment,50,log_return,111.5500030517578,110.6666036926103,0.8833993591475036,0.8833993591475036
2022-12-15 00:00:00+00:00,MRK,gbm_quantile,nonsentiment,50,log_return,109.62999725341795,111.02305406794507,-1.3930568145271138,1.3930568145271138
2022-12-16 00:00:00+00:00,MRK,gbm_quantile,nonsentiment,50,log_return,109.1999969482422,109.18470636875848,0.015290579483718147,0.015290579483718147
2022-12-19 00:00:00+00:00,MRK,gbm_quantile,nonsentiment,50,log_return,109.44000244140624,108.73334106524453,0.7066613761617049,0.7066613761617049
2022-12-20 00:00:00+00:00,MRK,gbm_quantile,nonsentiment,50,log_return,109.70999908447266,108.94727339888588,0.7627256855867728,0.7627256855867728
2022-12-21 00:00:00+00:00,MRK,gbm_quantile,nonsentiment,50,log_return,111.11000061035156,109.27744559408185,1.8325550162697084,1.8325550162697084
2022-12-22 00:00:00+00:00,MRK,gbm_quantile,nonsentiment,50,log_return,111.23999786376952,110.98599789307879,0.2539999706907281,0.2539999706907281
2022-12-23 00:00:00+00:00,MRK,gbm_quantile,nonsentiment,50,log_return,111.86000061035156,111.1212442224219,0.7387563879296692,0.7387563879296692
2022-12-27 00:00:00+00:00,MRK,gbm_quantile,nonsentiment,50,log_return,112.12000274658205,111.38592802808672,0.7340747184953216,0.7340747184953216
2022-12-28 00:00:00+00:00,MRK,gbm_quantile,nonsentiment,50,log_return,111.08000183105467,111.72759618538277,-0.647594354328092,0.647594354328092
2022-12-29 00:00:00+00:00,MRK,gbm_quantile,nonsentiment,50,log_return,110.81999969482422,110.55802484632308,0.26197484850113995,0.26197484850113995
2022-12-30 00:00:00+00:00,MRK,gbm_quantile,nonsentiment,50,log_return,110.9499969482422,110.36048509527953,0.5895118529626728,0.5895118529626728
2023-01-03 00:00:00+00:00,MRK,gbm_quantile,nonsentiment,50,log_return,111.13999938964844,110.9243726925688,0.21562669707964233,0.21562669707964233
2023-01-04 00:00:00+00:00,MRK,gbm_quantile,nonsentiment,50,log_return,112.08000183105467,110.96770314521848,1.112298685836194,1.112298685836194
2023-01-05 00:00:00+00:00,MRK,gbm_quantile,nonsentiment,50,log_return,113.63999938964844,111.94575056412447,1.694248825523971,1.694248825523971
2023-01-06 00:00:00+00:00,MRK,gbm_quantile,nonsentiment,50,log_return,114.83999633789062,113.20661342662349,1.6333829112671339,1.6333829112671339
2023-01-09 00:00:00+00:00,MRK,gbm_quantile,nonsentiment,50,log_return,110.37999725341795,114.63446998372396,-4.254472730306006,4.254472730306006
2023-01-10 00:00:00+00:00,MRK,gbm_quantile,nonsentiment,50,log_return,110.80999755859376,110.21598626184007,0.5940112967536919,0.5940112967536919
2023-01-11 00:00:00+00:00,MRK,gbm_quantile,nonsentiment,50,log_return,111.06999969482422,110.337717436409,0.7322822584152249,0.7322822584152249
2023-01-12 00:00:00+00:00,MRK,gbm_quantile,nonsentiment,50,log_return,111.7699966430664,110.64015861130086,1.1298380317655443,1.1298380317655443
2023-01-13 00:00:00+00:00,MRK,gbm_quantile,nonsentiment,50,log_return,112.25,111.48064076789049,0.7693592321095082,0.7693592321095082
2023-01-17 00:00:00+00:00,MRK,gbm_quantile,nonsentiment,50,log_return,110.4499969482422,111.71925006009945,-1.2692531118572532,1.2692531118572532
2023-01-18 00:00:00+00:00,MRK,gbm_quantile,nonsentiment,50,log_return,108.79000091552734,109.91972809901557,-1.129727183488228,1.129727183488228
2023-01-19 00:00:00+00:00,MRK,gbm_quantile,nonsentiment,50,log_return,109.9000015258789,108.62187948441283,1.2781220414660766,1.2781220414660766
2023-01-20 00:00:00+00:00,MRK,gbm_quantile,nonsentiment,50,log_return,109.94000244140624,109.71923167031713,0.22077077108910714,0.22077077108910714
2023-01-23 00:00:00+00:00,MRK,gbm_quantile,nonsentiment,50,log_return,109.87999725341795,109.9110626155842,-0.031065362166245336,0.031065362166245336
2023-01-24 00:00:00+00:00,MRK,gbm_quantile,nonsentiment,50,log_return,108.5199966430664,109.37808497845408,-0.8580883353876771,0.8580883353876771
2023-01-25 00:00:00+00:00,MRK,gbm_quantile,nonsentiment,50,log_return,108.58999633789062,108.30352592046626,0.2864704174243684,0.2864704174243684
2023-01-26 00:00:00+00:00,MRK,gbm_quantile,nonsentiment,50,log_return,106.87000274658205,108.49394038552052,-1.6239376389384717,1.6239376389384717
2023-01-27 00:00:00+00:00,MRK,gbm_quantile,nonsentiment,50,log_return,105.37999725341795,106.63711474895025,-1.2571174955322988,1.2571174955322988
2023-01-30 00:00:00+00:00,MRK,gbm_quantile,nonsentiment,50,log_return,106.08999633789062,105.3722694128589,0.7177269250317266,0.7177269250317266
2023-01-31 00:00:00+00:00,MRK,gbm_quantile,nonsentiment,50,log_return,107.41000366210938,106.12603785293561,1.2839658091737647,1.2839658091737647
2023-02-01 00:00:00+00:00,MRK,gbm_quantile,nonsentiment,50,log_return,106.9800033569336,107.31157989037759,-0.33157653344399307,0.33157653344399307
2023-02-02 00:00:00+00:00,MRK,gbm_quantile,nonsentiment,50,log_return,103.45999908447266,106.47050410017039,-3.0105050156977313,3.0105050156977313
2023-02-03 00:00:00+00:00,MRK,gbm_quantile,nonsentiment,50,log_return,102.94000244140624,103.1166390957032,-0.17663665429697062,0.17663665429697062
2023-02-06 00:00:00+00:00,MRK,gbm_quantile,nonsentiment,50,log_return,104.02999877929688,102.52018254410638,1.509816235190499,1.509816235190499
2023-02-07 00:00:00+00:00,MRK,gbm_quantile,nonsentiment,50,log_return,105.68000030517578,103.4496135671056,2.2303867380701803,2.2303867380701803
2023-02-08 00:00:00+00:00,MRK,gbm_quantile,nonsentiment,50,log_return,106.63999938964844,105.12270077468227,1.5172986149661654,1.5172986149661654
2023-02-09 00:00:00+00:00,MRK,gbm_quantile,nonsentiment,50,log_return,106.72000122070312,106.09572547459639,0.6242757461067328,0.6242757461067328
2023-02-10 00:00:00+00:00,MRK,gbm_quantile,nonsentiment,50,log_return,108.56999969482422,106.34643660014625,2.2235630946779708,2.2235630946779708
2023-02-13 00:00:00+00:00,MRK,gbm_quantile,nonsentiment,50,log_return,109.5500030517578,108.56542098323105,0.9845820685267483,0.9845820685267483
2023-02-14 00:00:00+00:00,MRK,gbm_quantile,nonsentiment,50,log_return,108.73999786376952,109.06767644298694,-0.3276785792174195,0.3276785792174195
2023-02-15 00:00:00+00:00,MRK,gbm_quantile,nonsentiment,50,log_return,107.68000030517578,108.30707226088654,-0.6270719557107611,0.6270719557107611
2023-02-16 00:00:00+00:00,MRK,gbm_quantile,nonsentiment,50,log_return,106.51000213623048,107.53060819269234,-1.0206060564618582,1.0206060564618582
2023-02-17 00:00:00+00:00,MRK,gbm_quantile,nonsentiment,50,log_return,109.5199966430664,106.09436473386597,3.4256319092004333,3.4256319092004333
2023-02-21 00:00:00+00:00,MRK,gbm_quantile,nonsentiment,50,log_return,109.06999969482422,109.15168800044142,-0.08168830561720597,0.08168830561720597
2023-02-22 00:00:00+00:00,MRK,gbm_quantile,nonsentiment,50,log_return,109.16000366210938,108.9968681927972,0.1631354693121807,0.1631354693121807
2023-02-23 00:00:00+00:00,MRK,gbm_quantile,nonsentiment,50,log_return,110.58999633789062,108.99343475938444,1.5965615785061829,1.5965615785061829
2023-02-24 00:00:00+00:00,MRK,gbm_quantile,nonsentiment,50,log_return,109.88999938964844,110.14532652220423,-0.25532713255579154,0.25532713255579154
2023-02-27 00:00:00+00:00,MRK,gbm_quantile,nonsentiment,50,log_return,109.36000061035156,109.74697634071465,-0.3869757303630905,0.3869757303630905
2023-02-28 00:00:00+00:00,MRK,gbm_quantile,nonsentiment,50,log_return,106.23999786376952,109.22110998606514,-2.9811121222956274,2.9811121222956274
2023-03-01 00:00:00+00:00,MRK,gbm_quantile,nonsentiment,50,log_return,106.6500015258789,106.02969235132801,0.6203091745508971,0.6203091745508971
2023-03-02 00:00:00+00:00,MRK,gbm_quantile,nonsentiment,50,log_return,107.01000213623048,106.2655329632944,0.7444691729360784,0.7444691729360784
2023-03-03 00:00:00+00:00,MRK,gbm_quantile,nonsentiment,50,log_return,106.87999725341795,106.62706462875434,0.25293262466361455,0.25293262466361455
2023-03-06 00:00:00+00:00,MRK,gbm_quantile,nonsentiment,50,log_return,111.0999984741211,106.5351666625538,4.564831811567288,4.564831811567288
2023-03-07 00:00:00+00:00,MRK,gbm_quantile,nonsentiment,50,log_return,111.2699966430664,110.66096513824871,0.6090315048176933,0.6090315048176933
2023-03-08 00:00:00+00:00,MRK,gbm_quantile,nonsentiment,50,log_return,108.27999877929688,111.04875624113404,-2.7687574618371684,2.7687574618371684
2023-03-09 00:00:00+00:00,MRK,gbm_quantile,nonsentiment,50,log_return,107.5999984741211,107.81236165667686,-0.21236318255576236,0.21236318255576236
2023-03-10 00:00:00+00:00,MRK,gbm_quantile,nonsentiment,50,log_return,107.69000244140624,107.53979338101021,0.15020906039602266,0.15020906039602266
2023-03-13 00:00:00+00:00,MRK,gbm_quantile,nonsentiment,50,log_return,105.7300033569336,107.45120041153405,-1.7211970546004522,1.7211970546004522
2023-03-14 00:00:00+00:00,MRK,gbm_quantile,nonsentiment,50,log_return,106.97000122070312,105.36574916560545,1.6042520550976747,1.6042520550976747
2023-03-15 00:00:00+00:00,MRK,gbm_quantile,nonsentiment,50,log_return,107.62999725341795,106.67630170059155,0.9536955528264031,0.9536955528264031
2023-03-16 00:00:00+00:00,MRK,gbm_quantile,nonsentiment,50,log_return,107.33999633789062,107.63895708355292,-0.29896074566229913,0.29896074566229913
2023-03-17 00:00:00+00:00,MRK,gbm_quantile,nonsentiment,50,log_return,104.0999984741211,107.31669191602145,-3.216693441900361,3.216693441900361
2023-03-20 00:00:00+00:00,MRK,gbm_quantile,nonsentiment,50,log_return,105.8499984741211,103.61826373506749,2.231734739053607,2.231734739053607
2023-03-21 00:00:00+00:00,MRK,gbm_quantile,nonsentiment,50,log_return,105.54000091552734,105.83365676974385,-0.2936558542165102,0.2936558542165102
2023-03-22 00:00:00+00:00,MRK,gbm_quantile,nonsentiment,50,log_return,104.4000015258789,105.34081007383091,-0.9408085479520025,0.9408085479520025
2023-03-23 00:00:00+00:00,MRK,gbm_quantile,nonsentiment,50,log_return,104.2300033569336,104.31022160254021,-0.08021824560661628,0.08021824560661628
2023-03-24 00:00:00+00:00,MRK,gbm_quantile,nonsentiment,50,log_return,104.8000030517578,104.28108747430488,0.5189155774529155,0.5189155774529155
2023-03-27 00:00:00+00:00,MRK,gbm_quantile,nonsentiment,50,log_return,106.93000030517578,104.74782278967328,2.1821775155025023,2.1821775155025023
2023-03-28 00:00:00+00:00,MRK,gbm_quantile,nonsentiment,50,log_return,105.52999877929688,106.43236773369144,-0.9023689543945608,0.9023689543945608
2023-03-29 00:00:00+00:00,MRK,gbm_quantile,nonsentiment,50,log_return,104.91999816894533,105.49984838797882,-0.5798502190334887,0.5798502190334887
2023-03-30 00:00:00+00:00,MRK,gbm_quantile,nonsentiment,50,log_return,105.91999816894533,104.79098820205562,1.1290099668897113,1.1290099668897113
2023-03-31 00:00:00+00:00,MRK,gbm_quantile,nonsentiment,50,log_return,106.38999938964844,105.85080709165733,0.5391922979911072,0.5391922979911072
2023-04-03 00:00:00+00:00,MRK,gbm_quantile,nonsentiment,50,log_return,108.87000274658205,105.98816068342563,2.8818420631564123,2.8818420631564123
2023-04-04 00:00:00+00:00,MRK,gbm_quantile,nonsentiment,50,log_return,108.83000183105467,108.46716100859237,0.362840822462303,0.362840822462303
2023-04-05 00:00:00+00:00,MRK,gbm_quantile,nonsentiment,50,log_return,111.91000366210938,108.48097782002667,3.4290258420827087,3.4290258420827087
2023-04-06 00:00:00+00:00,MRK,gbm_quantile,nonsentiment,50,log_return,112.33000183105467,111.97531842438113,0.35468340667354425,0.35468340667354425
2023-04-10 00:00:00+00:00,MRK,gbm_quantile,nonsentiment,50,log_return,112.61000061035156,111.96994042153136,0.6400601888202004,0.6400601888202004
2023-04-11 00:00:00+00:00,MRK,gbm_quantile,nonsentiment,50,log_return,112.48999786376952,112.24854297999453,0.2414548837749919,0.2414548837749919
2023-04-12 00:00:00+00:00,MRK,gbm_quantile,nonsentiment,50,log_return,113.75,112.1556613069744,1.5943386930256054,1.5943386930256054
2023-04-13 00:00:00+00:00,MRK,gbm_quantile,nonsentiment,50,log_return,115.58000183105467,113.42500886297194,2.1549929680827375,2.1549929680827375
2023-04-14 00:00:00+00:00,MRK,gbm_quantile,nonsentiment,50,log_return,115.30999755859376,115.24060046920448,0.0693970893892839,0.0693970893892839
2023-04-17 00:00:00+00:00,MRK,gbm_quantile,nonsentiment,50,log_return,115.01000213623048,114.82405877440614,0.1859433618243429,0.1859433618243429
2023-04-18 00:00:00+00:00,MRK,gbm_quantile,nonsentiment,50,log_return,114.83000183105467,114.58619700724205,0.24380482381262425,0.24380482381262425
2023-04-19 00:00:00+00:00,MRK,gbm_quantile,nonsentiment,50,log_return,114.12999725341795,114.33955745112779,-0.20956019770983403,0.20956019770983403
2023-04-20 00:00:00+00:00,MRK,gbm_quantile,nonsentiment,50,log_return,114.16999816894533,114.1362472389329,0.03375093001243101,0.03375093001243101
2023-04-21 00:00:00+00:00,MRK,gbm_quantile,nonsentiment,50,log_return,115.37000274658205,114.27198513949234,1.0980176070897016,1.0980176070897016
2023-04-24 00:00:00+00:00,MRK,gbm_quantile,nonsentiment,50,log_return,115.94000244140624,115.52500037450979,0.4150020668964487,0.4150020668964487
2023-04-25 00:00:00+00:00,MRK,gbm_quantile,nonsentiment,50,log_return,116.52999877929688,115.93193078857013,0.5980679907267472,0.5980679907267472
2023-04-26 00:00:00+00:00,MRK,gbm_quantile,nonsentiment,50,log_return,113.43000030517578,116.7674865839676,-3.3374862787918147,3.3374862787918147
2023-04-27 00:00:00+00:00,MRK,gbm_quantile,nonsentiment,50,log_return,115.16000366210938,113.30331249059586,1.8566911715135177,1.8566911715135177
2023-04-28 00:00:00+00:00,MRK,gbm_quantile,nonsentiment,50,log_return,115.47000122070312,115.12672399463251,0.3432772260706116,0.3432772260706116
2023-05-01 00:00:00+00:00,MRK,gbm_quantile,nonsentiment,50,log_return,116.33999633789062,115.24645108385106,1.0935452540395687,1.0935452540395687
2023-05-02 00:00:00+00:00,MRK,gbm_quantile,nonsentiment,50,log_return,117.88999938964844,116.07181120064375,1.8181881890046867,1.8181881890046867
2023-05-03 00:00:00+00:00,MRK,gbm_quantile,nonsentiment,50,log_return,118.22000122070312,118.02658605799118,0.19341516271194337,0.19341516271194337
2023-05-04 00:00:00+00:00,MRK,gbm_quantile,nonsentiment,50,log_return,117.37000274658205,118.14621706037293,-0.7762143137908879,0.7762143137908879
2023-05-05 00:00:00+00:00,MRK,gbm_quantile,nonsentiment,50,log_return,117.68000030517578,117.29923466342738,0.3807656417483969,0.3807656417483969
2023-05-08 00:00:00+00:00,MRK,gbm_quantile,nonsentiment,50,log_return,118.37999725341795,117.73277283038158,0.6472244230363771,0.6472244230363771
2023-05-09 00:00:00+00:00,MRK,gbm_quantile,nonsentiment,50,log_return,117.43000030517578,118.35483546047456,-0.9248351552987799,0.9248351552987799
2023-05-10 00:00:00+00:00,MRK,gbm_quantile,nonsentiment,50,log_return,117.9000015258789,117.299710107386,0.6002914184929011,0.6002914184929011
2023-05-11 00:00:00+00:00,MRK,gbm_quantile,nonsentiment,50,log_return,117.5500030517578,117.62275805776113,-0.07275500600333373,0.07275500600333373
2023-05-12 00:00:00+00:00,MRK,gbm_quantile,nonsentiment,50,log_return,117.13999938964844,116.99842914010588,0.14157024954255348,0.14157024954255348
2023-05-15 00:00:00+00:00,MRK,gbm_quantile,nonsentiment,50,log_return,116.37000274658205,117.00557474946287,-0.6355720028808207,0.6355720028808207
2023-05-16 00:00:00+00:00,MRK,gbm_quantile,nonsentiment,50,log_return,116.08000183105467,116.25146978037691,-0.17146794932223486,0.17146794932223486
2023-05-17 00:00:00+00:00,MRK,gbm_quantile,nonsentiment,50,log_return,114.76000213623048,115.9872399148991,-1.2272377786686235,1.2272377786686235
2023-05-18 00:00:00+00:00,MRK,gbm_quantile,nonsentiment,50,log_return,114.0,114.9938261110479,-0.9938261110478948,0.9938261110478948
2023-05-19 00:00:00+00:00,MRK,gbm_quantile,nonsentiment,50,log_return,115.48999786376952,113.98923163779955,1.5007662259699686,1.5007662259699686
2023-05-22 00:00:00+00:00,MRK,gbm_quantile,nonsentiment,50,log_return,114.48999786376952,115.31389024978589,-0.823892386016368,0.823892386016368
2023-05-23 00:00:00+00:00,MRK,gbm_quantile,nonsentiment,50,log_return,113.2699966430664,114.45476964438367,-1.184773001317268,1.184773001317268
2023-05-24 00:00:00+00:00,MRK,gbm_quantile,nonsentiment,50,log_return,113.5999984741211,113.15876814903069,0.4412303250904017,0.4412303250904017
2023-05-25 00:00:00+00:00,MRK,gbm_quantile,nonsentiment,50,log_return,112.3000030517578,112.9899860173776,-0.6899829656198051,0.6899829656198051
2023-05-26 00:00:00+00:00,MRK,gbm_quantile,nonsentiment,50,log_return,111.06999969482422,112.02275963966962,-0.9527599448453969,0.9527599448453969
2023-05-30 00:00:00+00:00,MRK,gbm_quantile,nonsentiment,50,log_return,109.16999816894533,110.95818829480322,-1.788190125857895,1.788190125857895
2023-05-31 00:00:00+00:00,MRK,gbm_quantile,nonsentiment,50,log_return,110.41000366210938,108.8130515954203,1.5969520666890702,1.5969520666890702
2023-06-01 00:00:00+00:00,MRK,gbm_quantile,nonsentiment,50,log_return,110.93000030517578,110.29193731607508,0.6380629891007032,0.6380629891007032
2023-06-02 00:00:00+00:00,MRK,gbm_quantile,nonsentiment,50,log_return,112.5199966430664,110.71092720693275,1.8090694361336546,1.8090694361336546
2023-06-05 00:00:00+00:00,MRK,gbm_quantile,nonsentiment,50,log_return,113.11000061035156,112.4651377374005,0.6448628729510659,0.6448628729510659
2023-06-06 00:00:00+00:00,MRK,gbm_quantile,nonsentiment,50,log_return,110.01000213623048,113.00496919828444,-2.9949670620539592,2.9949670620539592
2023-06-07 00:00:00+00:00,MRK,gbm_quantile,nonsentiment,50,log_return,108.61000061035156,110.0138965743946,-1.4038959640430306,1.4038959640430306
2023-06-08 00:00:00+00:00,MRK,gbm_quantile,nonsentiment,50,log_return,110.31999969482422,108.6742194614746,1.6457802333496119,1.6457802333496119
2023-06-09 00:00:00+00:00,MRK,gbm_quantile,nonsentiment,50,log_return,110.70999908447266,110.19900387951891,0.5109952049537441,0.5109952049537441
2023-06-12 00:00:00+00:00,MRK,gbm_quantile,nonsentiment,50,log_return,109.86000061035156,110.58952348538831,-0.72952287503675,0.72952287503675
2023-06-13 00:00:00+00:00,MRK,gbm_quantile,nonsentiment,50,log_return,109.98999786376952,109.87211275427106,0.11788510949845943,0.11788510949845943
2023-06-14 00:00:00+00:00,MRK,gbm_quantile,nonsentiment,50,log_return,108.66000366210938,109.97963259618916,-1.3196289340797875,1.3196289340797875
2023-06-15 00:00:00+00:00,MRK,gbm_quantile,nonsentiment,50,log_return,109.4000015258789,108.41434845663981,0.9856530692390919,0.9856530692390919
2023-06-16 00:00:00+00:00,MRK,gbm_quantile,nonsentiment,50,log_return,109.31999969482422,109.42679315678167,-0.10679346195745154,0.10679346195745154
2023-06-20 00:00:00+00:00,MRK,gbm_quantile,nonsentiment,50,log_return,110.2300033569336,109.18177918719535,1.0482241697382477,1.0482241697382477
2023-06-21 00:00:00+00:00,MRK,gbm_quantile,nonsentiment,50,log_return,111.16000366210938,110.22712726445093,0.9328763976584469,0.9328763976584469
2023-06-22 00:00:00+00:00,MRK,gbm_quantile,nonsentiment,50,log_return,113.72000122070312,111.07565008287045,2.644351137832672,2.644351137832672
2023-06-23 00:00:00+00:00,MRK,gbm_quantile,nonsentiment,50,log_return,114.5999984741211,113.49377480547972,1.106223668641377,1.106223668641377
2023-06-26 00:00:00+00:00,MRK,gbm_quantile,nonsentiment,50,log_return,113.08000183105467,114.67010481671963,-1.5901029856649558,1.5901029856649558
2023-06-27 00:00:00+00:00,MRK,gbm_quantile,nonsentiment,50,log_return,113.31999969482422,113.02338633511621,0.2966133597080045,0.2966133597080045
2023-06-28 00:00:00+00:00,MRK,gbm_quantile,nonsentiment,50,log_return,112.44000244140624,113.14726632837477,-0.7072638869685335,0.7072638869685335
2023-06-29 00:00:00+00:00,MRK,gbm_quantile,nonsentiment,50,log_return,113.54000091552734,112.00731304510428,1.5326878704230609,1.5326878704230609
2023-06-30 00:00:00+00:00,MRK,gbm_quantile,nonsentiment,50,log_return,115.38999938964844,113.41432074371333,1.9756786459351048,1.9756786459351048
2023-07-03 00:00:00+00:00,MRK,gbm_quantile,nonsentiment,50,log_return,114.33000183105467,115.0917897661463,-0.7617879350916326,0.7617879350916326
2023-07-05 00:00:00+00:00,MRK,gbm_quantile,nonsentiment,50,log_return,113.6999969482422,114.28232483970676,-0.5823278914645584,0.5823278914645584
2023-07-06 00:00:00+00:00,MRK,gbm_quantile,nonsentiment,50,log_return,111.75,113.48925041701908,-1.739250417019079,1.739250417019079
2023-07-07 00:00:00+00:00,MRK,gbm_quantile,nonsentiment,50,log_return,109.0,111.13007128910571,-2.1300712891057145,2.1300712891057145
2023-07-10 00:00:00+00:00,MRK,gbm_quantile,nonsentiment,50,log_return,109.95999908447266,108.62422006969531,1.3357790147773443,1.3357790147773443
2023-07-11 00:00:00+00:00,MRK,gbm_quantile,nonsentiment,50,log_return,108.6999969482422,109.95802971230346,-1.2580327640612552,1.2580327640612552
2023-07-12 00:00:00+00:00,MRK,gbm_quantile,nonsentiment,50,log_return,107.47000122070312,108.68757694144873,-1.2175757207456002,1.2175757207456002
2023-07-13 00:00:00+00:00,MRK,gbm_quantile,nonsentiment,50,log_return,106.31999969482422,107.16815987306532,-0.8481601782411019,0.8481601782411019
2023-07-14 00:00:00+00:00,MRK,gbm_quantile,nonsentiment,50,log_return,107.33999633789062,106.41901093738376,0.920985400506865,0.920985400506865
2023-07-17 00:00:00+00:00,MRK,gbm_quantile,nonsentiment,50,log_return,105.56999969482422,107.32039947989816,-1.7503997850739381,1.7503997850739381
2023-07-18 00:00:00+00:00,MRK,gbm_quantile,nonsentiment,50,log_return,105.9499969482422,105.40188105780665,0.5481158904355539,0.5481158904355539
2023-07-19 00:00:00+00:00,MRK,gbm_quantile,nonsentiment,50,log_return,105.9499969482422,105.81055422590252,0.13944272233968036,0.13944272233968036
2023-07-20 00:00:00+00:00,MRK,gbm_quantile,nonsentiment,50,log_return,108.45999908447266,105.8488761380033,2.611122946469351,2.611122946469351
2023-07-21 00:00:00+00:00,MRK,gbm_quantile,nonsentiment,50,log_return,110.38999938964844,108.17286560602084,2.2171337836276024,2.2171337836276024
2023-07-24 00:00:00+00:00,MRK,gbm_quantile,nonsentiment,50,log_return,108.79000091552734,109.82120576926604,-1.0312048537387,1.0312048537387
2023-07-25 00:00:00+00:00,MRK,gbm_quantile,nonsentiment,50,log_return,107.52999877929688,108.72666433133577,-1.196665552038894,1.196665552038894
2023-07-26 00:00:00+00:00,MRK,gbm_quantile,nonsentiment,50,log_return,107.13999938964844,107.21693623434817,-0.0769368446997305,0.0769368446997305
2023-07-27 00:00:00+00:00,MRK,gbm_quantile,nonsentiment,50,log_return,105.2699966430664,106.52867366852396,-1.2586770254575583,1.2586770254575583
2023-07-28 00:00:00+00:00,MRK,gbm_quantile,nonsentiment,50,log_return,106.33999633789062,105.08116784426116,1.2588284936294656,1.2588284936294656
2023-07-31 00:00:00+00:00,MRK,gbm_quantile,nonsentiment,50,log_return,106.6500015258789,105.94447670858237,0.7055248172965349,0.7055248172965349
2023-08-01 00:00:00+00:00,MRK,gbm_quantile,nonsentiment,50,log_return,105.27999877929688,106.60737640809445,-1.3273776287975778,1.3273776287975778
2023-08-02 00:00:00+00:00,MRK,gbm_quantile,nonsentiment,50,log_return,105.6999969482422,105.379556406637,0.3204405416052083,0.3204405416052083
2023-08-03 00:00:00+00:00,MRK,gbm_quantile,nonsentiment,50,log_return,105.7300033569336,105.28414661312179,0.4458567438118024,0.4458567438118024
2023-08-04 00:00:00+00:00,MRK,gbm_quantile,nonsentiment,50,log_return,105.0,105.29336827466886,-0.2933682746688646,0.2933682746688646
2023-08-07 00:00:00+00:00,MRK,gbm_quantile,nonsentiment,50,log_return,106.08999633789062,104.81788996949273,1.2721063683978997,1.2721063683978997
2023-08-08 00:00:00+00:00,MRK,gbm_quantile,nonsentiment,50,log_return,106.41000366210938,106.1605511416175,0.2494525204918716,0.2494525204918716
2023-08-09 00:00:00+00:00,MRK,gbm_quantile,nonsentiment,50,log_return,106.0999984741211,105.88982062479063,0.21017784933046357,0.21017784933046357
2023-08-10 00:00:00+00:00,MRK,gbm_quantile,nonsentiment,50,log_return,105.56999969482422,105.72074302744569,-0.15074333262147377,0.15074333262147377
2023-08-11 00:00:00+00:00,MRK,gbm_quantile,nonsentiment,50,log_return,107.44000244140624,105.58595864793276,1.8540437934734797,1.8540437934734797
2023-08-14 00:00:00+00:00,MRK,gbm_quantile,nonsentiment,50,log_return,108.91000366210938,107.20275798920014,1.707245672909238,1.707245672909238
2023-08-15 00:00:00+00:00,MRK,gbm_quantile,nonsentiment,50,log_return,108.66000366210938,108.62142191882722,0.03858174328215114,0.03858174328215114
2023-08-16 00:00:00+00:00,MRK,gbm_quantile,nonsentiment,50,log_return,108.7300033569336,108.33519331532388,0.3948100416097162,0.3948100416097162
2023-08-17 00:00:00+00:00,MRK,gbm_quantile,nonsentiment,50,log_return,108.91999816894533,108.61777263493188,0.302225534013445,0.302225534013445
2023-08-18 00:00:00+00:00,MRK,gbm_quantile,nonsentiment,50,log_return,109.1999969482422,108.44158182104198,0.7584151272002231,0.7584151272002231
2023-08-21 00:00:00+00:00,MRK,gbm_quantile,nonsentiment,50,log_return,109.63999938964844,109.21134645684052,0.42865293280792116,0.42865293280792116
2023-08-22 00:00:00+00:00,MRK,gbm_quantile,nonsentiment,50,log_return,107.2300033569336,109.59016797307594,-2.3601646161423417,2.3601646161423417
2023-08-23 00:00:00+00:00,MRK,gbm_quantile,nonsentiment,50,log_return,111.3000030517578,107.24002915855768,4.059973893200123,4.059973893200123
2023-08-24 00:00:00+00:00,MRK,gbm_quantile,nonsentiment,50,log_return,109.4499969482422,110.94176823025647,-1.4917712820142697,1.4917712820142697
2023-08-25 00:00:00+00:00,MRK,gbm_quantile,nonsentiment,50,log_return,110.20999908447266,109.4273278987359,0.7826711857367599,0.7826711857367599
2023-08-28 00:00:00+00:00,MRK,gbm_quantile,nonsentiment,50,log_return,108.93000030517578,110.07366952396576,-1.1436692187899808,1.1436692187899808
2023-08-29 00:00:00+00:00,MRK,gbm_quantile,nonsentiment,50,log_return,109.98999786376952,108.50939041477527,1.480607448994249,1.480607448994249
2023-08-30 00:00:00+00:00,MRK,gbm_quantile,nonsentiment,50,log_return,110.20999908447266,109.70393061602357,0.5060684684490866,0.5060684684490866
2023-08-31 00:00:00+00:00,MRK,gbm_quantile,nonsentiment,50,log_return,108.9800033569336,110.16608573141676,-1.1860823744831634,1.1860823744831634
2023-09-01 00:00:00+00:00,MRK,gbm_quantile,nonsentiment,50,log_return,109.83999633789062,108.97048596085756,0.8695103770330661,0.8695103770330661
2023-09-05 00:00:00+00:00,MRK,gbm_quantile,nonsentiment,50,log_return,107.51000213623048,109.3684528927928,-1.8584507565623198,1.8584507565623198
2023-09-06 00:00:00+00:00,MRK,gbm_quantile,nonsentiment,50,log_return,106.48999786376952,107.19670176882344,-0.7067039050539279,0.7067039050539279
2023-09-07 00:00:00+00:00,MRK,gbm_quantile,nonsentiment,50,log_return,107.94000244140624,106.32734737777389,1.6126550636323458,1.6126550636323458
2023-09-08 00:00:00+00:00,MRK,gbm_quantile,nonsentiment,50,log_return,109.0500030517578,107.95759153237361,1.0924115193841857,1.0924115193841857
2023-09-11 00:00:00+00:00,MRK,gbm_quantile,nonsentiment,50,log_return,108.5999984741211,109.02727318566278,-0.42727471154168484,0.42727471154168484
2023-09-12 00:00:00+00:00,MRK,gbm_quantile,nonsentiment,50,log_return,109.0199966430664,108.29147857418442,0.7285180688819821,0.7285180688819821
2023-09-13 00:00:00+00:00,MRK,gbm_quantile,nonsentiment,50,log_return,107.80999755859376,108.80145800107714,-0.9914604424833726,0.9914604424833726
2023-09-14 00:00:00+00:00,MRK,gbm_quantile,nonsentiment,50,log_return,108.23999786376952,107.9832693228888,0.2567285408807152,0.2567285408807152
2023-09-15 00:00:00+00:00,MRK,gbm_quantile,nonsentiment,50,log_return,107.5199966430664,108.12103608835677,-0.6010394452903682,0.6010394452903682
2023-09-18 00:00:00+00:00,MRK,gbm_quantile,nonsentiment,50,log_return,107.81999969482422,107.44584417199094,0.37415552283327713,0.37415552283327713
2023-09-19 00:00:00+00:00,MRK,gbm_quantile,nonsentiment,50,log_return,107.36000061035156,107.75602160839581,-0.39602099804424995,0.39602099804424995
2023-09-20 00:00:00+00:00,MRK,gbm_quantile,nonsentiment,50,log_return,107.30999755859376,107.38944625538414,-0.07944869679037936,0.07944869679037936
2023-09-21 00:00:00+00:00,MRK,gbm_quantile,nonsentiment,50,log_return,106.7300033569336,106.89629162032419,-0.166288263390598,0.166288263390598
2023-09-22 00:00:00+00:00,MRK,gbm_quantile,nonsentiment,50,log_return,106.33999633789062,106.76318312844269,-0.4231867905520659,0.4231867905520659
2023-09-25 00:00:00+00:00,MRK,gbm_quantile,nonsentiment,50,log_return,105.83999633789062,106.39632424777753,-0.5563279098869032,0.5563279098869032
2023-09-26 00:00:00+00:00,MRK,gbm_quantile,nonsentiment,50,log_return,105.38999938964844,106.03390319875349,-0.6439038091050548,0.6439038091050548
2023-09-27 00:00:00+00:00,MRK,gbm_quantile,nonsentiment,50,log_return,103.94000244140624,105.5023841669238,-1.562381725517568,1.562381725517568
2023-09-28 00:00:00+00:00,MRK,gbm_quantile,nonsentiment,50,log_return,104.3000030517578,103.86132345262455,0.43867959913325194,0.43867959913325194
2023-09-29 00:00:00+00:00,MRK,gbm_quantile,nonsentiment,50,log_return,102.9499969482422,103.8054318742932,-0.8554349260510037,0.8554349260510037
2023-10-02 00:00:00+00:00,MRK,gbm_quantile,nonsentiment,50,log_return,102.5500030517578,102.94107095905521,-0.3910679072974119,0.3910679072974119
2023-10-03 00:00:00+00:00,MRK,gbm_quantile,nonsentiment,50,log_return,101.7699966430664,102.3943461988842,-0.624349555817787,0.624349555817787
2023-10-04 00:00:00+00:00,MRK,gbm_quantile,nonsentiment,50,log_return,102.16999816894533,101.71973905393416,0.4502591150111641,0.4502591150111641
2023-10-05 00:00:00+00:00,MRK,gbm_quantile,nonsentiment,50,log_return,103.5999984741211,101.73448749167707,1.8655109824440217,1.8655109824440217
2023-10-06 00:00:00+00:00,MRK,gbm_quantile,nonsentiment,50,log_return,103.87999725341795,103.58406054777714,0.29593670564081265,0.29593670564081265
2023-10-09 00:00:00+00:00,MRK,gbm_quantile,nonsentiment,50,log_return,104.5,103.86531613514221,0.6346838648577915,0.6346838648577915
2023-10-10 00:00:00+00:00,MRK,gbm_quantile,nonsentiment,50,log_return,103.61000061035156,104.46598887668792,-0.8559882663363538,0.8559882663363538
2023-10-11 00:00:00+00:00,MRK,gbm_quantile,nonsentiment,50,log_return,103.45999908447266,103.55800289054083,-0.09800380606817782,0.09800380606817782
2023-10-12 00:00:00+00:00,MRK,gbm_quantile,nonsentiment,50,log_return,103.58999633789062,103.51202125079689,0.07797508709373346,0.07797508709373346
2023-10-13 00:00:00+00:00,MRK,gbm_quantile,nonsentiment,50,log_return,104.01000213623048,102.96695388793081,1.0430482482996695,1.0430482482996695
2023-10-16 00:00:00+00:00,MRK,gbm_quantile,nonsentiment,50,log_return,104.13999938964844,103.96835922407803,0.17164016557040895,0.17164016557040895
2023-10-17 00:00:00+00:00,MRK,gbm_quantile,nonsentiment,50,log_return,104.16999816894533,104.0935043661887,0.0764938027566302,0.0764938027566302
2023-10-18 00:00:00+00:00,MRK,gbm_quantile,nonsentiment,50,log_return,101.98999786376952,104.0841345195388,-2.094136655769276,2.094136655769276
2023-10-19 00:00:00+00:00,MRK,gbm_quantile,nonsentiment,50,log_return,100.43000030517578,101.95877428991236,-1.5287739847365742,1.5287739847365742
2023-10-20 00:00:00+00:00,MRK,gbm_quantile,nonsentiment,50,log_return,102.66999816894533,100.51506433927953,2.1549338296657936,2.1549338296657936
2023-10-23 00:00:00+00:00,MRK,gbm_quantile,nonsentiment,50,log_return,103.3499984741211,102.7405631474999,0.6094353266211954,0.6094353266211954
2023-10-24 00:00:00+00:00,MRK,gbm_quantile,nonsentiment,50,log_return,103.02999877929688,103.37735807696092,-0.34735929766404183,0.34735929766404183
2023-10-25 00:00:00+00:00,MRK,gbm_quantile,nonsentiment,50,log_return,103.62999725341795,102.87865546687024,0.7513417865477123,0.7513417865477123
2023-10-26 00:00:00+00:00,MRK,gbm_quantile,nonsentiment,50,log_return,105.5500030517578,103.37048221811291,2.1795208336448866,2.1795208336448866
2023-10-27 00:00:00+00:00,MRK,gbm_quantile,nonsentiment,50,log_return,102.81999969482422,105.48142820437153,-2.6614285095473065,2.6614285095473065
2023-10-30 00:00:00+00:00,MRK,gbm_quantile,nonsentiment,50,log_return,102.68000030517578,102.7137808455884,-0.03378054041262146,0.03378054041262146
2023-10-31 00:00:00+00:00,MRK,gbm_quantile,nonsentiment,50,log_return,102.6999969482422,102.59181667528638,0.10818027295582056,0.10818027295582056
2023-11-01 00:00:00+00:00,MRK,gbm_quantile,nonsentiment,50,log_return,102.8499984741211,102.71633175381342,0.1336667203076729,0.1336667203076729
2023-11-02 00:00:00+00:00,MRK,gbm_quantile,nonsentiment,50,log_return,102.8499984741211,102.85108453708882,-0.0010860629677296174,0.0010860629677296174
2023-11-03 00:00:00+00:00,MRK,gbm_quantile,nonsentiment,50,log_return,103.37999725341795,102.80027865776425,0.5797185956537021,0.5797185956537021
2023-11-06 00:00:00+00:00,MRK,gbm_quantile,nonsentiment,50,log_return,104.33999633789062,103.2256794533864,1.1143168845042197,1.1143168845042197
2023-11-07 00:00:00+00:00,MRK,gbm_quantile,nonsentiment,50,log_return,104.0,104.03136264546268,-0.03136264546267853,0.03136264546267853
2023-11-08 00:00:00+00:00,MRK,gbm_quantile,nonsentiment,50,log_return,104.4000015258789,103.8785946086526,0.521406917226301,0.521406917226301
2023-11-09 00:00:00+00:00,MRK,gbm_quantile,nonsentiment,50,log_return,102.37999725341795,104.2083437151302,-1.8283464617122434,1.8283464617122434
2023-11-10 00:00:00+00:00,MRK,gbm_quantile,nonsentiment,50,log_return,101.38999938964844,102.37755787864165,-0.9875584889932156,0.9875584889932156
2023-11-13 00:00:00+00:00,MRK,gbm_quantile,nonsentiment,50,log_return,102.47000122070312,101.1688151795226,1.3011860411805287,1.3011860411805287
2023-11-14 00:00:00+00:00,MRK,gbm_quantile,nonsentiment,50,log_return,102.16999816894533,102.40495383740354,-0.23495566845821259,0.23495566845821259
2023-11-15 00:00:00+00:00,MRK,gbm_quantile,nonsentiment,50,log_return,101.3499984741211,102.22070364171942,-0.8707051675983308,0.8707051675983308
2023-11-16 00:00:00+00:00,MRK,gbm_quantile,nonsentiment,50,log_return,101.98999786376952,101.38698873111518,0.6030091326543356,0.6030091326543356
2023-11-17 00:00:00+00:00,MRK,gbm_quantile,nonsentiment,50,log_return,101.75,101.60092588370233,0.14907411629766898,0.14907411629766898
2023-11-20 00:00:00+00:00,MRK,gbm_quantile,nonsentiment,50,log_return,102.68000030517578,101.22103992818369,1.4589603769920956,1.4589603769920956
2023-11-21 00:00:00+00:00,MRK,gbm_quantile,nonsentiment,50,log_return,102.20999908447266,102.42103353141957,-0.2110344469469112,0.2110344469469112
2023-11-22 00:00:00+00:00,MRK,gbm_quantile,nonsentiment,50,log_return,101.68000030517578,102.06676037711487,-0.38676007193909356,0.38676007193909356
2023-11-24 00:00:00+00:00,MRK,gbm_quantile,nonsentiment,50,log_return,101.87000274658205,101.23059287351089,0.639409873071159,0.639409873071159
2023-11-27 00:00:00+00:00,MRK,gbm_quantile,nonsentiment,50,log_return,101.43000030517578,101.47496779627932,-0.044967491103534485,0.044967491103534485
2023-11-28 00:00:00+00:00,MRK,gbm_quantile,nonsentiment,50,log_return,100.18000030517578,101.34573981822322,-1.1657395130474413,1.1657395130474413
2023-11-29 00:00:00+00:00,MRK,gbm_quantile,nonsentiment,50,log_return,101.12999725341795,100.06199427997636,1.068002973441594,1.068002973441594
2023-11-30 00:00:00+00:00,MRK,gbm_quantile,nonsentiment,50,log_return,102.4800033569336,100.9548592297816,1.5251441271519894,1.5251441271519894
2023-12-01 00:00:00+00:00,MRK,gbm_quantile,nonsentiment,50,log_return,103.45999908447266,102.51396608671917,0.9460329977534911,0.9460329977534911
2023-12-04 00:00:00+00:00,MRK,gbm_quantile,nonsentiment,50,log_return,105.05999755859376,103.24647121580603,1.813526342787739,1.813526342787739
2023-12-05 00:00:00+00:00,MRK,gbm_quantile,nonsentiment,50,log_return,106.2300033569336,105.07922941089583,1.1507739460377593,1.1507739460377593
2023-12-06 00:00:00+00:00,MRK,gbm_quantile,nonsentiment,50,log_return,105.62999725341795,105.82296414890415,-0.19296689548619383,0.19296689548619383
2023-12-07 00:00:00+00:00,MRK,gbm_quantile,nonsentiment,50,log_return,103.87999725341795,105.06853312419189,-1.1885358707739329,1.1885358707739329
2023-12-08 00:00:00+00:00,MRK,gbm_quantile,nonsentiment,50,log_return,103.75,103.8749964694033,-0.12499646940329967,0.12499646940329967
2023-12-11 00:00:00+00:00,MRK,gbm_quantile,nonsentiment,50,log_return,104.37000274658205,103.79820269238434,0.5718000541977091,0.5718000541977091
2023-12-12 00:00:00+00:00,MRK,gbm_quantile,nonsentiment,50,log_return,104.36000061035156,104.24614851126589,0.11385209908567617,0.11385209908567617
2023-12-13 00:00:00+00:00,MRK,gbm_quantile,nonsentiment,50,log_return,107.11000061035156,104.20425556749888,2.9057450428526863,2.9057450428526863
2023-12-14 00:00:00+00:00,MRK,gbm_quantile,nonsentiment,50,log_return,105.87999725341795,106.98462580740382,-1.1046285539858616,1.1046285539858616
2023-12-15 00:00:00+00:00,MRK,gbm_quantile,nonsentiment,50,log_return,105.11000061035156,105.65900406164056,-0.5490034512889963,0.5490034512889963
