Date,Stock,Model,Mode,Lag_Count,Target_Transform,Actual,Predicted,Residual,Absolute_Error
2021-02-26 00:00:00+00:00,BRK-B,lightgbm_quantile,nonsentiment,20,difference,240.509994506836,243.62656603171746,-3.116571524881465,3.116571524881465
2021-03-01 00:00:00+00:00,BRK-B,lightgbm_quantile,nonsentiment,20,difference,249.2100067138672,239.90530786660074,9.304698847266451,9.304698847266451
2021-03-02 00:00:00+00:00,BRK-B,lightgbm_quantile,nonsentiment,20,difference,249.22000122070312,248.10669372535006,1.1133074953530695,1.1133074953530695
2021-03-03 00:00:00+00:00,BRK-B,lightgbm_quantile,nonsentiment,20,difference,251.5500030517578,250.06312575316818,1.4868772985896328,1.4868772985896328
2021-03-04 00:00:00+00:00,BRK-B,lightgbm_quantile,nonsentiment,20,difference,245.47999572753903,251.73718701646877,-6.257191288929732,6.257191288929732
2021-03-05 00:00:00+00:00,BRK-B,lightgbm_quantile,nonsentiment,20,difference,253.1499938964844,246.15392648081283,6.996067415671575,6.996067415671575
2021-03-08 00:00:00+00:00,BRK-B,lightgbm_quantile,nonsentiment,20,difference,257.6099853515625,253.27944337812582,4.330541973436681,4.330541973436681
2021-03-09 00:00:00+00:00,BRK-B,lightgbm_quantile,nonsentiment,20,difference,259.0199890136719,258.2414824210878,0.7785065925840513,0.7785065925840513
2021-03-10 00:00:00+00:00,BRK-B,lightgbm_quantile,nonsentiment,20,difference,263.989990234375,259.2448268382006,4.745163396174405,4.745163396174405
2021-03-11 00:00:00+00:00,BRK-B,lightgbm_quantile,nonsentiment,20,difference,260.9100036621094,263.8831305252165,-2.9731268631070975,2.9731268631070975
2021-03-12 00:00:00+00:00,BRK-B,lightgbm_quantile,nonsentiment,20,difference,260.0199890136719,260.7234191998742,-0.7034301862022971,0.7034301862022971
2021-03-15 00:00:00+00:00,BRK-B,lightgbm_quantile,nonsentiment,20,difference,254.6100006103516,260.00515213698765,-5.395151526636056,5.395151526636056
2021-03-16 00:00:00+00:00,BRK-B,lightgbm_quantile,nonsentiment,20,difference,251.5,255.5604985708957,-4.060498570895703,4.060498570895703
2021-03-17 00:00:00+00:00,BRK-B,lightgbm_quantile,nonsentiment,20,difference,252.0,253.09175657525628,-1.0917565752562837,1.0917565752562837
2021-03-18 00:00:00+00:00,BRK-B,lightgbm_quantile,nonsentiment,20,difference,252.4600067138672,253.21657952866462,-0.7565728147974369,0.7565728147974369
2021-03-19 00:00:00+00:00,BRK-B,lightgbm_quantile,nonsentiment,20,difference,250.9900054931641,252.85998877202684,-1.8699832788627475,1.8699832788627475
2021-03-22 00:00:00+00:00,BRK-B,lightgbm_quantile,nonsentiment,20,difference,250.3600006103516,251.52596208342413,-1.1659614730725423,1.1659614730725423
2021-03-23 00:00:00+00:00,BRK-B,lightgbm_quantile,nonsentiment,20,difference,248.3099975585937,250.37451394212198,-2.064516383528286,2.064516383528286
2021-03-24 00:00:00+00:00,BRK-B,lightgbm_quantile,nonsentiment,20,difference,249.6300048828125,248.45577727710173,1.1742276057107688,1.1742276057107688
2021-03-25 00:00:00+00:00,BRK-B,lightgbm_quantile,nonsentiment,20,difference,250.75,249.78233096107093,0.9676690389290741,0.9676690389290741
2021-03-26 00:00:00+00:00,BRK-B,lightgbm_quantile,nonsentiment,20,difference,256.7699890136719,252.2416888933947,4.52830012027718,4.52830012027718
2021-03-29 00:00:00+00:00,BRK-B,lightgbm_quantile,nonsentiment,20,difference,258.82000732421875,257.9444799301041,0.8755273941146697,0.8755273941146697
2021-03-30 00:00:00+00:00,BRK-B,lightgbm_quantile,nonsentiment,20,difference,258.19000244140625,258.7854956182601,-0.5954931768538358,0.5954931768538358
2021-03-31 00:00:00+00:00,BRK-B,lightgbm_quantile,nonsentiment,20,difference,255.47000122070312,259.2365788327852,-3.7665776120820738,3.7665776120820738
2021-04-01 00:00:00+00:00,BRK-B,lightgbm_quantile,nonsentiment,20,difference,258.20001220703125,256.15239153273706,2.047620674294194,2.047620674294194
2021-04-05 00:00:00+00:00,BRK-B,lightgbm_quantile,nonsentiment,20,difference,262.6600036621094,258.2458160760995,4.414187586009859,4.414187586009859
2021-04-06 00:00:00+00:00,BRK-B,lightgbm_quantile,nonsentiment,20,difference,263.0599975585937,263.66163991705946,-0.6016423584657673,0.6016423584657673
2021-04-07 00:00:00+00:00,BRK-B,lightgbm_quantile,nonsentiment,20,difference,263.6199951171875,264.80343954731006,-1.183444430122563,1.183444430122563
2021-04-08 00:00:00+00:00,BRK-B,lightgbm_quantile,nonsentiment,20,difference,263.510009765625,264.76929414894875,-1.2592843833237453,1.2592843833237453
2021-04-09 00:00:00+00:00,BRK-B,lightgbm_quantile,nonsentiment,20,difference,266.010009765625,264.6403525761415,1.3696571894835188,1.3696571894835188
2021-04-12 00:00:00+00:00,BRK-B,lightgbm_quantile,nonsentiment,20,difference,267.92999267578125,266.6522253853013,1.2777672904799715,1.2777672904799715
2021-04-13 00:00:00+00:00,BRK-B,lightgbm_quantile,nonsentiment,20,difference,267.1000061035156,269.4077198570241,-2.3077137535084944,2.3077137535084944
2021-04-14 00:00:00+00:00,BRK-B,lightgbm_quantile,nonsentiment,20,difference,267.5299987792969,267.058528882534,0.4714698967628692,0.4714698967628692
2021-04-15 00:00:00+00:00,BRK-B,lightgbm_quantile,nonsentiment,20,difference,269.1400146484375,267.5912567248982,1.5487579235393127,1.5487579235393127
2021-04-16 00:00:00+00:00,BRK-B,lightgbm_quantile,nonsentiment,20,difference,272.1099853515625,269.92736509386646,2.182620257696044,2.182620257696044
2021-04-19 00:00:00+00:00,BRK-B,lightgbm_quantile,nonsentiment,20,difference,270.2799987792969,272.93866775156727,-2.658668972270391,2.658668972270391
2021-04-20 00:00:00+00:00,BRK-B,lightgbm_quantile,nonsentiment,20,difference,267.8900146484375,271.3470667521999,-3.4570521037624076,3.4570521037624076
2021-04-21 00:00:00+00:00,BRK-B,lightgbm_quantile,nonsentiment,20,difference,272.2099914550781,268.520621297503,3.6893701575751265,3.6893701575751265
2021-04-22 00:00:00+00:00,BRK-B,lightgbm_quantile,nonsentiment,20,difference,269.510009765625,273.0967316915467,-3.5867219259217222,3.5867219259217222
2021-04-23 00:00:00+00:00,BRK-B,lightgbm_quantile,nonsentiment,20,difference,271.9800109863281,270.23778811734695,1.7422228689811732,1.7422228689811732
2021-04-26 00:00:00+00:00,BRK-B,lightgbm_quantile,nonsentiment,20,difference,270.8599853515625,272.71022155588224,-1.8502362043197422,1.8502362043197422
2021-04-27 00:00:00+00:00,BRK-B,lightgbm_quantile,nonsentiment,20,difference,273.6499938964844,271.64179435828964,2.008199538194731,2.008199538194731
2021-04-28 00:00:00+00:00,BRK-B,lightgbm_quantile,nonsentiment,20,difference,272.95001220703125,274.19656105911434,-1.2465488520830945,1.2465488520830945
2021-04-29 00:00:00+00:00,BRK-B,lightgbm_quantile,nonsentiment,20,difference,277.6000061035156,273.72666516148064,3.873340942034986,3.873340942034986
2021-04-30 00:00:00+00:00,BRK-B,lightgbm_quantile,nonsentiment,20,difference,274.95001220703125,278.29431154832696,-3.3442993412957094,3.3442993412957094
2021-05-03 00:00:00+00:00,BRK-B,lightgbm_quantile,nonsentiment,20,difference,279.17999267578125,275.211265829419,3.9687268463622445,3.9687268463622445
2021-05-04 00:00:00+00:00,BRK-B,lightgbm_quantile,nonsentiment,20,difference,280.260009765625,279.30974836470443,0.9502614009205672,0.9502614009205672
2021-05-05 00:00:00+00:00,BRK-B,lightgbm_quantile,nonsentiment,20,difference,282.760009765625,280.5711122164667,2.1888975491582983,2.1888975491582983
2021-05-06 00:00:00+00:00,BRK-B,lightgbm_quantile,nonsentiment,20,difference,289.7099914550781,283.02824905868283,6.681742396395293,6.681742396395293
2021-05-07 00:00:00+00:00,BRK-B,lightgbm_quantile,nonsentiment,20,difference,290.92999267578125,290.38006709749965,0.5499255782816022,0.5499255782816022
2021-05-10 00:00:00+00:00,BRK-B,lightgbm_quantile,nonsentiment,20,difference,292.3299865722656,291.47161979573747,0.8583667765281575,0.8583667765281575
2021-05-11 00:00:00+00:00,BRK-B,lightgbm_quantile,nonsentiment,20,difference,285.6300048828125,292.70323016795,-7.073225285137482,7.073225285137482
2021-05-12 00:00:00+00:00,BRK-B,lightgbm_quantile,nonsentiment,20,difference,282.9100036621094,286.15804397821483,-3.2480403161054596,3.2480403161054596
2021-05-13 00:00:00+00:00,BRK-B,lightgbm_quantile,nonsentiment,20,difference,286.8999938964844,283.5048011963686,3.3951927001157856,3.3951927001157856
2021-05-14 00:00:00+00:00,BRK-B,lightgbm_quantile,nonsentiment,20,difference,290.67999267578125,287.6540205124425,3.0259721633387358,3.0259721633387358
2021-05-17 00:00:00+00:00,BRK-B,lightgbm_quantile,nonsentiment,20,difference,289.2200012207031,291.44841363427327,-2.2284124135701404,2.2284124135701404
2021-05-18 00:00:00+00:00,BRK-B,lightgbm_quantile,nonsentiment,20,difference,287.5899963378906,290.03592009357254,-2.4459237556819176,2.4459237556819176
2021-05-19 00:00:00+00:00,BRK-B,lightgbm_quantile,nonsentiment,20,difference,286.2200012207031,288.3489620987357,-2.128960878032558,2.128960878032558
2021-05-20 00:00:00+00:00,BRK-B,lightgbm_quantile,nonsentiment,20,difference,286.7300109863281,286.4047081054939,0.3253028808342151,0.3253028808342151
2021-05-21 00:00:00+00:00,BRK-B,lightgbm_quantile,nonsentiment,20,difference,287.739990234375,287.46476683728935,0.2752233970856537,0.2752233970856537
2021-05-24 00:00:00+00:00,BRK-B,lightgbm_quantile,nonsentiment,20,difference,289.7300109863281,288.560217391467,1.169793594861119,1.169793594861119
2021-05-25 00:00:00+00:00,BRK-B,lightgbm_quantile,nonsentiment,20,difference,287.20001220703125,290.6966336720543,-3.496621465023054,3.496621465023054
2021-05-26 00:00:00+00:00,BRK-B,lightgbm_quantile,nonsentiment,20,difference,287.3299865722656,287.2223297111175,0.10765686114814343,0.10765686114814343
2021-05-27 00:00:00+00:00,BRK-B,lightgbm_quantile,nonsentiment,20,difference,289.29998779296875,288.0795801277598,1.2204076652089384,1.2204076652089384
2021-05-28 00:00:00+00:00,BRK-B,lightgbm_quantile,nonsentiment,20,difference,289.44000244140625,289.7055774336043,-0.26557499219802594,0.26557499219802594
2021-06-01 00:00:00+00:00,BRK-B,lightgbm_quantile,nonsentiment,20,difference,289.8399963378906,289.97176917348185,-0.13177283559122088,0.13177283559122088
2021-06-02 00:00:00+00:00,BRK-B,lightgbm_quantile,nonsentiment,20,difference,290.0199890136719,290.93195989306633,-0.9119708793944596,0.9119708793944596
2021-06-03 00:00:00+00:00,BRK-B,lightgbm_quantile,nonsentiment,20,difference,291.9700012207031,290.8496019776625,1.1203992430406515,1.1203992430406515
2021-06-04 00:00:00+00:00,BRK-B,lightgbm_quantile,nonsentiment,20,difference,292.5199890136719,292.8325046853079,-0.3125156716360493,0.3125156716360493
2021-06-07 00:00:00+00:00,BRK-B,lightgbm_quantile,nonsentiment,20,difference,289.4599914550781,293.67234552047194,-4.212354065393811,4.212354065393811
2021-06-08 00:00:00+00:00,BRK-B,lightgbm_quantile,nonsentiment,20,difference,289.19000244140625,290.10676060400044,-0.9167581625941921,0.9167581625941921
2021-06-09 00:00:00+00:00,BRK-B,lightgbm_quantile,nonsentiment,20,difference,288.5799865722656,289.9898958778812,-1.4099093056155994,1.4099093056155994
2021-06-10 00:00:00+00:00,BRK-B,lightgbm_quantile,nonsentiment,20,difference,284.9100036621094,289.7134703082585,-4.803466646149104,4.803466646149104
2021-06-11 00:00:00+00:00,BRK-B,lightgbm_quantile,nonsentiment,20,difference,286.82000732421875,285.5591959929652,1.2608113312535352,1.2608113312535352
2021-06-14 00:00:00+00:00,BRK-B,lightgbm_quantile,nonsentiment,20,difference,283.5299987792969,287.27433843353026,-3.7443396542333858,3.7443396542333858
2021-06-15 00:00:00+00:00,BRK-B,lightgbm_quantile,nonsentiment,20,difference,283.94000244140625,284.0562702864423,-0.11626784503607723,0.11626784503607723
2021-06-16 00:00:00+00:00,BRK-B,lightgbm_quantile,nonsentiment,20,difference,283.1099853515625,284.8400035492703,-1.7300181977078068,1.7300181977078068
2021-06-17 00:00:00+00:00,BRK-B,lightgbm_quantile,nonsentiment,20,difference,278.69000244140625,283.70382131430637,-5.013818872900117,5.013818872900117
2021-06-18 00:00:00+00:00,BRK-B,lightgbm_quantile,nonsentiment,20,difference,274.0400085449219,279.7984533699937,-5.75844482507182,5.75844482507182
2021-06-21 00:00:00+00:00,BRK-B,lightgbm_quantile,nonsentiment,20,difference,277.1000061035156,274.2163585292091,2.883647574306508,2.883647574306508
2021-06-22 00:00:00+00:00,BRK-B,lightgbm_quantile,nonsentiment,20,difference,276.9200134277344,277.3705290629,-0.45051563516562965,0.45051563516562965
2021-06-23 00:00:00+00:00,BRK-B,lightgbm_quantile,nonsentiment,20,difference,274.6600036621094,277.2899437678403,-2.6299401057309524,2.6299401057309524
2021-06-24 00:00:00+00:00,BRK-B,lightgbm_quantile,nonsentiment,20,difference,275.489990234375,274.970123087048,0.5198671473269769,0.5198671473269769
2021-06-25 00:00:00+00:00,BRK-B,lightgbm_quantile,nonsentiment,20,difference,278.3800048828125,276.0852496104721,2.29475527234041,2.29475527234041
2021-06-28 00:00:00+00:00,BRK-B,lightgbm_quantile,nonsentiment,20,difference,276.6099853515625,278.9696110550997,-2.3596257035371764,2.3596257035371764
2021-06-29 00:00:00+00:00,BRK-B,lightgbm_quantile,nonsentiment,20,difference,276.2099914550781,277.28180687912794,-1.0718154240498166,1.0718154240498166
2021-06-30 00:00:00+00:00,BRK-B,lightgbm_quantile,nonsentiment,20,difference,277.9200134277344,276.6453980289717,1.2746153987626485,1.2746153987626485
2021-07-01 00:00:00+00:00,BRK-B,lightgbm_quantile,nonsentiment,20,difference,280.1700134277344,278.5431645236836,1.626848904050803,1.626848904050803
2021-07-02 00:00:00+00:00,BRK-B,lightgbm_quantile,nonsentiment,20,difference,279.1199951171875,279.9093801775627,-0.7893850603751957,0.7893850603751957
2021-07-06 00:00:00+00:00,BRK-B,lightgbm_quantile,nonsentiment,20,difference,277.32000732421875,280.3342479110368,-3.0142405868180617,3.0142405868180617
2021-07-07 00:00:00+00:00,BRK-B,lightgbm_quantile,nonsentiment,20,difference,279.239990234375,278.2237249187609,1.0162653156140777,1.0162653156140777
2021-07-08 00:00:00+00:00,BRK-B,lightgbm_quantile,nonsentiment,20,difference,274.1000061035156,280.414531809406,-6.314525705890389,6.314525705890389
2021-07-09 00:00:00+00:00,BRK-B,lightgbm_quantile,nonsentiment,20,difference,280.489990234375,274.83063322217106,5.659357012203941,5.659357012203941
2021-07-12 00:00:00+00:00,BRK-B,lightgbm_quantile,nonsentiment,20,difference,280.1099853515625,281.0907703966318,-0.9807850450692968,0.9807850450692968
2021-07-13 00:00:00+00:00,BRK-B,lightgbm_quantile,nonsentiment,20,difference,279.2099914550781,281.15682830758465,-1.9468368525065216,1.9468368525065216
2021-07-14 00:00:00+00:00,BRK-B,lightgbm_quantile,nonsentiment,20,difference,278.3099975585937,280.0595222242603,-1.7495246656666268,1.7495246656666268
2021-07-15 00:00:00+00:00,BRK-B,lightgbm_quantile,nonsentiment,20,difference,279.7200012207031,279.21607948859,0.5039217321130991,0.5039217321130991
2021-07-16 00:00:00+00:00,BRK-B,lightgbm_quantile,nonsentiment,20,difference,277.8999938964844,280.8095466074693,-2.90955271098494,2.90955271098494
2021-07-19 00:00:00+00:00,BRK-B,lightgbm_quantile,nonsentiment,20,difference,272.6600036621094,278.75491525928817,-6.094911597178793,6.094911597178793
2021-07-20 00:00:00+00:00,BRK-B,lightgbm_quantile,nonsentiment,20,difference,276.8900146484375,273.4129117913472,3.4771028570903013,3.4771028570903013
2021-07-21 00:00:00+00:00,BRK-B,lightgbm_quantile,nonsentiment,20,difference,279.8800048828125,277.6517142476645,2.228290635148028,2.228290635148028
2021-07-22 00:00:00+00:00,BRK-B,lightgbm_quantile,nonsentiment,20,difference,277.70001220703125,280.69597697027837,-2.995964763247116,2.995964763247116
2021-07-23 00:00:00+00:00,BRK-B,lightgbm_quantile,nonsentiment,20,difference,278.489990234375,278.73146003710406,-0.24146980272905694,0.24146980272905694
2021-07-26 00:00:00+00:00,BRK-B,lightgbm_quantile,nonsentiment,20,difference,278.79998779296875,279.121743355105,-0.3217555621362749,0.3217555621362749
2021-07-27 00:00:00+00:00,BRK-B,lightgbm_quantile,nonsentiment,20,difference,280.7799987792969,279.5478045238053,1.2321942554915495,1.2321942554915495
2021-07-28 00:00:00+00:00,BRK-B,lightgbm_quantile,nonsentiment,20,difference,278.1000061035156,281.6999439472665,-3.5999378437508653,3.5999378437508653
2021-07-29 00:00:00+00:00,BRK-B,lightgbm_quantile,nonsentiment,20,difference,279.760009765625,278.7447142784362,1.01529548718878,1.01529548718878
2021-07-30 00:00:00+00:00,BRK-B,lightgbm_quantile,nonsentiment,20,difference,278.2900085449219,280.5184303462387,-2.228421801316813,2.228421801316813
2021-08-02 00:00:00+00:00,BRK-B,lightgbm_quantile,nonsentiment,20,difference,278.1400146484375,278.7818959114778,-0.6418812630403181,0.6418812630403181
2021-08-03 00:00:00+00:00,BRK-B,lightgbm_quantile,nonsentiment,20,difference,281.79998779296875,279.1214893660405,2.678498426928229,2.678498426928229
2021-08-04 00:00:00+00:00,BRK-B,lightgbm_quantile,nonsentiment,20,difference,278.7799987792969,282.4263613057909,-3.6463625264940447,3.6463625264940447
2021-08-05 00:00:00+00:00,BRK-B,lightgbm_quantile,nonsentiment,20,difference,280.2099914550781,279.5868331005863,0.6231583544918067,0.6231583544918067
2021-08-06 00:00:00+00:00,BRK-B,lightgbm_quantile,nonsentiment,20,difference,285.6300048828125,280.80206954699946,4.827935335813038,4.827935335813038
2021-08-09 00:00:00+00:00,BRK-B,lightgbm_quantile,nonsentiment,20,difference,287.2300109863281,286.1822349613466,1.0477760249815447,1.0477760249815447
2021-08-10 00:00:00+00:00,BRK-B,lightgbm_quantile,nonsentiment,20,difference,288.94000244140625,287.77099397864725,1.1690084627589954,1.1690084627589954
2021-08-11 00:00:00+00:00,BRK-B,lightgbm_quantile,nonsentiment,20,difference,291.2799987792969,289.7595702789025,1.5204285003943596,1.5204285003943596
2021-08-12 00:00:00+00:00,BRK-B,lightgbm_quantile,nonsentiment,20,difference,290.239990234375,292.0435712472793,-1.803581012904317,1.803581012904317
2021-08-13 00:00:00+00:00,BRK-B,lightgbm_quantile,nonsentiment,20,difference,287.8900146484375,290.9513156242431,-3.0613009758055796,3.0613009758055796
2021-08-16 00:00:00+00:00,BRK-B,lightgbm_quantile,nonsentiment,20,difference,289.45001220703125,288.66945532629734,0.7805568807339114,0.7805568807339114
2021-08-17 00:00:00+00:00,BRK-B,lightgbm_quantile,nonsentiment,20,difference,289.1000061035156,290.0895351747074,-0.9895290711917824,0.9895290711917824
2021-08-18 00:00:00+00:00,BRK-B,lightgbm_quantile,nonsentiment,20,difference,286.3599853515625,289.18680783425106,-2.8268224826885557,2.8268224826885557
2021-08-19 00:00:00+00:00,BRK-B,lightgbm_quantile,nonsentiment,20,difference,285.1300048828125,286.46257628728375,-1.3325714044712527,1.3325714044712527
2021-08-20 00:00:00+00:00,BRK-B,lightgbm_quantile,nonsentiment,20,difference,285.2699890136719,285.57266705523466,-0.30267804156278544,0.30267804156278544
2021-08-23 00:00:00+00:00,BRK-B,lightgbm_quantile,nonsentiment,20,difference,285.6199951171875,285.63172430903103,-0.011729191843528497,0.011729191843528497
2021-08-24 00:00:00+00:00,BRK-B,lightgbm_quantile,nonsentiment,20,difference,286.0199890136719,286.0246816254376,-0.004692611765733545,0.004692611765733545
2021-08-25 00:00:00+00:00,BRK-B,lightgbm_quantile,nonsentiment,20,difference,287.29998779296875,286.63152641293897,0.6684613800297825,0.6684613800297825
2021-08-26 00:00:00+00:00,BRK-B,lightgbm_quantile,nonsentiment,20,difference,285.2699890136719,287.75222203016966,-2.482233016497787,2.482233016497787
2021-08-27 00:00:00+00:00,BRK-B,lightgbm_quantile,nonsentiment,20,difference,286.6000061035156,285.8696501583207,0.7303559451949013,0.7303559451949013
2021-08-30 00:00:00+00:00,BRK-B,lightgbm_quantile,nonsentiment,20,difference,285.6600036621094,286.9436195134779,-1.2836158513685518,1.2836158513685518
2021-08-31 00:00:00+00:00,BRK-B,lightgbm_quantile,nonsentiment,20,difference,285.7699890136719,286.3218817228395,-0.551892709167646,0.551892709167646
2021-09-01 00:00:00+00:00,BRK-B,lightgbm_quantile,nonsentiment,20,difference,285.260009765625,286.1778330874367,-0.9178233218116816,0.9178233218116816
2021-09-02 00:00:00+00:00,BRK-B,lightgbm_quantile,nonsentiment,20,difference,285.04998779296875,285.86521510235684,-0.8152273093880922,0.8152273093880922
2021-09-03 00:00:00+00:00,BRK-B,lightgbm_quantile,nonsentiment,20,difference,281.8900146484375,285.91193794325665,-4.021923294819146,4.021923294819146
2021-09-07 00:00:00+00:00,BRK-B,lightgbm_quantile,nonsentiment,20,difference,278.8999938964844,282.24949494118056,-3.349501044696183,3.349501044696183
2021-09-08 00:00:00+00:00,BRK-B,lightgbm_quantile,nonsentiment,20,difference,279.3399963378906,279.3631369987438,-0.023140660853187,0.023140660853187
2021-09-09 00:00:00+00:00,BRK-B,lightgbm_quantile,nonsentiment,20,difference,278.6099853515625,279.6568381543886,-1.0468528028260948,1.0468528028260948
2021-09-10 00:00:00+00:00,BRK-B,lightgbm_quantile,nonsentiment,20,difference,277.6000061035156,279.3162268350871,-1.7162207315714681,1.7162207315714681
2021-09-13 00:00:00+00:00,BRK-B,lightgbm_quantile,nonsentiment,20,difference,279.9200134277344,278.1776142046783,1.7423992230560543,1.7423992230560543
2021-09-14 00:00:00+00:00,BRK-B,lightgbm_quantile,nonsentiment,20,difference,277.20001220703125,280.0797396914564,-2.879727484425132,2.879727484425132
2021-09-15 00:00:00+00:00,BRK-B,lightgbm_quantile,nonsentiment,20,difference,278.17999267578125,277.35558850352623,0.824404172255015,0.824404172255015
2021-09-16 00:00:00+00:00,BRK-B,lightgbm_quantile,nonsentiment,20,difference,277.510009765625,278.72961430229293,-1.21960453666793,1.21960453666793
2021-09-17 00:00:00+00:00,BRK-B,lightgbm_quantile,nonsentiment,20,difference,276.760009765625,278.0000724810817,-1.2400627154567019,1.2400627154567019
2021-09-20 00:00:00+00:00,BRK-B,lightgbm_quantile,nonsentiment,20,difference,274.20001220703125,276.9691329566666,-2.7691207496353627,2.7691207496353627
2021-09-21 00:00:00+00:00,BRK-B,lightgbm_quantile,nonsentiment,20,difference,273.17999267578125,273.696580735891,-0.5165880601097683,0.5165880601097683
2021-09-22 00:00:00+00:00,BRK-B,lightgbm_quantile,nonsentiment,20,difference,274.07000732421875,273.7079574533012,0.3620498709175308,0.3620498709175308
2021-09-23 00:00:00+00:00,BRK-B,lightgbm_quantile,nonsentiment,20,difference,278.1199951171875,274.13372461914685,3.9862704980406534,3.9862704980406534
2021-09-24 00:00:00+00:00,BRK-B,lightgbm_quantile,nonsentiment,20,difference,277.8699951171875,278.7954105935175,-0.925415476329988,0.925415476329988
2021-09-27 00:00:00+00:00,BRK-B,lightgbm_quantile,nonsentiment,20,difference,279.7200012207031,278.7202744232767,0.9997267974264332,0.9997267974264332
2021-09-28 00:00:00+00:00,BRK-B,lightgbm_quantile,nonsentiment,20,difference,276.7900085449219,280.84821637846755,-4.05820783354568,4.05820783354568
2021-09-29 00:00:00+00:00,BRK-B,lightgbm_quantile,nonsentiment,20,difference,277.2900085449219,277.70624943457034,-0.4162408896484635,0.4162408896484635
2021-09-30 00:00:00+00:00,BRK-B,lightgbm_quantile,nonsentiment,20,difference,272.94000244140625,277.6532665743818,-4.713264132975553,4.713264132975553
2021-10-01 00:00:00+00:00,BRK-B,lightgbm_quantile,nonsentiment,20,difference,275.7099914550781,273.50524257187095,2.2047488832071735,2.2047488832071735
2021-10-04 00:00:00+00:00,BRK-B,lightgbm_quantile,nonsentiment,20,difference,273.6400146484375,276.4982974029362,-2.8582827544987026,2.8582827544987026
2021-10-05 00:00:00+00:00,BRK-B,lightgbm_quantile,nonsentiment,20,difference,278.04998779296875,274.3241997169045,3.725788076064248,3.725788076064248
2021-10-06 00:00:00+00:00,BRK-B,lightgbm_quantile,nonsentiment,20,difference,280.2200012207031,279.14028833519757,1.0797128855055576,1.0797128855055576
2021-10-07 00:00:00+00:00,BRK-B,lightgbm_quantile,nonsentiment,20,difference,282.95001220703125,280.6302381367695,2.319774070261758,2.319774070261758
2021-10-08 00:00:00+00:00,BRK-B,lightgbm_quantile,nonsentiment,20,difference,284.1400146484375,283.8801468948758,0.2598677535617071,0.2598677535617071
2021-10-11 00:00:00+00:00,BRK-B,lightgbm_quantile,nonsentiment,20,difference,280.92999267578125,285.49440909491585,-4.564416419134602,4.564416419134602
2021-10-12 00:00:00+00:00,BRK-B,lightgbm_quantile,nonsentiment,20,difference,278.6199951171875,281.8631730886729,-3.2431779714854088,3.2431779714854088
2021-10-13 00:00:00+00:00,BRK-B,lightgbm_quantile,nonsentiment,20,difference,277.8999938964844,279.5852360688233,-1.685242172338917,1.685242172338917
2021-10-14 00:00:00+00:00,BRK-B,lightgbm_quantile,nonsentiment,20,difference,281.6400146484375,279.24107827252715,2.3989363759103526,2.3989363759103526
2021-10-15 00:00:00+00:00,BRK-B,lightgbm_quantile,nonsentiment,20,difference,284.2099914550781,282.62807749143485,1.5819139636432737,1.5819139636432737
2021-10-18 00:00:00+00:00,BRK-B,lightgbm_quantile,nonsentiment,20,difference,282.5899963378906,284.7952735760423,-2.205277238151666,2.205277238151666
2021-10-19 00:00:00+00:00,BRK-B,lightgbm_quantile,nonsentiment,20,difference,284.8299865722656,283.2494519901135,1.5805345821520973,1.5805345821520973
2021-10-20 00:00:00+00:00,BRK-B,lightgbm_quantile,nonsentiment,20,difference,287.489990234375,285.7027152971813,1.787274937193672,1.787274937193672
2021-10-21 00:00:00+00:00,BRK-B,lightgbm_quantile,nonsentiment,20,difference,286.82000732421875,288.5069983208355,-1.686990996616771,1.686990996616771
2021-10-22 00:00:00+00:00,BRK-B,lightgbm_quantile,nonsentiment,20,difference,289.239990234375,287.5100616146,1.7299286197750234,1.7299286197750234
2021-10-25 00:00:00+00:00,BRK-B,lightgbm_quantile,nonsentiment,20,difference,290.260009765625,289.7667141809778,0.4932955846472282,0.4932955846472282
2021-10-26 00:00:00+00:00,BRK-B,lightgbm_quantile,nonsentiment,20,difference,290.8500061035156,291.2215501222048,-0.3715440186891783,0.3715440186891783
2021-10-27 00:00:00+00:00,BRK-B,lightgbm_quantile,nonsentiment,20,difference,287.7799987792969,291.5983802704939,-3.8183814911970444,3.8183814911970444
2021-10-28 00:00:00+00:00,BRK-B,lightgbm_quantile,nonsentiment,20,difference,289.7200012207031,288.2582557671776,1.4617454535255092,1.4617454535255092
2021-10-29 00:00:00+00:00,BRK-B,lightgbm_quantile,nonsentiment,20,difference,287.010009765625,290.4776843958782,-3.4676746302532138,3.4676746302532138
2021-11-01 00:00:00+00:00,BRK-B,lightgbm_quantile,nonsentiment,20,difference,286.239990234375,287.4593479210589,-1.2193576866839066,1.2193576866839066
2021-11-02 00:00:00+00:00,BRK-B,lightgbm_quantile,nonsentiment,20,difference,287.92999267578125,286.84605190514327,1.0839407706379802,1.0839407706379802
2021-11-03 00:00:00+00:00,BRK-B,lightgbm_quantile,nonsentiment,20,difference,288.7200012207031,288.57711530184304,0.14288591886008817,0.14288591886008817
2021-11-04 00:00:00+00:00,BRK-B,lightgbm_quantile,nonsentiment,20,difference,287.69000244140625,289.2687990280377,-1.5787965866314266,1.5787965866314266
2021-11-05 00:00:00+00:00,BRK-B,lightgbm_quantile,nonsentiment,20,difference,287.8800048828125,287.8108482437531,0.06915663905937208,0.06915663905937208
2021-11-08 00:00:00+00:00,BRK-B,lightgbm_quantile,nonsentiment,20,difference,288.79998779296875,288.04108932100553,0.7588984719632208,0.7588984719632208
2021-11-09 00:00:00+00:00,BRK-B,lightgbm_quantile,nonsentiment,20,difference,286.3500061035156,289.43289516616085,-3.082889062645222,3.082889062645222
2021-11-10 00:00:00+00:00,BRK-B,lightgbm_quantile,nonsentiment,20,difference,285.32000732421875,286.8740699955234,-1.5540626713046777,1.5540626713046777
2021-11-11 00:00:00+00:00,BRK-B,lightgbm_quantile,nonsentiment,20,difference,284.6499938964844,285.84593073320445,-1.1959368367200796,1.1959368367200796
2021-11-12 00:00:00+00:00,BRK-B,lightgbm_quantile,nonsentiment,20,difference,285.989990234375,285.4250959429931,0.5648942913819042,0.5648942913819042
2021-11-15 00:00:00+00:00,BRK-B,lightgbm_quantile,nonsentiment,20,difference,284.6700134277344,286.5249251353618,-1.8549117076274229,1.8549117076274229
2021-11-16 00:00:00+00:00,BRK-B,lightgbm_quantile,nonsentiment,20,difference,283.3599853515625,285.22137361710975,-1.861388265547248,1.861388265547248
2021-11-17 00:00:00+00:00,BRK-B,lightgbm_quantile,nonsentiment,20,difference,281.5899963378906,283.39952268545045,-1.8095263475598244,1.8095263475598244
2021-11-18 00:00:00+00:00,BRK-B,lightgbm_quantile,nonsentiment,20,difference,280.6300048828125,281.8129667214687,-1.1829618386561833,1.1829618386561833
2021-11-19 00:00:00+00:00,BRK-B,lightgbm_quantile,nonsentiment,20,difference,279.989990234375,281.2124849950249,-1.2224947606499086,1.2224947606499086
2021-11-22 00:00:00+00:00,BRK-B,lightgbm_quantile,nonsentiment,20,difference,284.9700012207031,280.3012824897763,4.668718730926798,4.668718730926798
2021-11-23 00:00:00+00:00,BRK-B,lightgbm_quantile,nonsentiment,20,difference,288.5599975585937,285.3259415059368,3.2340560526569107,3.2340560526569107
2021-11-24 00:00:00+00:00,BRK-B,lightgbm_quantile,nonsentiment,20,difference,287.2799987792969,288.99874499292844,-1.7187462136315617,1.7187462136315617
2021-11-26 00:00:00+00:00,BRK-B,lightgbm_quantile,nonsentiment,20,difference,283.0899963378906,287.5685215978727,-4.478525259982064,4.478525259982064
2021-11-29 00:00:00+00:00,BRK-B,lightgbm_quantile,nonsentiment,20,difference,282.1199951171875,283.53803036762247,-1.4180352504349685,1.4180352504349685
2021-11-30 00:00:00+00:00,BRK-B,lightgbm_quantile,nonsentiment,20,difference,276.69000244140625,282.5610400346677,-5.8710375932614625,5.8710375932614625
2021-12-01 00:00:00+00:00,BRK-B,lightgbm_quantile,nonsentiment,20,difference,275.0,277.0896648188911,-2.0896648188910945,2.0896648188910945
2021-12-02 00:00:00+00:00,BRK-B,lightgbm_quantile,nonsentiment,20,difference,279.0899963378906,274.9023831761111,4.187613161779552,4.187613161779552
2021-12-03 00:00:00+00:00,BRK-B,lightgbm_quantile,nonsentiment,20,difference,277.42999267578125,279.3037441464693,-1.8737514706880347,1.8737514706880347
2021-12-06 00:00:00+00:00,BRK-B,lightgbm_quantile,nonsentiment,20,difference,281.3800048828125,277.83682251575306,3.543182367059444,3.543182367059444
2021-12-07 00:00:00+00:00,BRK-B,lightgbm_quantile,nonsentiment,20,difference,284.9700012207031,281.8099207693447,3.1600804513583967,3.1600804513583967
2021-12-08 00:00:00+00:00,BRK-B,lightgbm_quantile,nonsentiment,20,difference,283.7200012207031,285.6800892595072,-1.9600880388040878,1.9600880388040878
2021-12-09 00:00:00+00:00,BRK-B,lightgbm_quantile,nonsentiment,20,difference,284.5199890136719,284.25496432515865,0.2650246885132219,0.2650246885132219
2021-12-10 00:00:00+00:00,BRK-B,lightgbm_quantile,nonsentiment,20,difference,288.2300109863281,285.2394208316493,2.9905901546788414,2.9905901546788414
2021-12-13 00:00:00+00:00,BRK-B,lightgbm_quantile,nonsentiment,20,difference,290.010009765625,288.8912807519386,1.1187290136863908,1.1187290136863908
2021-12-14 00:00:00+00:00,BRK-B,lightgbm_quantile,nonsentiment,20,difference,295.0299987792969,290.41607568663244,4.613923092664436,4.613923092664436
2021-12-15 00:00:00+00:00,BRK-B,lightgbm_quantile,nonsentiment,20,difference,294.5799865722656,295.7242368127319,-1.1442502404662491,1.1442502404662491
2021-12-16 00:00:00+00:00,BRK-B,lightgbm_quantile,nonsentiment,20,difference,300.1700134277344,295.4687356796403,4.701277748094071,4.701277748094071
2021-12-17 00:00:00+00:00,BRK-B,lightgbm_quantile,nonsentiment,20,difference,293.6600036621094,300.7389701553648,-7.07896649325545,7.07896649325545
2021-12-20 00:00:00+00:00,BRK-B,lightgbm_quantile,nonsentiment,20,difference,289.6099853515625,294.6214640579635,-5.0114787064010216,5.0114787064010216
2021-12-21 00:00:00+00:00,BRK-B,lightgbm_quantile,nonsentiment,20,difference,293.239990234375,290.0520842408319,3.1879059935430973,3.1879059935430973
2021-12-22 00:00:00+00:00,BRK-B,lightgbm_quantile,nonsentiment,20,difference,294.4100036621094,294.42447455455397,-0.01447089244459221,0.01447089244459221
2021-12-23 00:00:00+00:00,BRK-B,lightgbm_quantile,nonsentiment,20,difference,294.489990234375,295.7435008950738,-1.2535106606987938,1.2535106606987938
2021-12-27 00:00:00+00:00,BRK-B,lightgbm_quantile,nonsentiment,20,difference,296.6700134277344,295.99905634380343,0.6709570839309436,0.6709570839309436
2021-12-28 00:00:00+00:00,BRK-B,lightgbm_quantile,nonsentiment,20,difference,298.2900085449219,297.63369886699,0.6563096779318585,0.6563096779318585
2021-12-29 00:00:00+00:00,BRK-B,lightgbm_quantile,nonsentiment,20,difference,299.4599914550781,299.324857661759,0.13513379331914166,0.13513379331914166
2021-12-30 00:00:00+00:00,BRK-B,lightgbm_quantile,nonsentiment,20,difference,299.9800109863281,300.41327431070823,-0.43326332438010695,0.43326332438010695
2021-12-31 00:00:00+00:00,BRK-B,lightgbm_quantile,nonsentiment,20,difference,299.0,300.4999167486311,-1.499916748631108,1.499916748631108
2022-01-03 00:00:00+00:00,BRK-B,lightgbm_quantile,nonsentiment,20,difference,300.7900085449219,299.5107880361337,1.2792205087881712,1.2792205087881712
2022-01-04 00:00:00+00:00,BRK-B,lightgbm_quantile,nonsentiment,20,difference,308.5299987792969,302.00213821494424,6.527860564352636,6.527860564352636
2022-01-05 00:00:00+00:00,BRK-B,lightgbm_quantile,nonsentiment,20,difference,309.9200134277344,309.7854919008476,0.13452152688677188,0.13452152688677188
2022-01-06 00:00:00+00:00,BRK-B,lightgbm_quantile,nonsentiment,20,difference,313.2200012207031,310.81145320986207,2.4085480108410593,2.4085480108410593
2022-01-07 00:00:00+00:00,BRK-B,lightgbm_quantile,nonsentiment,20,difference,319.7799987792969,313.6540098626134,6.125988916683468,6.125988916683468
2022-01-10 00:00:00+00:00,BRK-B,lightgbm_quantile,nonsentiment,20,difference,318.92999267578125,320.33233566484864,-1.4023429890673924,1.4023429890673924
2022-01-11 00:00:00+00:00,BRK-B,lightgbm_quantile,nonsentiment,20,difference,319.79998779296875,320.1326203515084,-0.33263255853967166,0.33263255853967166
2022-01-12 00:00:00+00:00,BRK-B,lightgbm_quantile,nonsentiment,20,difference,320.3900146484375,320.52926839274056,-0.13925374430306192,0.13925374430306192
2022-01-13 00:00:00+00:00,BRK-B,lightgbm_quantile,nonsentiment,20,difference,321.260009765625,321.285727595201,-0.025717829576024087,0.025717829576024087
2022-01-14 00:00:00+00:00,BRK-B,lightgbm_quantile,nonsentiment,20,difference,324.1300048828125,322.2296519767256,1.90035290608688,1.90035290608688
2022-01-18 00:00:00+00:00,BRK-B,lightgbm_quantile,nonsentiment,20,difference,320.2900085449219,324.61739834351624,-4.327389798594368,4.327389798594368
2022-01-19 00:00:00+00:00,BRK-B,lightgbm_quantile,nonsentiment,20,difference,314.75,320.55699689064005,-5.80699689064005,5.80699689064005
2022-01-20 00:00:00+00:00,BRK-B,lightgbm_quantile,nonsentiment,20,difference,311.010009765625,315.1461366809041,-4.136126915279078,4.136126915279078
2022-01-21 00:00:00+00:00,BRK-B,lightgbm_quantile,nonsentiment,20,difference,305.2200012207031,310.953471217121,-5.733469996417853,5.733469996417853
2022-01-24 00:00:00+00:00,BRK-B,lightgbm_quantile,nonsentiment,20,difference,303.7300109863281,305.5009042120294,-1.7708932257012862,1.7708932257012862
2022-01-25 00:00:00+00:00,BRK-B,lightgbm_quantile,nonsentiment,20,difference,307.19000244140625,303.64411062618274,3.545891815223513,3.545891815223513
2022-01-26 00:00:00+00:00,BRK-B,lightgbm_quantile,nonsentiment,20,difference,309.260009765625,307.1758327499614,2.084177015663613,2.084177015663613
2022-01-27 00:00:00+00:00,BRK-B,lightgbm_quantile,nonsentiment,20,difference,307.6700134277344,309.6546169082697,-1.984603480535327,1.984603480535327
2022-01-28 00:00:00+00:00,BRK-B,lightgbm_quantile,nonsentiment,20,difference,312.8999938964844,307.92437523300896,4.975618663475416,4.975618663475416
2022-01-31 00:00:00+00:00,BRK-B,lightgbm_quantile,nonsentiment,20,difference,313.0199890136719,313.8106202801514,-0.7906312664795223,0.7906312664795223
2022-02-01 00:00:00+00:00,BRK-B,lightgbm_quantile,nonsentiment,20,difference,313.9599914550781,314.1482285320948,-0.1882370770166517,0.1882370770166517
2022-02-02 00:00:00+00:00,BRK-B,lightgbm_quantile,nonsentiment,20,difference,319.6000061035156,314.83819969330136,4.7618064102142625,4.7618064102142625
2022-02-03 00:00:00+00:00,BRK-B,lightgbm_quantile,nonsentiment,20,difference,315.2300109863281,320.44198341772284,-5.211972431394713,5.211972431394713
2022-02-04 00:00:00+00:00,BRK-B,lightgbm_quantile,nonsentiment,20,difference,314.989990234375,315.8785251258244,-0.8885348914494102,0.8885348914494102
2022-02-07 00:00:00+00:00,BRK-B,lightgbm_quantile,nonsentiment,20,difference,316.510009765625,315.5182402225421,0.9917695430829099,0.9917695430829099
2022-02-08 00:00:00+00:00,BRK-B,lightgbm_quantile,nonsentiment,20,difference,321.44000244140625,316.93575504708764,4.504247394318611,4.504247394318611
2022-02-09 00:00:00+00:00,BRK-B,lightgbm_quantile,nonsentiment,20,difference,322.3800048828125,322.0136930777193,0.36631180509317574,0.36631180509317574
2022-02-10 00:00:00+00:00,BRK-B,lightgbm_quantile,nonsentiment,20,difference,319.8500061035156,323.0622891356422,-3.2122830321265496,3.2122830321265496
2022-02-11 00:00:00+00:00,BRK-B,lightgbm_quantile,nonsentiment,20,difference,319.1400146484375,320.4554382628805,-1.3154236144429774,1.3154236144429774
2022-02-14 00:00:00+00:00,BRK-B,lightgbm_quantile,nonsentiment,20,difference,314.2799987792969,319.7894064861647,-5.509407706867819,5.509407706867819
2022-02-15 00:00:00+00:00,BRK-B,lightgbm_quantile,nonsentiment,20,difference,316.20001220703125,314.6811057831926,1.5189064238386436,1.5189064238386436
2022-02-16 00:00:00+00:00,BRK-B,lightgbm_quantile,nonsentiment,20,difference,315.6499938964844,316.8661096374533,-1.2161157409689167,1.2161157409689167
2022-02-17 00:00:00+00:00,BRK-B,lightgbm_quantile,nonsentiment,20,difference,313.54998779296875,316.5757627460185,-3.0257749530497335,3.0257749530497335
2022-02-18 00:00:00+00:00,BRK-B,lightgbm_quantile,nonsentiment,20,difference,314.79998779296875,314.78543513342015,0.014552659548598967,0.014552659548598967
2022-02-22 00:00:00+00:00,BRK-B,lightgbm_quantile,nonsentiment,20,difference,314.1600036621094,315.7328218772103,-1.5728182151009378,1.5728182151009378
2022-02-23 00:00:00+00:00,BRK-B,lightgbm_quantile,nonsentiment,20,difference,309.989990234375,314.93666413673594,-4.946673902360942,4.946673902360942
2022-02-24 00:00:00+00:00,BRK-B,lightgbm_quantile,nonsentiment,20,difference,308.2799987792969,311.021213351511,-2.741214572214119,2.741214572214119
2022-02-25 00:00:00+00:00,BRK-B,lightgbm_quantile,nonsentiment,20,difference,319.239990234375,308.44548415717105,10.794506077203948,10.794506077203948
2022-02-28 00:00:00+00:00,BRK-B,lightgbm_quantile,nonsentiment,20,difference,321.45001220703125,318.9484887622689,2.5015234447623698,2.5015234447623698
2022-03-01 00:00:00+00:00,BRK-B,lightgbm_quantile,nonsentiment,20,difference,316.8399963378906,320.85103059303555,-4.011034255144921,4.011034255144921
2022-03-02 00:00:00+00:00,BRK-B,lightgbm_quantile,nonsentiment,20,difference,323.6400146484375,316.4936192215031,7.1463954269344185,7.1463954269344185
2022-03-03 00:00:00+00:00,BRK-B,lightgbm_quantile,nonsentiment,20,difference,327.739990234375,323.3265911083759,4.413399125999092,4.413399125999092
2022-03-04 00:00:00+00:00,BRK-B,lightgbm_quantile,nonsentiment,20,difference,325.3399963378906,328.85174505573684,-3.511748717846217,3.511748717846217
2022-03-07 00:00:00+00:00,BRK-B,lightgbm_quantile,nonsentiment,20,difference,322.7200012207031,326.1472319858952,-3.427230765192064,3.427230765192064
2022-03-08 00:00:00+00:00,BRK-B,lightgbm_quantile,nonsentiment,20,difference,318.5199890136719,323.51417138641625,-4.994182372744376,4.994182372744376
2022-03-09 00:00:00+00:00,BRK-B,lightgbm_quantile,nonsentiment,20,difference,325.3999938964844,318.8800085390185,6.519985357465885,6.519985357465885
2022-03-10 00:00:00+00:00,BRK-B,lightgbm_quantile,nonsentiment,20,difference,325.29998779296875,325.43400854567886,-0.13402075271011427,0.13402075271011427
2022-03-11 00:00:00+00:00,BRK-B,lightgbm_quantile,nonsentiment,20,difference,326.6000061035156,325.4140477995958,1.185958303919847,1.185958303919847
2022-03-14 00:00:00+00:00,BRK-B,lightgbm_quantile,nonsentiment,20,difference,329.9800109863281,326.7594021430627,3.2206088432654383,3.2206088432654383
2022-03-15 00:00:00+00:00,BRK-B,lightgbm_quantile,nonsentiment,20,difference,332.54998779296875,330.95742134438285,1.5925664485858988,1.5925664485858988
2022-03-16 00:00:00+00:00,BRK-B,lightgbm_quantile,nonsentiment,20,difference,336.1099853515625,333.29977709957006,2.810208251992435,2.810208251992435
2022-03-17 00:00:00+00:00,BRK-B,lightgbm_quantile,nonsentiment,20,difference,344.9700012207031,337.4324104789737,7.537590741729446,7.537590741729446
2022-03-18 00:00:00+00:00,BRK-B,lightgbm_quantile,nonsentiment,20,difference,342.4100036621094,345.31519016292157,-2.905186500812192,2.905186500812192
2022-03-21 00:00:00+00:00,BRK-B,lightgbm_quantile,nonsentiment,20,difference,349.6600036621094,342.4276505161973,7.2323531459121,7.2323531459121
2022-03-22 00:00:00+00:00,BRK-B,lightgbm_quantile,nonsentiment,20,difference,349.92999267578125,350.2373735715815,-0.307380895800236,0.307380895800236
2022-03-23 00:00:00+00:00,BRK-B,lightgbm_quantile,nonsentiment,20,difference,348.1600036621094,350.2705202603403,-2.1105165982309018,2.1105165982309018
2022-03-24 00:00:00+00:00,BRK-B,lightgbm_quantile,nonsentiment,20,difference,352.3699951171875,349.53112463756304,2.838870479624461,2.838870479624461
2022-03-25 00:00:00+00:00,BRK-B,lightgbm_quantile,nonsentiment,20,difference,358.760009765625,353.94917424302895,4.810835522596051,4.810835522596051
2022-03-28 00:00:00+00:00,BRK-B,lightgbm_quantile,nonsentiment,20,difference,359.57000732421875,359.7912501337926,-0.22124280957382325,0.22124280957382325
2022-03-29 00:00:00+00:00,BRK-B,lightgbm_quantile,nonsentiment,20,difference,355.1199951171875,360.7223844500928,-5.602389332905318,5.602389332905318
2022-03-30 00:00:00+00:00,BRK-B,lightgbm_quantile,nonsentiment,20,difference,357.6099853515625,355.77583233267836,1.8341530188841375,1.8341530188841375
2022-03-31 00:00:00+00:00,BRK-B,lightgbm_quantile,nonsentiment,20,difference,352.9100036621094,358.2926955525824,-5.3826918904730405,5.3826918904730405
2022-04-01 00:00:00+00:00,BRK-B,lightgbm_quantile,nonsentiment,20,difference,351.8800048828125,353.3268012300623,-1.4467963472498013,1.4467963472498013
2022-04-04 00:00:00+00:00,BRK-B,lightgbm_quantile,nonsentiment,20,difference,345.42999267578125,352.34089687386466,-6.910904198083415,6.910904198083415
2022-04-05 00:00:00+00:00,BRK-B,lightgbm_quantile,nonsentiment,20,difference,344.79998779296875,345.89341041350696,-1.093422620538206,1.093422620538206
2022-04-06 00:00:00+00:00,BRK-B,lightgbm_quantile,nonsentiment,20,difference,344.7099914550781,346.0325300941243,-1.3225386390461722,1.3225386390461722
2022-04-07 00:00:00+00:00,BRK-B,lightgbm_quantile,nonsentiment,20,difference,346.510009765625,344.8197241192724,1.6902856463526064,1.6902856463526064
2022-04-08 00:00:00+00:00,BRK-B,lightgbm_quantile,nonsentiment,20,difference,353.1000061035156,347.6043384750775,5.495667628438127,5.495667628438127
2022-04-11 00:00:00+00:00,BRK-B,lightgbm_quantile,nonsentiment,20,difference,352.0199890136719,353.89152096677475,-1.871531953102874,1.871531953102874
2022-04-12 00:00:00+00:00,BRK-B,lightgbm_quantile,nonsentiment,20,difference,349.739990234375,352.9805186940771,-3.240528459702091,3.240528459702091
2022-04-13 00:00:00+00:00,BRK-B,lightgbm_quantile,nonsentiment,20,difference,346.2200012207031,350.3686062927822,-4.148605072079079,4.148605072079079
2022-04-14 00:00:00+00:00,BRK-B,lightgbm_quantile,nonsentiment,20,difference,344.3299865722656,347.15061371490594,-2.820627142640319,2.820627142640319
2022-04-18 00:00:00+00:00,BRK-B,lightgbm_quantile,nonsentiment,20,difference,346.6499938964844,345.4197643054136,1.2302295910707812,1.2302295910707812
2022-04-19 00:00:00+00:00,BRK-B,lightgbm_quantile,nonsentiment,20,difference,348.5,347.7659051014663,0.7340948985337263,0.7340948985337263
2022-04-20 00:00:00+00:00,BRK-B,lightgbm_quantile,nonsentiment,20,difference,348.82000732421875,349.3110753564232,-0.4910680322044527,0.4910680322044527
2022-04-21 00:00:00+00:00,BRK-B,lightgbm_quantile,nonsentiment,20,difference,343.6000061035156,349.4040184733891,-5.804012369873476,5.804012369873476
2022-04-22 00:00:00+00:00,BRK-B,lightgbm_quantile,nonsentiment,20,difference,335.5599975585937,344.49699371203326,-8.936996153439566,8.936996153439566
2022-04-25 00:00:00+00:00,BRK-B,lightgbm_quantile,nonsentiment,20,difference,336.95001220703125,335.8301362740914,1.1198759329398627,1.1198759329398627
2022-04-26 00:00:00+00:00,BRK-B,lightgbm_quantile,nonsentiment,20,difference,330.6499938964844,337.8010045846536,-7.151010688169208,7.151010688169208
2022-04-27 00:00:00+00:00,BRK-B,lightgbm_quantile,nonsentiment,20,difference,329.5799865722656,331.14050271470927,-1.560516142443646,1.560516142443646
2022-04-28 00:00:00+00:00,BRK-B,lightgbm_quantile,nonsentiment,20,difference,331.2699890136719,330.46185175085645,0.8081372628154213,0.8081372628154213
2022-04-29 00:00:00+00:00,BRK-B,lightgbm_quantile,nonsentiment,20,difference,322.8299865722656,332.1451706445221,-9.3151840722565,9.3151840722565
2022-05-02 00:00:00+00:00,BRK-B,lightgbm_quantile,nonsentiment,20,difference,318.19000244140625,323.35381202692537,-5.163809585519118,5.163809585519118
2022-05-03 00:00:00+00:00,BRK-B,lightgbm_quantile,nonsentiment,20,difference,318.989990234375,318.84239486966067,0.1475953647143342,0.1475953647143342
2022-05-04 00:00:00+00:00,BRK-B,lightgbm_quantile,nonsentiment,20,difference,326.79998779296875,319.59362430627664,7.206363486692112,7.206363486692112
2022-05-05 00:00:00+00:00,BRK-B,lightgbm_quantile,nonsentiment,20,difference,318.67999267578125,327.3959501786515,-8.715957502870253,8.715957502870253
2022-05-06 00:00:00+00:00,BRK-B,lightgbm_quantile,nonsentiment,20,difference,318.8800048828125,319.1422755932445,-0.26227071043200567,0.26227071043200567
2022-05-09 00:00:00+00:00,BRK-B,lightgbm_quantile,nonsentiment,20,difference,312.9599914550781,319.58219267496503,-6.622201219886904,6.622201219886904
2022-05-10 00:00:00+00:00,BRK-B,lightgbm_quantile,nonsentiment,20,difference,312.5299987792969,313.462317416124,-0.9323186368271195,0.9323186368271195
2022-05-11 00:00:00+00:00,BRK-B,lightgbm_quantile,nonsentiment,20,difference,311.5400085449219,312.79505004280236,-1.2550414978804838,1.2550414978804838
2022-05-12 00:00:00+00:00,BRK-B,lightgbm_quantile,nonsentiment,20,difference,308.0599975585937,311.70452440247345,-3.64452684387976,3.64452684387976
2022-05-13 00:00:00+00:00,BRK-B,lightgbm_quantile,nonsentiment,20,difference,310.3599853515625,308.5453287096602,1.8146566419022747,1.8146566419022747
2022-05-16 00:00:00+00:00,BRK-B,lightgbm_quantile,nonsentiment,20,difference,309.2900085449219,310.9070053239976,-1.6169967790757482,1.6169967790757482
2022-05-17 00:00:00+00:00,BRK-B,lightgbm_quantile,nonsentiment,20,difference,314.6000061035156,309.8715722235517,4.728433879963916,4.728433879963916
2022-05-18 00:00:00+00:00,BRK-B,lightgbm_quantile,nonsentiment,20,difference,306.6400146484375,315.1732749177384,-8.53326026930091,8.53326026930091
2022-05-19 00:00:00+00:00,BRK-B,lightgbm_quantile,nonsentiment,20,difference,304.1499938964844,307.33014057090406,-3.1801466744196887,3.1801466744196887
2022-05-20 00:00:00+00:00,BRK-B,lightgbm_quantile,nonsentiment,20,difference,304.04998779296875,305.11166099173926,-1.0616731987705066,1.0616731987705066
2022-05-23 00:00:00+00:00,BRK-B,lightgbm_quantile,nonsentiment,20,difference,310.20001220703125,304.84011991287963,5.359892294151621,5.359892294151621
2022-05-24 00:00:00+00:00,BRK-B,lightgbm_quantile,nonsentiment,20,difference,309.1700134277344,310.9107539573702,-1.7407405296358434,1.7407405296358434
2022-05-25 00:00:00+00:00,BRK-B,lightgbm_quantile,nonsentiment,20,difference,308.6400146484375,309.7912754415253,-1.151260793087772,1.151260793087772
2022-05-26 00:00:00+00:00,BRK-B,lightgbm_quantile,nonsentiment,20,difference,312.5,309.64648086519117,2.8535191348088347,2.8535191348088347
2022-05-27 00:00:00+00:00,BRK-B,lightgbm_quantile,nonsentiment,20,difference,319.1099853515625,313.298035362566,5.811949988996503,5.811949988996503
2022-05-31 00:00:00+00:00,BRK-B,lightgbm_quantile,nonsentiment,20,difference,315.9800109863281,319.9637579795217,-3.983746993193563,3.983746993193563
2022-06-01 00:00:00+00:00,BRK-B,lightgbm_quantile,nonsentiment,20,difference,312.2099914550781,316.69848780828096,-4.488496353202834,4.488496353202834
2022-06-02 00:00:00+00:00,BRK-B,lightgbm_quantile,nonsentiment,20,difference,314.95001220703125,312.93214798662956,2.017864220401691,2.017864220401691
2022-06-03 00:00:00+00:00,BRK-B,lightgbm_quantile,nonsentiment,20,difference,310.94000244140625,316.03230329440515,-5.092300852998903,5.092300852998903
2022-06-06 00:00:00+00:00,BRK-B,lightgbm_quantile,nonsentiment,20,difference,312.1499938964844,311.76753538747846,0.3824585090059145,0.3824585090059145
2022-06-07 00:00:00+00:00,BRK-B,lightgbm_quantile,nonsentiment,20,difference,313.6499938964844,312.8906799425125,0.759313953971855,0.759313953971855
2022-06-08 00:00:00+00:00,BRK-B,lightgbm_quantile,nonsentiment,20,difference,308.739990234375,314.6365165572731,-5.896526322898126,5.896526322898126
2022-06-09 00:00:00+00:00,BRK-B,lightgbm_quantile,nonsentiment,20,difference,300.79998779296875,309.4807436320154,-8.68075583904664,8.68075583904664
2022-06-10 00:00:00+00:00,BRK-B,lightgbm_quantile,nonsentiment,20,difference,291.7099914550781,301.67268291951007,-9.962691464431941,9.962691464431941
2022-06-13 00:00:00+00:00,BRK-B,lightgbm_quantile,nonsentiment,20,difference,281.5599975585937,292.1997651646312,-10.63976760603748,10.63976760603748
2022-06-14 00:00:00+00:00,BRK-B,lightgbm_quantile,nonsentiment,20,difference,277.6400146484375,281.7480431485314,-4.108028500093894,4.108028500093894
2022-06-15 00:00:00+00:00,BRK-B,lightgbm_quantile,nonsentiment,20,difference,278.92999267578125,278.14768665738194,0.7823060183993107,0.7823060183993107
2022-06-16 00:00:00+00:00,BRK-B,lightgbm_quantile,nonsentiment,20,difference,268.5599975585937,279.3687250812787,-10.80872752268499,10.80872752268499
2022-06-17 00:00:00+00:00,BRK-B,lightgbm_quantile,nonsentiment,20,difference,268.0799865722656,269.2988593491587,-1.218872776893079,1.218872776893079
2022-06-21 00:00:00+00:00,BRK-B,lightgbm_quantile,nonsentiment,20,difference,271.7699890136719,268.768952988771,3.001036024900884,3.001036024900884
2022-06-22 00:00:00+00:00,BRK-B,lightgbm_quantile,nonsentiment,20,difference,269.7900085449219,272.5614981903281,-2.771489645406234,2.771489645406234
2022-06-23 00:00:00+00:00,BRK-B,lightgbm_quantile,nonsentiment,20,difference,267.5199890136719,270.33291747305447,-2.81292845938259,2.81292845938259
2022-06-24 00:00:00+00:00,BRK-B,lightgbm_quantile,nonsentiment,20,difference,278.2799987792969,268.33062196633773,9.949376812959144,9.949376812959144
2022-06-27 00:00:00+00:00,BRK-B,lightgbm_quantile,nonsentiment,20,difference,278.3999938964844,278.78391936241337,-0.38392546592899635,0.38392546592899635
2022-06-28 00:00:00+00:00,BRK-B,lightgbm_quantile,nonsentiment,20,difference,273.8599853515625,279.0806937593052,-5.220708407742677,5.220708407742677
2022-06-29 00:00:00+00:00,BRK-B,lightgbm_quantile,nonsentiment,20,difference,273.489990234375,274.57604510227895,-1.086054867903954,1.086054867903954
2022-06-30 00:00:00+00:00,BRK-B,lightgbm_quantile,nonsentiment,20,difference,273.0199890136719,274.1206733206154,-1.100684306943549,1.100684306943549
2022-07-01 00:00:00+00:00,BRK-B,lightgbm_quantile,nonsentiment,20,difference,277.5,273.00388012238034,4.4961198776196625,4.4961198776196625
2022-07-05 00:00:00+00:00,BRK-B,lightgbm_quantile,nonsentiment,20,difference,275.69000244140625,277.1121551216865,-1.4221526802802487,1.4221526802802487
2022-07-06 00:00:00+00:00,BRK-B,lightgbm_quantile,nonsentiment,20,difference,275.6499938964844,276.16759343448035,-0.5175995379959772,0.5175995379959772
2022-07-07 00:00:00+00:00,BRK-B,lightgbm_quantile,nonsentiment,20,difference,279.2799987792969,276.31855106701533,2.96144771228154,2.96144771228154
2022-07-08 00:00:00+00:00,BRK-B,lightgbm_quantile,nonsentiment,20,difference,280.8299865722656,280.2710336473053,0.5589529249603515,0.5589529249603515
2022-07-11 00:00:00+00:00,BRK-B,lightgbm_quantile,nonsentiment,20,difference,278.510009765625,281.40926519326325,-2.899255427638252,2.899255427638252
2022-07-12 00:00:00+00:00,BRK-B,lightgbm_quantile,nonsentiment,20,difference,277.2799987792969,279.43093297674284,-2.150934197445963,2.150934197445963
2022-07-13 00:00:00+00:00,BRK-B,lightgbm_quantile,nonsentiment,20,difference,277.4700012207031,278.4338494992009,-0.9638482784977782,0.9638482784977782
2022-07-14 00:00:00+00:00,BRK-B,lightgbm_quantile,nonsentiment,20,difference,274.4100036621094,278.1377870317521,-3.7277833696427365,3.7277833696427365
2022-07-15 00:00:00+00:00,BRK-B,lightgbm_quantile,nonsentiment,20,difference,278.4800109863281,275.1821995240485,3.2978114622796397,3.2978114622796397
2022-07-18 00:00:00+00:00,BRK-B,lightgbm_quantile,nonsentiment,20,difference,276.260009765625,279.32548110590386,-3.0654713402788616,3.0654713402788616
2022-07-19 00:00:00+00:00,BRK-B,lightgbm_quantile,nonsentiment,20,difference,283.54998779296875,277.1656620850805,6.384325707888252,6.384325707888252
2022-07-20 00:00:00+00:00,BRK-B,lightgbm_quantile,nonsentiment,20,difference,286.0400085449219,284.1918033734839,1.8482051714379963,1.8482051714379963
2022-07-21 00:00:00+00:00,BRK-B,lightgbm_quantile,nonsentiment,20,difference,286.8500061035156,286.59476228002785,0.2552438234877741,0.2552438234877741
2022-07-22 00:00:00+00:00,BRK-B,lightgbm_quantile,nonsentiment,20,difference,285.92999267578125,287.51132182549804,-1.5813291497167938,1.5813291497167938
2022-07-25 00:00:00+00:00,BRK-B,lightgbm_quantile,nonsentiment,20,difference,287.989990234375,286.59155282732485,1.398437407050153,1.398437407050153
2022-07-26 00:00:00+00:00,BRK-B,lightgbm_quantile,nonsentiment,20,difference,285.3099975585937,288.6265030742576,-3.3165055156638914,3.3165055156638914
2022-07-27 00:00:00+00:00,BRK-B,lightgbm_quantile,nonsentiment,20,difference,290.29998779296875,286.3191430453832,3.980844747585536,3.980844747585536
2022-07-28 00:00:00+00:00,BRK-B,lightgbm_quantile,nonsentiment,20,difference,293.8999938964844,290.7661412884635,3.133852608020902,3.133852608020902
2022-07-29 00:00:00+00:00,BRK-B,lightgbm_quantile,nonsentiment,20,difference,300.6000061035156,294.42540302904536,6.174603074470269,6.174603074470269
2022-08-01 00:00:00+00:00,BRK-B,lightgbm_quantile,nonsentiment,20,difference,295.8599853515625,300.98216594601695,-5.1221805944544485,5.1221805944544485
2022-08-02 00:00:00+00:00,BRK-B,lightgbm_quantile,nonsentiment,20,difference,292.1700134277344,296.2276675611596,-4.057654133425217,4.057654133425217
2022-08-03 00:00:00+00:00,BRK-B,lightgbm_quantile,nonsentiment,20,difference,294.9599914550781,292.79148353928593,2.1685079157921905,2.1685079157921905
2022-08-04 00:00:00+00:00,BRK-B,lightgbm_quantile,nonsentiment,20,difference,292.9100036621094,295.1395083891518,-2.2295047270424107,2.2295047270424107
2022-08-05 00:00:00+00:00,BRK-B,lightgbm_quantile,nonsentiment,20,difference,292.07000732421875,293.44368498759405,-1.3736776633753038,1.3736776633753038
2022-08-08 00:00:00+00:00,BRK-B,lightgbm_quantile,nonsentiment,20,difference,292.3399963378906,292.8562625850761,-0.516266247185456,0.516266247185456
2022-08-09 00:00:00+00:00,BRK-B,lightgbm_quantile,nonsentiment,20,difference,292.7699890136719,292.92360436860923,-0.153615354937358,0.153615354937358
2022-08-10 00:00:00+00:00,BRK-B,lightgbm_quantile,nonsentiment,20,difference,295.1099853515625,293.32257438621923,1.7874109653432697,1.7874109653432697
2022-08-11 00:00:00+00:00,BRK-B,lightgbm_quantile,nonsentiment,20,difference,296.4700012207031,295.37474326511597,1.095257955587158,1.095257955587158
2022-08-12 00:00:00+00:00,BRK-B,lightgbm_quantile,nonsentiment,20,difference,301.54998779296875,297.21848820179247,4.331499591176282,4.331499591176282
2022-08-15 00:00:00+00:00,BRK-B,lightgbm_quantile,nonsentiment,20,difference,302.82000732421875,302.06531357835945,0.7546937458592993,0.7546937458592993
2022-08-16 00:00:00+00:00,BRK-B,lightgbm_quantile,nonsentiment,20,difference,306.6499938964844,303.2846632757225,3.365330620761881,3.365330620761881
2022-08-17 00:00:00+00:00,BRK-B,lightgbm_quantile,nonsentiment,20,difference,304.260009765625,307.22830106165225,-2.968291296027246,2.968291296027246
2022-08-18 00:00:00+00:00,BRK-B,lightgbm_quantile,nonsentiment,20,difference,304.2699890136719,304.5669123348872,-0.29692332121533127,0.29692332121533127
2022-08-19 00:00:00+00:00,BRK-B,lightgbm_quantile,nonsentiment,20,difference,297.2799987792969,304.8835565140279,-7.603557734730998,7.603557734730998
2022-08-22 00:00:00+00:00,BRK-B,lightgbm_quantile,nonsentiment,20,difference,288.69000244140625,297.47653698223223,-8.786534540825983,8.786534540825983
2022-08-23 00:00:00+00:00,BRK-B,lightgbm_quantile,nonsentiment,20,difference,289.6499938964844,288.47904674252993,1.1709471539544438,1.1709471539544438
2022-08-24 00:00:00+00:00,BRK-B,lightgbm_quantile,nonsentiment,20,difference,293.5199890136719,290.37167625620447,3.1483127574674086,3.1483127574674086
2022-08-25 00:00:00+00:00,BRK-B,lightgbm_quantile,nonsentiment,20,difference,298.1300048828125,294.0828016794552,4.047203203357299,4.047203203357299
2022-08-26 00:00:00+00:00,BRK-B,lightgbm_quantile,nonsentiment,20,difference,289.9599914550781,298.87019528649796,-8.910203831419835,8.910203831419835
2022-08-29 00:00:00+00:00,BRK-B,lightgbm_quantile,nonsentiment,20,difference,287.45001220703125,290.7843995203031,-3.3343873132718613,3.3343873132718613
2022-08-30 00:00:00+00:00,BRK-B,lightgbm_quantile,nonsentiment,20,difference,285.4200134277344,288.2254877341108,-2.805474306376425,2.805474306376425
2022-08-31 00:00:00+00:00,BRK-B,lightgbm_quantile,nonsentiment,20,difference,280.79998779296875,286.00960245749144,-5.2096146645226895,5.2096146645226895
2022-09-01 00:00:00+00:00,BRK-B,lightgbm_quantile,nonsentiment,20,difference,282.42999267578125,281.3099659887617,1.1200266870195605,1.1200266870195605
2022-09-02 00:00:00+00:00,BRK-B,lightgbm_quantile,nonsentiment,20,difference,277.6700134277344,283.38239872343826,-5.712385295703882,5.712385295703882
2022-09-06 00:00:00+00:00,BRK-B,lightgbm_quantile,nonsentiment,20,difference,276.5899963378906,278.48935273734514,-1.8993563994545184,1.8993563994545184
2022-09-07 00:00:00+00:00,BRK-B,lightgbm_quantile,nonsentiment,20,difference,281.0400085449219,277.41163758097355,3.6283709639483277,3.6283709639483277
2022-09-08 00:00:00+00:00,BRK-B,lightgbm_quantile,nonsentiment,20,difference,283.3399963378906,281.62802699297816,1.711969344912461,1.711969344912461
2022-09-09 00:00:00+00:00,BRK-B,lightgbm_quantile,nonsentiment,20,difference,285.7699890136719,283.68973136962836,2.080257644043513,2.080257644043513
2022-09-12 00:00:00+00:00,BRK-B,lightgbm_quantile,nonsentiment,20,difference,288.510009765625,286.6232141079206,1.886795657704397,1.886795657704397
2022-09-13 00:00:00+00:00,BRK-B,lightgbm_quantile,nonsentiment,20,difference,278.2900085449219,288.99979728958823,-10.709788744666355,10.709788744666355
2022-09-14 00:00:00+00:00,BRK-B,lightgbm_quantile,nonsentiment,20,difference,278.4200134277344,278.67240584714614,-0.2523924194117626,0.2523924194117626
2022-09-15 00:00:00+00:00,BRK-B,lightgbm_quantile,nonsentiment,20,difference,276.70001220703125,279.03675369155025,-2.3367414845189955,2.3367414845189955
2022-09-16 00:00:00+00:00,BRK-B,lightgbm_quantile,nonsentiment,20,difference,274.8099975585937,277.1696248949628,-2.359627336369101,2.359627336369101
2022-09-19 00:00:00+00:00,BRK-B,lightgbm_quantile,nonsentiment,20,difference,278.95001220703125,275.38919359661026,3.560818610420995,3.560818610420995
2022-09-20 00:00:00+00:00,BRK-B,lightgbm_quantile,nonsentiment,20,difference,277.1300048828125,279.6266618769927,-2.4966569941802277,2.4966569941802277
2022-09-21 00:00:00+00:00,BRK-B,lightgbm_quantile,nonsentiment,20,difference,270.739990234375,277.3984428905736,-6.6584526561986195,6.6584526561986195
2022-09-22 00:00:00+00:00,BRK-B,lightgbm_quantile,nonsentiment,20,difference,268.510009765625,271.51754772034707,-3.0075379547220678,3.0075379547220678
2022-09-23 00:00:00+00:00,BRK-B,lightgbm_quantile,nonsentiment,20,difference,267.7699890136719,268.8766765848575,-1.1066875711856028,1.1066875711856028
2022-09-26 00:00:00+00:00,BRK-B,lightgbm_quantile,nonsentiment,20,difference,264.32000732421875,268.3032213527831,-3.983214028564362,3.983214028564362
2022-09-27 00:00:00+00:00,BRK-B,lightgbm_quantile,nonsentiment,20,difference,265.4700012207031,264.75496839142033,0.7150328292827908,0.7150328292827908
2022-09-28 00:00:00+00:00,BRK-B,lightgbm_quantile,nonsentiment,20,difference,271.7799987792969,265.75168112986194,6.028317649434939,6.028317649434939
2022-09-29 00:00:00+00:00,BRK-B,lightgbm_quantile,nonsentiment,20,difference,269.5799865722656,272.05188678375697,-2.471900211491345,2.471900211491345
2022-09-30 00:00:00+00:00,BRK-B,lightgbm_quantile,nonsentiment,20,difference,267.0199890136719,269.8159367076841,-2.795947694012227,2.795947694012227
2022-10-03 00:00:00+00:00,BRK-B,lightgbm_quantile,nonsentiment,20,difference,272.79998779296875,266.7027715982513,6.0972161947174754,6.0972161947174754
2022-10-04 00:00:00+00:00,BRK-B,lightgbm_quantile,nonsentiment,20,difference,280.489990234375,273.55092659447735,6.939063639897654,6.939063639897654
2022-10-05 00:00:00+00:00,BRK-B,lightgbm_quantile,nonsentiment,20,difference,279.3599853515625,280.8271440439056,-1.467158692343105,1.467158692343105
2022-10-06 00:00:00+00:00,BRK-B,lightgbm_quantile,nonsentiment,20,difference,276.3099975585937,280.0318957435541,-3.7218981849604234,3.7218981849604234
2022-10-07 00:00:00+00:00,BRK-B,lightgbm_quantile,nonsentiment,20,difference,269.0400085449219,277.1416420651762,-8.101633520254325,8.101633520254325
2022-10-10 00:00:00+00:00,BRK-B,lightgbm_quantile,nonsentiment,20,difference,266.92999267578125,269.76785619446997,-2.837863518688721,2.837863518688721
2022-10-11 00:00:00+00:00,BRK-B,lightgbm_quantile,nonsentiment,20,difference,267.3099975585937,267.633864127984,-0.32386656939030445,0.32386656939030445
2022-10-12 00:00:00+00:00,BRK-B,lightgbm_quantile,nonsentiment,20,difference,264.0,268.0081627546746,-4.008162754674572,4.008162754674572
2022-10-13 00:00:00+00:00,BRK-B,lightgbm_quantile,nonsentiment,20,difference,275.7799987792969,264.55591309295653,11.224085686340345,11.224085686340345
2022-10-14 00:00:00+00:00,BRK-B,lightgbm_quantile,nonsentiment,20,difference,272.6700134277344,276.6111488941122,-3.9411354663778297,3.9411354663778297
2022-10-17 00:00:00+00:00,BRK-B,lightgbm_quantile,nonsentiment,20,difference,277.0199890136719,273.57301352142764,3.446975492244235,3.446975492244235
2022-10-18 00:00:00+00:00,BRK-B,lightgbm_quantile,nonsentiment,20,difference,281.6700134277344,277.6678665186444,4.002146909089959,4.002146909089959
2022-10-19 00:00:00+00:00,BRK-B,lightgbm_quantile,nonsentiment,20,difference,278.3399963378906,282.3191208667603,-3.9791245288696473,3.9791245288696473
2022-10-20 00:00:00+00:00,BRK-B,lightgbm_quantile,nonsentiment,20,difference,273.5299987792969,279.229190874828,-5.699192095531146,5.699192095531146
2022-10-21 00:00:00+00:00,BRK-B,lightgbm_quantile,nonsentiment,20,difference,282.510009765625,274.2694204636405,8.240589301984528,8.240589301984528
2022-10-24 00:00:00+00:00,BRK-B,lightgbm_quantile,nonsentiment,20,difference,287.4800109863281,283.05820561936343,4.421805366964691,4.421805366964691
2022-10-25 00:00:00+00:00,BRK-B,lightgbm_quantile,nonsentiment,20,difference,289.239990234375,288.2350477955101,1.004942438864873,1.004942438864873
2022-10-26 00:00:00+00:00,BRK-B,lightgbm_quantile,nonsentiment,20,difference,288.5199890136719,290.1057745823889,-1.5857855687170286,1.5857855687170286
2022-10-27 00:00:00+00:00,BRK-B,lightgbm_quantile,nonsentiment,20,difference,289.8800048828125,289.2512287261875,0.6287761566250083,0.6287761566250083
2022-10-28 00:00:00+00:00,BRK-B,lightgbm_quantile,nonsentiment,20,difference,299.6300048828125,290.5683074772424,9.0616974055701,9.0616974055701
2022-10-31 00:00:00+00:00,BRK-B,lightgbm_quantile,nonsentiment,20,difference,295.0899963378906,300.1607027598758,-5.0707064219851645,5.0707064219851645
2022-11-01 00:00:00+00:00,BRK-B,lightgbm_quantile,nonsentiment,20,difference,294.1300048828125,295.85740460509425,-1.7273997222817457,1.7273997222817457
2022-11-02 00:00:00+00:00,BRK-B,lightgbm_quantile,nonsentiment,20,difference,289.4599914550781,294.53068016873834,-5.070688713660218,5.070688713660218
2022-11-03 00:00:00+00:00,BRK-B,lightgbm_quantile,nonsentiment,20,difference,283.8500061035156,290.13506389655356,-6.285057793037936,6.285057793037936
2022-11-04 00:00:00+00:00,BRK-B,lightgbm_quantile,nonsentiment,20,difference,287.4700012207031,284.60973086937526,2.8602703513278698,2.8602703513278698
2022-11-07 00:00:00+00:00,BRK-B,lightgbm_quantile,nonsentiment,20,difference,290.19000244140625,288.15280371182797,2.0371987295782787,2.0371987295782787
2022-11-08 00:00:00+00:00,BRK-B,lightgbm_quantile,nonsentiment,20,difference,292.6099853515625,290.406670793255,2.203314558307511,2.203314558307511
2022-11-09 00:00:00+00:00,BRK-B,lightgbm_quantile,nonsentiment,20,difference,288.6499938964844,293.18288115071704,-4.532887254232662,4.532887254232662
2022-11-10 00:00:00+00:00,BRK-B,lightgbm_quantile,nonsentiment,20,difference,303.20001220703125,289.41168978603787,13.788322420993381,13.788322420993381
2022-11-11 00:00:00+00:00,BRK-B,lightgbm_quantile,nonsentiment,20,difference,309.7200012207031,303.88244880628196,5.837552414421168,5.837552414421168
2022-11-14 00:00:00+00:00,BRK-B,lightgbm_quantile,nonsentiment,20,difference,308.9100036621094,310.17690407675383,-1.2669004146444536,1.2669004146444536
2022-11-15 00:00:00+00:00,BRK-B,lightgbm_quantile,nonsentiment,20,difference,309.9800109863281,309.6267211853868,0.35328980094129747,0.35328980094129747
2022-11-16 00:00:00+00:00,BRK-B,lightgbm_quantile,nonsentiment,20,difference,308.760009765625,310.321352823981,-1.5613430583559875,1.5613430583559875
2022-11-17 00:00:00+00:00,BRK-B,lightgbm_quantile,nonsentiment,20,difference,307.44000244140625,309.3971680096603,-1.9571655682540268,1.9571655682540268
2022-11-18 00:00:00+00:00,BRK-B,lightgbm_quantile,nonsentiment,20,difference,310.760009765625,308.3873035676267,2.3727061979982977,2.3727061979982977
2022-11-21 00:00:00+00:00,BRK-B,lightgbm_quantile,nonsentiment,20,difference,311.20001220703125,311.72139236240037,-0.5213801553691155,0.5213801553691155
2022-11-22 00:00:00+00:00,BRK-B,lightgbm_quantile,nonsentiment,20,difference,315.760009765625,311.7851370716628,3.9748726939621974,3.9748726939621974
2022-11-23 00:00:00+00:00,BRK-B,lightgbm_quantile,nonsentiment,20,difference,316.17999267578125,316.2429059398796,-0.06291326409836984,0.06291326409836984
2022-11-25 00:00:00+00:00,BRK-B,lightgbm_quantile,nonsentiment,20,difference,317.42999267578125,317.007311681258,0.4226809945232617,0.4226809945232617
2022-11-28 00:00:00+00:00,BRK-B,lightgbm_quantile,nonsentiment,20,difference,313.2699890136719,318.19315767231814,-4.9231686586462615,4.9231686586462615
2022-11-29 00:00:00+00:00,BRK-B,lightgbm_quantile,nonsentiment,20,difference,315.1300048828125,313.7153294779875,1.4146754048250045,1.4146754048250045
2022-11-30 00:00:00+00:00,BRK-B,lightgbm_quantile,nonsentiment,20,difference,318.6000061035156,315.8566449715457,2.743361131969948,2.743361131969948
2022-12-01 00:00:00+00:00,BRK-B,lightgbm_quantile,nonsentiment,20,difference,315.8399963378906,319.23595087333086,-3.3959545354402394,3.3959545354402394
2022-12-02 00:00:00+00:00,BRK-B,lightgbm_quantile,nonsentiment,20,difference,316.1499938964844,316.3593840249826,-0.20939012849822802,0.20939012849822802
2022-12-05 00:00:00+00:00,BRK-B,lightgbm_quantile,nonsentiment,20,difference,310.57000732421875,316.59622531090264,-6.026217986683889,6.026217986683889
2022-12-06 00:00:00+00:00,BRK-B,lightgbm_quantile,nonsentiment,20,difference,307.7799987792969,311.1594825186447,-3.3794837393478474,3.3794837393478474
2022-12-07 00:00:00+00:00,BRK-B,lightgbm_quantile,nonsentiment,20,difference,305.82000732421875,308.4572982100744,-2.6372908858556343,2.6372908858556343
2022-12-08 00:00:00+00:00,BRK-B,lightgbm_quantile,nonsentiment,20,difference,305.989990234375,306.5008055111869,-0.5108152768119112,0.5108152768119112
2022-12-09 00:00:00+00:00,BRK-B,lightgbm_quantile,nonsentiment,20,difference,306.3900146484375,307.2089422707071,-0.818927622269598,0.818927622269598
2022-12-12 00:00:00+00:00,BRK-B,lightgbm_quantile,nonsentiment,20,difference,311.45001220703125,307.0807632841284,4.369248922902841,4.369248922902841
2022-12-13 00:00:00+00:00,BRK-B,lightgbm_quantile,nonsentiment,20,difference,312.3299865722656,312.0353369928545,0.29464957941110015,0.29464957941110015
2022-12-14 00:00:00+00:00,BRK-B,lightgbm_quantile,nonsentiment,20,difference,309.2900085449219,312.8001376467741,-3.5101291018522147,3.5101291018522147
2022-12-15 00:00:00+00:00,BRK-B,lightgbm_quantile,nonsentiment,20,difference,301.9100036621094,309.6284670807876,-7.718463418678198,7.718463418678198
2022-12-16 00:00:00+00:00,BRK-B,lightgbm_quantile,nonsentiment,20,difference,300.0,301.9809903229462,-1.9809903229461838,1.9809903229461838
2022-12-19 00:00:00+00:00,BRK-B,lightgbm_quantile,nonsentiment,20,difference,300.0299987792969,300.5520069086546,-0.5220081293577437,0.5220081293577437
2022-12-20 00:00:00+00:00,BRK-B,lightgbm_quantile,nonsentiment,20,difference,302.0,300.07987638340023,1.920123616599767,1.920123616599767
2022-12-21 00:00:00+00:00,BRK-B,lightgbm_quantile,nonsentiment,20,difference,307.82000732421875,302.882914158081,4.937093166137743,4.937093166137743
2022-12-22 00:00:00+00:00,BRK-B,lightgbm_quantile,nonsentiment,20,difference,302.69000244140625,308.1759454759177,-5.485943034511422,5.485943034511422
2022-12-23 00:00:00+00:00,BRK-B,lightgbm_quantile,nonsentiment,20,difference,306.489990234375,303.1221651181255,3.3678251162494917,3.3678251162494917
2022-12-27 00:00:00+00:00,BRK-B,lightgbm_quantile,nonsentiment,20,difference,305.54998779296875,307.6438531552814,-2.0938653623126697,2.0938653623126697
2022-12-28 00:00:00+00:00,BRK-B,lightgbm_quantile,nonsentiment,20,difference,303.42999267578125,306.1051685630627,-2.675175887281455,2.675175887281455
2022-12-29 00:00:00+00:00,BRK-B,lightgbm_quantile,nonsentiment,20,difference,309.0599975585937,304.2437488958513,4.816248662742396,4.816248662742396
2022-12-30 00:00:00+00:00,BRK-B,lightgbm_quantile,nonsentiment,20,difference,308.8999938964844,309.40443675503,-0.5044428585456444,0.5044428585456444
2023-01-03 00:00:00+00:00,BRK-B,lightgbm_quantile,nonsentiment,20,difference,309.9100036621094,309.5077863734871,0.4022172886222961,0.4022172886222961
2023-01-04 00:00:00+00:00,BRK-B,lightgbm_quantile,nonsentiment,20,difference,314.54998779296875,309.92119659242076,4.628791200547994,4.628791200547994
2023-01-05 00:00:00+00:00,BRK-B,lightgbm_quantile,nonsentiment,20,difference,312.8999938964844,314.9188676507112,-2.0188737542268314,2.0188737542268314
2023-01-06 00:00:00+00:00,BRK-B,lightgbm_quantile,nonsentiment,20,difference,318.69000244140625,313.9781241918169,4.711878249589347,4.711878249589347
2023-01-09 00:00:00+00:00,BRK-B,lightgbm_quantile,nonsentiment,20,difference,315.5299987792969,319.01933595071193,-3.489337171415059,3.489337171415059
2023-01-10 00:00:00+00:00,BRK-B,lightgbm_quantile,nonsentiment,20,difference,316.3500061035156,315.9609553031872,0.3890508003284481,0.3890508003284481
2023-01-11 00:00:00+00:00,BRK-B,lightgbm_quantile,nonsentiment,20,difference,320.3699951171875,317.15124060117995,3.21875451600755,3.21875451600755
2023-01-12 00:00:00+00:00,BRK-B,lightgbm_quantile,nonsentiment,20,difference,318.92999267578125,321.3797270345909,-2.4497343588096783,2.4497343588096783
2023-01-13 00:00:00+00:00,BRK-B,lightgbm_quantile,nonsentiment,20,difference,317.6400146484375,319.5952926780308,-1.9552780295932735,1.9552780295932735
2023-01-17 00:00:00+00:00,BRK-B,lightgbm_quantile,nonsentiment,20,difference,314.8599853515625,318.2173985839308,-3.3574132323682875,3.3574132323682875
2023-01-18 00:00:00+00:00,BRK-B,lightgbm_quantile,nonsentiment,20,difference,308.29998779296875,315.48826267580097,-7.188274882832218,7.188274882832218
2023-01-19 00:00:00+00:00,BRK-B,lightgbm_quantile,nonsentiment,20,difference,305.2300109863281,308.9630138670999,-3.733002880771778,3.733002880771778
2023-01-20 00:00:00+00:00,BRK-B,lightgbm_quantile,nonsentiment,20,difference,309.8699951171875,305.67976633503565,4.1902287821518485,4.1902287821518485
2023-01-23 00:00:00+00:00,BRK-B,lightgbm_quantile,nonsentiment,20,difference,310.4200134277344,310.4224101084818,-0.0023966807474380403,0.0023966807474380403
2023-01-24 00:00:00+00:00,BRK-B,lightgbm_quantile,nonsentiment,20,difference,311.29998779296875,311.0109138848117,0.28907390815703593,0.28907390815703593
2023-01-25 00:00:00+00:00,BRK-B,lightgbm_quantile,nonsentiment,20,difference,311.8999938964844,311.6361782330896,0.26381566339478013,0.26381566339478013
2023-01-26 00:00:00+00:00,BRK-B,lightgbm_quantile,nonsentiment,20,difference,310.95001220703125,312.7729047972759,-1.822892590244635,1.822892590244635
2023-01-27 00:00:00+00:00,BRK-B,lightgbm_quantile,nonsentiment,20,difference,309.1700134277344,311.316741348711,-2.146727920976616,2.146727920976616
2023-01-30 00:00:00+00:00,BRK-B,lightgbm_quantile,nonsentiment,20,difference,307.3299865722656,310.14302646619586,-2.813039893930238,2.813039893930238
2023-01-31 00:00:00+00:00,BRK-B,lightgbm_quantile,nonsentiment,20,difference,311.5199890136719,308.0968945073878,3.4230945062840874,3.4230945062840874
2023-02-01 00:00:00+00:00,BRK-B,lightgbm_quantile,nonsentiment,20,difference,310.57000732421875,311.8975207668517,-1.3275134426329487,1.3275134426329487
2023-02-02 00:00:00+00:00,BRK-B,lightgbm_quantile,nonsentiment,20,difference,311.8599853515625,311.23470018696105,0.6252851646014506,0.6252851646014506
2023-02-03 00:00:00+00:00,BRK-B,lightgbm_quantile,nonsentiment,20,difference,308.510009765625,312.0976266174175,-3.587616851792518,3.587616851792518
2023-02-06 00:00:00+00:00,BRK-B,lightgbm_quantile,nonsentiment,20,difference,308.42999267578125,308.95405432286975,-0.5240616470885016,0.5240616470885016
2023-02-07 00:00:00+00:00,BRK-B,lightgbm_quantile,nonsentiment,20,difference,312.9700012207031,309.08717049144224,3.8828307292608883,3.8828307292608883
2023-02-08 00:00:00+00:00,BRK-B,lightgbm_quantile,nonsentiment,20,difference,308.4800109863281,313.47583520753255,-4.99582422120443,4.99582422120443
2023-02-09 00:00:00+00:00,BRK-B,lightgbm_quantile,nonsentiment,20,difference,307.2099914550781,309.32817321848626,-2.1181817634081312,2.1181817634081312
2023-02-10 00:00:00+00:00,BRK-B,lightgbm_quantile,nonsentiment,20,difference,309.8900146484375,307.83228233134946,2.057732317088039,2.057732317088039
2023-02-13 00:00:00+00:00,BRK-B,lightgbm_quantile,nonsentiment,20,difference,313.739990234375,310.88910293907554,2.850887295299458,2.850887295299458
2023-02-14 00:00:00+00:00,BRK-B,lightgbm_quantile,nonsentiment,20,difference,310.7900085449219,314.3841815218844,-3.5941729769625113,3.5941729769625113
2023-02-15 00:00:00+00:00,BRK-B,lightgbm_quantile,nonsentiment,20,difference,309.6300048828125,311.2001921914921,-1.5701873086795786,1.5701873086795786
2023-02-16 00:00:00+00:00,BRK-B,lightgbm_quantile,nonsentiment,20,difference,308.17999267578125,310.46247611851686,-2.282483442735611,2.282483442735611
2023-02-17 00:00:00+00:00,BRK-B,lightgbm_quantile,nonsentiment,20,difference,308.239990234375,308.780310466259,-0.5403202318839817,0.5403202318839817
2023-02-21 00:00:00+00:00,BRK-B,lightgbm_quantile,nonsentiment,20,difference,302.7200012207031,308.81073463534295,-6.090733414639828,6.090733414639828
2023-02-22 00:00:00+00:00,BRK-B,lightgbm_quantile,nonsentiment,20,difference,303.1600036621094,302.7483148929835,0.41168876912587393,0.41168876912587393
2023-02-23 00:00:00+00:00,BRK-B,lightgbm_quantile,nonsentiment,20,difference,303.07000732421875,303.60475168660287,-0.5347443623841173,0.5347443623841173
2023-02-24 00:00:00+00:00,BRK-B,lightgbm_quantile,nonsentiment,20,difference,304.0199890136719,303.72123129217493,0.2987577214969406,0.2987577214969406
2023-02-27 00:00:00+00:00,BRK-B,lightgbm_quantile,nonsentiment,20,difference,304.6600036621094,304.488181423307,0.17182223880234915,0.17182223880234915
2023-02-28 00:00:00+00:00,BRK-B,lightgbm_quantile,nonsentiment,20,difference,305.17999267578125,305.51605876483376,-0.33606608905250823,0.33606608905250823
2023-03-01 00:00:00+00:00,BRK-B,lightgbm_quantile,nonsentiment,20,difference,304.6199951171875,305.71237892776816,-1.0923838105806567,1.0923838105806567
2023-03-02 00:00:00+00:00,BRK-B,lightgbm_quantile,nonsentiment,20,difference,307.75,305.1617551009705,2.588244899029519,2.588244899029519
2023-03-03 00:00:00+00:00,BRK-B,lightgbm_quantile,nonsentiment,20,difference,312.45001220703125,308.58309963115005,3.8669125758812015,3.8669125758812015
2023-03-06 00:00:00+00:00,BRK-B,lightgbm_quantile,nonsentiment,20,difference,316.9700012207031,313.04307743560946,3.9269237850936634,3.9269237850936634
2023-03-07 00:00:00+00:00,BRK-B,lightgbm_quantile,nonsentiment,20,difference,311.1199951171875,317.5793600106786,-6.459364893491113,6.459364893491113
2023-03-08 00:00:00+00:00,BRK-B,lightgbm_quantile,nonsentiment,20,difference,311.3699951171875,311.6357552715632,-0.2657601543756982,0.2657601543756982
2023-03-09 00:00:00+00:00,BRK-B,lightgbm_quantile,nonsentiment,20,difference,304.82000732421875,312.31751567700616,-7.497508352787406,7.497508352787406
2023-03-10 00:00:00+00:00,BRK-B,lightgbm_quantile,nonsentiment,20,difference,303.6300048828125,305.1698784847585,-1.5398736019459989,1.5398736019459989
2023-03-13 00:00:00+00:00,BRK-B,lightgbm_quantile,nonsentiment,20,difference,302.8800048828125,303.65807201747106,-0.7780671346585564,0.7780671346585564
2023-03-14 00:00:00+00:00,BRK-B,lightgbm_quantile,nonsentiment,20,difference,305.3299865722656,303.27817596753727,2.0518106047283595,2.0518106047283595
2023-03-15 00:00:00+00:00,BRK-B,lightgbm_quantile,nonsentiment,20,difference,297.8800048828125,305.5638857533673,-7.683880870554788,7.683880870554788
2023-03-16 00:00:00+00:00,BRK-B,lightgbm_quantile,nonsentiment,20,difference,302.010009765625,298.0109656161426,3.9990441494824154,3.9990441494824154
2023-03-17 00:00:00+00:00,BRK-B,lightgbm_quantile,nonsentiment,20,difference,293.510009765625,302.23618798208406,-8.726178216459061,8.726178216459061
2023-03-20 00:00:00+00:00,BRK-B,lightgbm_quantile,nonsentiment,20,difference,301.0599975585937,293.52312863082847,7.5368689277652265,7.5368689277652265
2023-03-21 00:00:00+00:00,BRK-B,lightgbm_quantile,nonsentiment,20,difference,303.8500061035156,301.3274730958032,2.5225330077124113,2.5225330077124113
2023-03-22 00:00:00+00:00,BRK-B,lightgbm_quantile,nonsentiment,20,difference,299.7300109863281,303.80473183141703,-4.074720845088905,4.074720845088905
2023-03-23 00:00:00+00:00,BRK-B,lightgbm_quantile,nonsentiment,20,difference,298.3699951171875,300.46490194304437,-2.0949068258568673,2.0949068258568673
2023-03-24 00:00:00+00:00,BRK-B,lightgbm_quantile,nonsentiment,20,difference,298.9200134277344,299.382025886352,-0.46201245861760754,0.46201245861760754
2023-03-27 00:00:00+00:00,BRK-B,lightgbm_quantile,nonsentiment,20,difference,302.1400146484375,299.62541859746824,2.51459605096926,2.51459605096926
2023-03-28 00:00:00+00:00,BRK-B,lightgbm_quantile,nonsentiment,20,difference,302.32000732421875,302.9421133902159,-0.6221060659971727,0.6221060659971727
2023-03-29 00:00:00+00:00,BRK-B,lightgbm_quantile,nonsentiment,20,difference,305.29998779296875,303.3542079484064,1.9457798445623666,1.9457798445623666
2023-03-30 00:00:00+00:00,BRK-B,lightgbm_quantile,nonsentiment,20,difference,305.0799865722656,305.3337013907513,-0.2537148184856619,0.2537148184856619
2023-03-31 00:00:00+00:00,BRK-B,lightgbm_quantile,nonsentiment,20,difference,308.7699890136719,305.9924098060549,2.7775792076169523,2.7775792076169523
2023-04-03 00:00:00+00:00,BRK-B,lightgbm_quantile,nonsentiment,20,difference,310.3099975585937,309.66100601551767,0.648991543076022,0.648991543076022
2023-04-04 00:00:00+00:00,BRK-B,lightgbm_quantile,nonsentiment,20,difference,309.07000732421875,311.2511613559178,-2.181154031699066,2.181154031699066
2023-04-05 00:00:00+00:00,BRK-B,lightgbm_quantile,nonsentiment,20,difference,310.3900146484375,310.20695951083013,0.18305513760736858,0.18305513760736858
2023-04-06 00:00:00+00:00,BRK-B,lightgbm_quantile,nonsentiment,20,difference,312.510009765625,310.8686509621347,1.6413588034902773,1.6413588034902773
2023-04-10 00:00:00+00:00,BRK-B,lightgbm_quantile,nonsentiment,20,difference,312.6199951171875,313.51114219224326,-0.8911470750557555,0.8911470750557555
2023-04-11 00:00:00+00:00,BRK-B,lightgbm_quantile,nonsentiment,20,difference,313.70001220703125,313.6758237200978,0.02418848693343989,0.02418848693343989
2023-04-12 00:00:00+00:00,BRK-B,lightgbm_quantile,nonsentiment,20,difference,314.54998779296875,314.5468617497769,0.0031260431918553877,0.0031260431918553877
2023-04-13 00:00:00+00:00,BRK-B,lightgbm_quantile,nonsentiment,20,difference,318.04998779296875,315.62760714846064,2.4223806445081095,2.4223806445081095
2023-04-14 00:00:00+00:00,BRK-B,lightgbm_quantile,nonsentiment,20,difference,319.739990234375,318.95599342227985,0.7839968120951539,0.7839968120951539
2023-04-17 00:00:00+00:00,BRK-B,lightgbm_quantile,nonsentiment,20,difference,323.7900085449219,320.6263209893821,3.1636875555397523,3.1636875555397523
2023-04-18 00:00:00+00:00,BRK-B,lightgbm_quantile,nonsentiment,20,difference,324.6300048828125,324.6540897119534,-0.02408482914091792,0.02408482914091792
2023-04-19 00:00:00+00:00,BRK-B,lightgbm_quantile,nonsentiment,20,difference,323.0899963378906,325.3109707719304,-2.2209744340397606,2.2209744340397606
2023-04-20 00:00:00+00:00,BRK-B,lightgbm_quantile,nonsentiment,20,difference,323.82000732421875,324.1162876786937,-0.29628035447495904,0.29628035447495904
2023-04-21 00:00:00+00:00,BRK-B,lightgbm_quantile,nonsentiment,20,difference,324.3299865722656,324.456706129618,-0.1267195573523736,0.1267195573523736
2023-04-24 00:00:00+00:00,BRK-B,lightgbm_quantile,nonsentiment,20,difference,326.04998779296875,325.3010072486151,0.7489805443536284,0.7489805443536284
2023-04-25 00:00:00+00:00,BRK-B,lightgbm_quantile,nonsentiment,20,difference,324.3399963378906,326.5518974857538,-2.211901147863159,2.211901147863159
2023-04-26 00:00:00+00:00,BRK-B,lightgbm_quantile,nonsentiment,20,difference,320.5299987792969,325.44536919288146,-4.915370413584583,4.915370413584583
2023-04-27 00:00:00+00:00,BRK-B,lightgbm_quantile,nonsentiment,20,difference,326.2300109863281,321.26413189710115,4.9658790892269735,4.9658790892269735
2023-04-28 00:00:00+00:00,BRK-B,lightgbm_quantile,nonsentiment,20,difference,328.54998779296875,326.96529881865285,1.5846889743158954,1.5846889743158954
2023-05-01 00:00:00+00:00,BRK-B,lightgbm_quantile,nonsentiment,20,difference,330.1700134277344,329.2113444315188,0.9586689962155788,0.9586689962155788
2023-05-02 00:00:00+00:00,BRK-B,lightgbm_quantile,nonsentiment,20,difference,325.8599853515625,330.8999643671373,-5.039979015574772,5.039979015574772
2023-05-03 00:00:00+00:00,BRK-B,lightgbm_quantile,nonsentiment,20,difference,323.2200012207031,326.1781845592299,-2.958183338526794,2.958183338526794
2023-05-04 00:00:00+00:00,BRK-B,lightgbm_quantile,nonsentiment,20,difference,320.0,323.78848974544775,-3.788489745447748,3.788489745447748
2023-05-05 00:00:00+00:00,BRK-B,lightgbm_quantile,nonsentiment,20,difference,323.8800048828125,320.6234736510231,3.2565312317893813,3.2565312317893813
2023-05-08 00:00:00+00:00,BRK-B,lightgbm_quantile,nonsentiment,20,difference,326.1400146484375,324.471097510135,1.668917138302504,1.668917138302504
2023-05-09 00:00:00+00:00,BRK-B,lightgbm_quantile,nonsentiment,20,difference,324.8699951171875,326.78077950579814,-1.9107843886106366,1.9107843886106366
2023-05-10 00:00:00+00:00,BRK-B,lightgbm_quantile,nonsentiment,20,difference,322.989990234375,325.8264759252624,-2.8364856908874003,2.8364856908874003
2023-05-11 00:00:00+00:00,BRK-B,lightgbm_quantile,nonsentiment,20,difference,322.6400146484375,323.7553714811413,-1.1153568327038101,1.1153568327038101
2023-05-12 00:00:00+00:00,BRK-B,lightgbm_quantile,nonsentiment,20,difference,322.489990234375,323.47205055214283,-0.9820603177678322,0.9820603177678322
2023-05-15 00:00:00+00:00,BRK-B,lightgbm_quantile,nonsentiment,20,difference,323.5299987792969,323.4941394218734,0.03585935742347601,0.03585935742347601
2023-05-16 00:00:00+00:00,BRK-B,lightgbm_quantile,nonsentiment,20,difference,323.75,324.1778254192977,-0.42782541929767604,0.42782541929767604
2023-05-17 00:00:00+00:00,BRK-B,lightgbm_quantile,nonsentiment,20,difference,327.3900146484375,324.15509173589084,3.234922912546665,3.234922912546665
2023-05-18 00:00:00+00:00,BRK-B,lightgbm_quantile,nonsentiment,20,difference,329.760009765625,327.93391144758647,1.8260983180385324,1.8260983180385324
2023-05-19 00:00:00+00:00,BRK-B,lightgbm_quantile,nonsentiment,20,difference,330.3900146484375,330.23207006777017,0.1579445806673334,0.1579445806673334
2023-05-22 00:00:00+00:00,BRK-B,lightgbm_quantile,nonsentiment,20,difference,329.1300048828125,330.7012845653186,-1.5712796825060877,1.5712796825060877
2023-05-23 00:00:00+00:00,BRK-B,lightgbm_quantile,nonsentiment,20,difference,323.1099853515625,329.68365796241346,-6.573672610850963,6.573672610850963
2023-05-24 00:00:00+00:00,BRK-B,lightgbm_quantile,nonsentiment,20,difference,320.20001220703125,323.4622589086223,-3.262246701591039,3.262246701591039
2023-05-25 00:00:00+00:00,BRK-B,lightgbm_quantile,nonsentiment,20,difference,319.0199890136719,320.97013513754064,-1.9501461238687625,1.9501461238687625
2023-05-26 00:00:00+00:00,BRK-B,lightgbm_quantile,nonsentiment,20,difference,320.6000061035156,319.5817943383749,1.0182117651407339,1.0182117651407339
2023-05-30 00:00:00+00:00,BRK-B,lightgbm_quantile,nonsentiment,20,difference,322.19000244140625,321.48241835283505,0.7075840885711955,0.7075840885711955
2023-05-31 00:00:00+00:00,BRK-B,lightgbm_quantile,nonsentiment,20,difference,321.0799865722656,323.00048763309786,-1.9205010608322368,1.9205010608322368
2023-06-01 00:00:00+00:00,BRK-B,lightgbm_quantile,nonsentiment,20,difference,323.1199951171875,321.7251182391687,1.394876878018806,1.394876878018806
2023-06-02 00:00:00+00:00,BRK-B,lightgbm_quantile,nonsentiment,20,difference,329.4800109863281,323.7881221387576,5.69188884757051,5.69188884757051
2023-06-05 00:00:00+00:00,BRK-B,lightgbm_quantile,nonsentiment,20,difference,328.5799865722656,330.19754090012367,-1.6175543278580449,1.6175543278580449
2023-06-06 00:00:00+00:00,BRK-B,lightgbm_quantile,nonsentiment,20,difference,333.4100036621094,329.196658648823,4.213345013286357,4.213345013286357
2023-06-07 00:00:00+00:00,BRK-B,lightgbm_quantile,nonsentiment,20,difference,335.4200134277344,333.7163557880599,1.703657639674475,1.703657639674475
2023-06-08 00:00:00+00:00,BRK-B,lightgbm_quantile,nonsentiment,20,difference,335.95001220703125,335.43665945240633,0.5133527546249184,0.5133527546249184
2023-06-09 00:00:00+00:00,BRK-B,lightgbm_quantile,nonsentiment,20,difference,335.2900085449219,336.1982364713458,-0.9082279264239332,0.9082279264239332
2023-06-12 00:00:00+00:00,BRK-B,lightgbm_quantile,nonsentiment,20,difference,333.6000061035156,335.5359766228773,-1.9359705193616605,1.9359705193616605
2023-06-13 00:00:00+00:00,BRK-B,lightgbm_quantile,nonsentiment,20,difference,336.3900146484375,333.7320007847318,2.658013863705719,2.658013863705719
2023-06-14 00:00:00+00:00,BRK-B,lightgbm_quantile,nonsentiment,20,difference,335.8999938964844,336.7400055318469,-0.8400116353625435,0.8400116353625435
2023-06-15 00:00:00+00:00,BRK-B,lightgbm_quantile,nonsentiment,20,difference,339.82000732421875,336.2590030841101,3.561004240108673,3.561004240108673
2023-06-16 00:00:00+00:00,BRK-B,lightgbm_quantile,nonsentiment,20,difference,338.3099975585937,339.9793753955205,-1.6693778369267989,1.6693778369267989
2023-06-20 00:00:00+00:00,BRK-B,lightgbm_quantile,nonsentiment,20,difference,338.6700134277344,338.7910228011337,-0.12100937339931761,0.12100937339931761
2023-06-21 00:00:00+00:00,BRK-B,lightgbm_quantile,nonsentiment,20,difference,338.6099853515625,338.4246818052934,0.18530354626909684,0.18530354626909684
2023-06-22 00:00:00+00:00,BRK-B,lightgbm_quantile,nonsentiment,20,difference,336.9599914550781,338.8389374949516,-1.8789460398734832,1.8789460398734832
2023-06-23 00:00:00+00:00,BRK-B,lightgbm_quantile,nonsentiment,20,difference,335.25,337.4346678686983,-2.184667868698284,2.184667868698284
2023-06-26 00:00:00+00:00,BRK-B,lightgbm_quantile,nonsentiment,20,difference,334.1199951171875,335.9324891333582,-1.8124940161707173,1.8124940161707173
2023-06-27 00:00:00+00:00,BRK-B,lightgbm_quantile,nonsentiment,20,difference,335.3399963378906,334.7890477717346,0.5509485661560234,0.5509485661560234
2023-06-28 00:00:00+00:00,BRK-B,lightgbm_quantile,nonsentiment,20,difference,334.1499938964844,336.2718300249956,-2.1218361285112337,2.1218361285112337
2023-06-29 00:00:00+00:00,BRK-B,lightgbm_quantile,nonsentiment,20,difference,336.9100036621094,334.70333600315905,2.206667658950323,2.206667658950323
2023-06-30 00:00:00+00:00,BRK-B,lightgbm_quantile,nonsentiment,20,difference,341.0,337.3456158330037,3.6543841669962944,3.6543841669962944
2023-07-03 00:00:00+00:00,BRK-B,lightgbm_quantile,nonsentiment,20,difference,342.0,341.3872868170238,0.612713182976222,0.612713182976222
2023-07-05 00:00:00+00:00,BRK-B,lightgbm_quantile,nonsentiment,20,difference,341.5599975585937,342.5710243161758,-1.0110267575821013,1.0110267575821013
2023-07-06 00:00:00+00:00,BRK-B,lightgbm_quantile,nonsentiment,20,difference,341.4599914550781,342.0093005542289,-0.5493090991507756,0.5493090991507756
2023-07-07 00:00:00+00:00,BRK-B,lightgbm_quantile,nonsentiment,20,difference,340.8999938964844,342.04653242233945,-1.1465385258550782,1.1465385258550782
2023-07-10 00:00:00+00:00,BRK-B,lightgbm_quantile,nonsentiment,20,difference,341.1300048828125,341.3687620389631,-0.2387571561505979,0.2387571561505979
2023-07-11 00:00:00+00:00,BRK-B,lightgbm_quantile,nonsentiment,20,difference,343.3699951171875,341.5188672221102,1.8511278950772976,1.8511278950772976
2023-07-12 00:00:00+00:00,BRK-B,lightgbm_quantile,nonsentiment,20,difference,345.3500061035156,344.0348800810544,1.3151260224612429,1.3151260224612429
2023-07-13 00:00:00+00:00,BRK-B,lightgbm_quantile,nonsentiment,20,difference,343.5400085449219,346.0731985311959,-2.53318998627401,2.53318998627401
2023-07-14 00:00:00+00:00,BRK-B,lightgbm_quantile,nonsentiment,20,difference,341.0899963378906,344.33022302598494,-3.2402266880943102,3.2402266880943102
2023-07-17 00:00:00+00:00,BRK-B,lightgbm_quantile,nonsentiment,20,difference,344.25,341.6426420337285,2.607357966271479,2.607357966271479
2023-07-18 00:00:00+00:00,BRK-B,lightgbm_quantile,nonsentiment,20,difference,345.3399963378906,345.47030887040563,-0.1303125325150063,0.1303125325150063
2023-07-19 00:00:00+00:00,BRK-B,lightgbm_quantile,nonsentiment,20,difference,342.42999267578125,346.03170457808756,-3.601711902306306,3.601711902306306
2023-07-20 00:00:00+00:00,BRK-B,lightgbm_quantile,nonsentiment,20,difference,346.6099853515625,343.2306874710148,3.3792978805477105,3.3792978805477105
2023-07-21 00:00:00+00:00,BRK-B,lightgbm_quantile,nonsentiment,20,difference,345.760009765625,347.34583944814875,-1.5858296825237517,1.5858296825237517
2023-07-24 00:00:00+00:00,BRK-B,lightgbm_quantile,nonsentiment,20,difference,349.6300048828125,346.4332992333754,3.1967056494370922,3.1967056494370922
2023-07-25 00:00:00+00:00,BRK-B,lightgbm_quantile,nonsentiment,20,difference,347.5799865722656,350.2696330262725,-2.6896464540068905,2.6896464540068905
2023-07-26 00:00:00+00:00,BRK-B,lightgbm_quantile,nonsentiment,20,difference,349.79998779296875,348.1527100844324,1.6472777085363646,1.6472777085363646
2023-07-27 00:00:00+00:00,BRK-B,lightgbm_quantile,nonsentiment,20,difference,349.3099975585937,350.63390127519574,-1.3239037166020466,1.3239037166020466
2023-07-28 00:00:00+00:00,BRK-B,lightgbm_quantile,nonsentiment,20,difference,349.8099975585937,349.85134821969297,-0.041350661099272656,0.041350661099272656
2023-07-31 00:00:00+00:00,BRK-B,lightgbm_quantile,nonsentiment,20,difference,351.9599914550781,350.48758529125325,1.4724061638248713,1.4724061638248713
2023-08-01 00:00:00+00:00,BRK-B,lightgbm_quantile,nonsentiment,20,difference,352.260009765625,352.7199810811888,-0.45997131556379145,0.45997131556379145
2023-08-02 00:00:00+00:00,BRK-B,lightgbm_quantile,nonsentiment,20,difference,351.19000244140625,353.0392152514942,-1.8492128100879768,1.8492128100879768
2023-08-03 00:00:00+00:00,BRK-B,lightgbm_quantile,nonsentiment,20,difference,353.8099975585937,351.506708816068,2.3032887425256945,2.3032887425256945
2023-08-04 00:00:00+00:00,BRK-B,lightgbm_quantile,nonsentiment,20,difference,349.989990234375,354.6674950065466,-4.677504772171574,4.677504772171574
2023-08-07 00:00:00+00:00,BRK-B,lightgbm_quantile,nonsentiment,20,difference,362.5799865722656,350.75147263389556,11.828513938370065,11.828513938370065
2023-08-08 00:00:00+00:00,BRK-B,lightgbm_quantile,nonsentiment,20,difference,363.7300109863281,362.9176266995822,0.812384286745953,0.812384286745953
2023-08-09 00:00:00+00:00,BRK-B,lightgbm_quantile,nonsentiment,20,difference,358.0199890136719,364.23660159998593,-6.216612586314056,6.216612586314056
2023-08-10 00:00:00+00:00,BRK-B,lightgbm_quantile,nonsentiment,20,difference,356.9800109863281,358.2089867014807,-1.2289757151525578,1.2289757151525578
2023-08-11 00:00:00+00:00,BRK-B,lightgbm_quantile,nonsentiment,20,difference,358.3500061035156,357.5353540935142,0.8146520100014527,0.8146520100014527
2023-08-14 00:00:00+00:00,BRK-B,lightgbm_quantile,nonsentiment,20,difference,358.4800109863281,359.1323835985977,-0.6523726122695734,0.6523726122695734
2023-08-15 00:00:00+00:00,BRK-B,lightgbm_quantile,nonsentiment,20,difference,354.5,359.08526932136516,-4.5852693213651605,4.5852693213651605
2023-08-16 00:00:00+00:00,BRK-B,lightgbm_quantile,nonsentiment,20,difference,354.1099853515625,355.07698219998616,-0.966996848423662,0.966996848423662
2023-08-17 00:00:00+00:00,BRK-B,lightgbm_quantile,nonsentiment,20,difference,353.19000244140625,355.0201714898466,-1.8301690484403252,1.8301690484403252
2023-08-18 00:00:00+00:00,BRK-B,lightgbm_quantile,nonsentiment,20,difference,352.5599975585937,353.8344081180735,-1.2744105594798043,1.2744105594798043
2023-08-21 00:00:00+00:00,BRK-B,lightgbm_quantile,nonsentiment,20,difference,352.0899963378906,353.1891591890325,-1.099162851141898,1.099162851141898
2023-08-22 00:00:00+00:00,BRK-B,lightgbm_quantile,nonsentiment,20,difference,350.57000732421875,352.59165217040317,-2.021644846184415,2.021644846184415
2023-08-23 00:00:00+00:00,BRK-B,lightgbm_quantile,nonsentiment,20,difference,354.260009765625,351.24017481798535,3.0198349476396515,3.0198349476396515
2023-08-24 00:00:00+00:00,BRK-B,lightgbm_quantile,nonsentiment,20,difference,354.29998779296875,354.81506186586944,-0.5150740729006884,0.5150740729006884
2023-08-25 00:00:00+00:00,BRK-B,lightgbm_quantile,nonsentiment,20,difference,355.92999267578125,354.7285065315326,1.2014861442486335,1.2014861442486335
2023-08-28 00:00:00+00:00,BRK-B,lightgbm_quantile,nonsentiment,20,difference,355.54998779296875,356.54311953318427,-0.9931317402155173,0.9931317402155173
2023-08-29 00:00:00+00:00,BRK-B,lightgbm_quantile,nonsentiment,20,difference,358.2900085449219,356.3659808428131,1.9240277021087877,1.9240277021087877
2023-08-30 00:00:00+00:00,BRK-B,lightgbm_quantile,nonsentiment,20,difference,361.05999755859375,358.91226966523124,2.1477278933625144,2.1477278933625144
2023-08-31 00:00:00+00:00,BRK-B,lightgbm_quantile,nonsentiment,20,difference,360.20001220703125,361.83927404662086,-1.639261839589608,1.639261839589608
2023-09-01 00:00:00+00:00,BRK-B,lightgbm_quantile,nonsentiment,20,difference,362.4599914550781,361.22521658972175,1.2347748653563713,1.2347748653563713
2023-09-05 00:00:00+00:00,BRK-B,lightgbm_quantile,nonsentiment,20,difference,360.4700012207031,363.35829270035396,-2.8882914796508317,2.8882914796508317
2023-09-06 00:00:00+00:00,BRK-B,lightgbm_quantile,nonsentiment,20,difference,361.6700134277344,361.0036742865889,0.6663391411454995,0.6663391411454995
2023-09-07 00:00:00+00:00,BRK-B,lightgbm_quantile,nonsentiment,20,difference,361.7999877929688,362.5543031002052,-0.754315307236368,0.754315307236368
2023-09-08 00:00:00+00:00,BRK-B,lightgbm_quantile,nonsentiment,20,difference,363.1499938964844,362.2210131863453,0.9289807101390579,0.9289807101390579
2023-09-11 00:00:00+00:00,BRK-B,lightgbm_quantile,nonsentiment,20,difference,365.5199890136719,363.60536352485093,1.9146254888209455,1.9146254888209455
2023-09-12 00:00:00+00:00,BRK-B,lightgbm_quantile,nonsentiment,20,difference,367.7799987792969,366.3208696923336,1.4591290869632871,1.4591290869632871
2023-09-13 00:00:00+00:00,BRK-B,lightgbm_quantile,nonsentiment,20,difference,367.8200073242188,368.44639832210174,-0.6263909978829361,0.6263909978829361
2023-09-14 00:00:00+00:00,BRK-B,lightgbm_quantile,nonsentiment,20,difference,369.5,368.0637269377219,1.436273062278076,1.436273062278076
2023-09-15 00:00:00+00:00,BRK-B,lightgbm_quantile,nonsentiment,20,difference,367.8599853515625,370.1566021659378,-2.296616814375284,2.296616814375284
2023-09-18 00:00:00+00:00,BRK-B,lightgbm_quantile,nonsentiment,20,difference,370.4299926757813,368.37630248576653,2.053690190014777,2.053690190014777
2023-09-19 00:00:00+00:00,BRK-B,lightgbm_quantile,nonsentiment,20,difference,370.4800109863281,370.37755425538376,0.10245673094436825,0.10245673094436825
2023-09-20 00:00:00+00:00,BRK-B,lightgbm_quantile,nonsentiment,20,difference,366.8200073242188,371.0849741295754,-4.264966805356607,4.264966805356607
2023-09-21 00:00:00+00:00,BRK-B,lightgbm_quantile,nonsentiment,20,difference,363.2799987792969,367.18472796579886,-3.9047291865019815,3.9047291865019815
2023-09-22 00:00:00+00:00,BRK-B,lightgbm_quantile,nonsentiment,20,difference,360.1600036621094,363.6005668150909,-3.440563152981497,3.440563152981497
2023-09-25 00:00:00+00:00,BRK-B,lightgbm_quantile,nonsentiment,20,difference,361.7099914550781,360.61273053843837,1.0972609166397547,1.0972609166397547
2023-09-26 00:00:00+00:00,BRK-B,lightgbm_quantile,nonsentiment,20,difference,359.4200134277344,362.2512054850862,-2.8311920573518137,2.8311920573518137
2023-09-27 00:00:00+00:00,BRK-B,lightgbm_quantile,nonsentiment,20,difference,357.7799987792969,359.81278054588506,-2.0327817665881867,2.0327817665881867
2023-09-28 00:00:00+00:00,BRK-B,lightgbm_quantile,nonsentiment,20,difference,357.0599975585937,357.8576819191525,-0.7976843605588329,0.7976843605588329
2023-09-29 00:00:00+00:00,BRK-B,lightgbm_quantile,nonsentiment,20,difference,350.29998779296875,357.63350441032776,-7.33351661735901,7.33351661735901
2023-10-02 00:00:00+00:00,BRK-B,lightgbm_quantile,nonsentiment,20,difference,348.0799865722656,350.7702718276683,-2.690285255402671,2.690285255402671
2023-10-03 00:00:00+00:00,BRK-B,lightgbm_quantile,nonsentiment,20,difference,343.0400085449219,348.5873211406357,-5.547312595713834,5.547312595713834
2023-10-04 00:00:00+00:00,BRK-B,lightgbm_quantile,nonsentiment,20,difference,343.69000244140625,344.1589709381311,-0.4689684967248695,0.4689684967248695
2023-10-05 00:00:00+00:00,BRK-B,lightgbm_quantile,nonsentiment,20,difference,345.0599975585937,343.99318603280665,1.0668115257870454,1.0668115257870454
2023-10-06 00:00:00+00:00,BRK-B,lightgbm_quantile,nonsentiment,20,difference,346.3399963378906,345.7477286266387,0.5922677112519068,0.5922677112519068
2023-10-09 00:00:00+00:00,BRK-B,lightgbm_quantile,nonsentiment,20,difference,345.45001220703125,347.1226118572717,-1.6725996502404428,1.6725996502404428
2023-10-10 00:00:00+00:00,BRK-B,lightgbm_quantile,nonsentiment,20,difference,348.5599975585937,346.22716431942416,2.3328332391695312,2.3328332391695312
2023-10-11 00:00:00+00:00,BRK-B,lightgbm_quantile,nonsentiment,20,difference,348.42999267578125,349.229136611858,-0.7991439360767458,0.7991439360767458
2023-10-12 00:00:00+00:00,BRK-B,lightgbm_quantile,nonsentiment,20,difference,345.6600036621094,348.9488205036274,-3.2888168415180417,3.2888168415180417
2023-10-13 00:00:00+00:00,BRK-B,lightgbm_quantile,nonsentiment,20,difference,345.0899963378906,346.5367295325686,-1.446733194677961,1.446733194677961
2023-10-16 00:00:00+00:00,BRK-B,lightgbm_quantile,nonsentiment,20,difference,346.2300109863281,345.7879313764143,0.4420796099138329,0.4420796099138329
2023-10-17 00:00:00+00:00,BRK-B,lightgbm_quantile,nonsentiment,20,difference,345.3900146484375,346.5632175243304,-1.1732028758929118,1.1732028758929118
2023-10-18 00:00:00+00:00,BRK-B,lightgbm_quantile,nonsentiment,20,difference,340.8900146484375,345.5299136677498,-4.639899019312281,4.639899019312281
2023-10-19 00:00:00+00:00,BRK-B,lightgbm_quantile,nonsentiment,20,difference,338.6600036621094,341.4251357643875,-2.7651321022781303,2.7651321022781303
2023-10-20 00:00:00+00:00,BRK-B,lightgbm_quantile,nonsentiment,20,difference,335.8599853515625,339.40868803041377,-3.5487026788512708,3.5487026788512708
2023-10-23 00:00:00+00:00,BRK-B,lightgbm_quantile,nonsentiment,20,difference,336.8399963378906,335.85454657110677,0.9854497667838586,0.9854497667838586
2023-10-24 00:00:00+00:00,BRK-B,lightgbm_quantile,nonsentiment,20,difference,338.6300048828125,337.736272048496,0.893732834316495,0.893732834316495
2023-10-25 00:00:00+00:00,BRK-B,lightgbm_quantile,nonsentiment,20,difference,336.8999938964844,339.5325435596812,-2.632549663196812,2.632549663196812
2023-10-26 00:00:00+00:00,BRK-B,lightgbm_quantile,nonsentiment,20,difference,336.1600036621094,337.54121109305686,-1.3812074309474838,1.3812074309474838
2023-10-27 00:00:00+00:00,BRK-B,lightgbm_quantile,nonsentiment,20,difference,331.7099914550781,337.10415838304857,-5.394166927970446,5.394166927970446
2023-10-30 00:00:00+00:00,BRK-B,lightgbm_quantile,nonsentiment,20,difference,337.4100036621094,332.50835100070714,4.901652661402238,4.901652661402238
2023-10-31 00:00:00+00:00,BRK-B,lightgbm_quantile,nonsentiment,20,difference,341.3299865722656,338.35968971624027,2.9702968560253566,2.9702968560253566
2023-11-01 00:00:00+00:00,BRK-B,lightgbm_quantile,nonsentiment,20,difference,343.75,341.8969365777376,1.8530634222623803,1.8530634222623803
2023-11-02 00:00:00+00:00,BRK-B,lightgbm_quantile,nonsentiment,20,difference,349.0199890136719,344.2226689722579,4.797320041413968,4.797320041413968
2023-11-03 00:00:00+00:00,BRK-B,lightgbm_quantile,nonsentiment,20,difference,351.8099975585937,349.6904801881957,2.1195173703980004,2.1195173703980004
2023-11-06 00:00:00+00:00,BRK-B,lightgbm_quantile,nonsentiment,20,difference,346.6300048828125,352.04756387109916,-5.4175589882866575,5.4175589882866575
2023-11-07 00:00:00+00:00,BRK-B,lightgbm_quantile,nonsentiment,20,difference,346.1700134277344,347.02935621369045,-0.8593427859560734,0.8593427859560734
2023-11-08 00:00:00+00:00,BRK-B,lightgbm_quantile,nonsentiment,20,difference,346.29998779296875,346.62414775078935,-0.3241599578205978,0.3241599578205978
2023-11-09 00:00:00+00:00,BRK-B,lightgbm_quantile,nonsentiment,20,difference,348.17999267578125,347.01038768259383,1.16960499318742,1.16960499318742
2023-11-10 00:00:00+00:00,BRK-B,lightgbm_quantile,nonsentiment,20,difference,350.5599975585937,348.75944124346245,1.8005563151312458,1.8005563151312458
2023-11-13 00:00:00+00:00,BRK-B,lightgbm_quantile,nonsentiment,20,difference,350.010009765625,351.4121714632286,-1.402161697603617,1.402161697603617
2023-11-14 00:00:00+00:00,BRK-B,lightgbm_quantile,nonsentiment,20,difference,354.25,350.9764883247297,3.2735116752702993,3.2735116752702993
2023-11-15 00:00:00+00:00,BRK-B,lightgbm_quantile,nonsentiment,20,difference,356.7900085449219,354.79845582342256,1.9915527214993176,1.9915527214993176
2023-11-16 00:00:00+00:00,BRK-B,lightgbm_quantile,nonsentiment,20,difference,359.8599853515625,357.6277437176874,2.2322416338751054,2.2322416338751054
2023-11-17 00:00:00+00:00,BRK-B,lightgbm_quantile,nonsentiment,20,difference,358.92999267578125,360.3935376146779,-1.4635449388966322,1.4635449388966322
2023-11-20 00:00:00+00:00,BRK-B,lightgbm_quantile,nonsentiment,20,difference,361.3299865722656,359.5616438556951,1.7683427165705439,1.7683427165705439
2023-11-21 00:00:00+00:00,BRK-B,lightgbm_quantile,nonsentiment,20,difference,361.0,361.6046860715622,-0.6046860715621847,0.6046860715621847
2023-11-22 00:00:00+00:00,BRK-B,lightgbm_quantile,nonsentiment,20,difference,361.7999877929688,361.5326323100614,0.2673554829074192,0.2673554829074192
2023-11-24 00:00:00+00:00,BRK-B,lightgbm_quantile,nonsentiment,20,difference,362.6799926757813,362.4655398528783,0.21445282290301293,0.21445282290301293
2023-11-27 00:00:00+00:00,BRK-B,lightgbm_quantile,nonsentiment,20,difference,361.3399963378906,363.5840130515804,-2.2440167136898026,2.2440167136898026
2023-11-28 00:00:00+00:00,BRK-B,lightgbm_quantile,nonsentiment,20,difference,360.04998779296875,361.9236213594602,-1.873633566491435,1.873633566491435
2023-11-29 00:00:00+00:00,BRK-B,lightgbm_quantile,nonsentiment,20,difference,358.69000244140625,361.1448151377692,-2.4548126963629784,2.4548126963629784
2023-11-30 00:00:00+00:00,BRK-B,lightgbm_quantile,nonsentiment,20,difference,360.0,359.83889728310646,0.16110271689353794,0.16110271689353794
2023-12-01 00:00:00+00:00,BRK-B,lightgbm_quantile,nonsentiment,20,difference,357.07000732421875,360.47033780641357,-3.4003304821948177,3.4003304821948177
2023-12-04 00:00:00+00:00,BRK-B,lightgbm_quantile,nonsentiment,20,difference,356.6600036621094,357.11451236127044,-0.4545086991610674,0.4545086991610674
2023-12-05 00:00:00+00:00,BRK-B,lightgbm_quantile,nonsentiment,20,difference,355.0299987792969,357.6549054000321,-2.624906620735203,2.624906620735203
2023-12-06 00:00:00+00:00,BRK-B,lightgbm_quantile,nonsentiment,20,difference,352.3800048828125,355.73496237026427,-3.3549574874517702,3.3549574874517702
2023-12-07 00:00:00+00:00,BRK-B,lightgbm_quantile,nonsentiment,20,difference,352.70001220703125,352.7775234407237,-0.07751123369246216,0.07751123369246216
2023-12-08 00:00:00+00:00,BRK-B,lightgbm_quantile,nonsentiment,20,difference,353.0799865722656,353.3840152523396,-0.30402868007399775,0.30402868007399775
2023-12-11 00:00:00+00:00,BRK-B,lightgbm_quantile,nonsentiment,20,difference,357.0599975585937,353.8578455800118,3.202151978581867,3.202151978581867
2023-12-12 00:00:00+00:00,BRK-B,lightgbm_quantile,nonsentiment,20,difference,360.0199890136719,357.37812654805253,2.64186246561934,2.64186246561934
2023-12-13 00:00:00+00:00,BRK-B,lightgbm_quantile,nonsentiment,20,difference,362.0299987792969,360.5177088076317,1.5122899716651546,1.5122899716651546
2023-12-14 00:00:00+00:00,BRK-B,lightgbm_quantile,nonsentiment,20,difference,358.1199951171875,362.96075424083074,-4.840759123643238,4.840759123643238
2023-12-15 00:00:00+00:00,BRK-B,lightgbm_quantile,nonsentiment,20,difference,356.5,358.5720533118441,-2.0720533118441153,2.0720533118441153
