Date,Stock,Model,Mode,Lag_Count,Target_Transform,Actual,Predicted,Residual,Absolute_Error
2021-02-26 00:00:00+00:00,BRK-B,lightgbm_quantile,sentiment,20,log_return,240.509994506836,243.9943507404942,-3.484356233658218,3.484356233658218
2021-03-01 00:00:00+00:00,BRK-B,lightgbm_quantile,sentiment,20,log_return,249.2100067138672,240.5906637883822,8.619342925485,8.619342925485
2021-03-02 00:00:00+00:00,BRK-B,lightgbm_quantile,sentiment,20,log_return,249.22000122070312,248.71030559813528,0.5096956225678468,0.5096956225678468
2021-03-03 00:00:00+00:00,BRK-B,lightgbm_quantile,sentiment,20,log_return,251.5500030517578,249.1543463478175,2.3956567039403183,2.3956567039403183
2021-03-04 00:00:00+00:00,BRK-B,lightgbm_quantile,sentiment,20,log_return,245.47999572753903,251.8675969198321,-6.387601192293062,6.387601192293062
2021-03-05 00:00:00+00:00,BRK-B,lightgbm_quantile,sentiment,20,log_return,253.1499938964844,245.8802502113024,7.269743685181993,7.269743685181993
2021-03-08 00:00:00+00:00,BRK-B,lightgbm_quantile,sentiment,20,log_return,257.6099853515625,253.0822853186401,4.527700032922411,4.527700032922411
2021-03-09 00:00:00+00:00,BRK-B,lightgbm_quantile,sentiment,20,log_return,259.0199890136719,257.4440274089116,1.5759616047602663,1.5759616047602663
2021-03-10 00:00:00+00:00,BRK-B,lightgbm_quantile,sentiment,20,log_return,263.989990234375,258.754952181266,5.235038053109008,5.235038053109008
2021-03-11 00:00:00+00:00,BRK-B,lightgbm_quantile,sentiment,20,log_return,260.9100036621094,263.4530096700591,-2.543006007949714,2.543006007949714
2021-03-12 00:00:00+00:00,BRK-B,lightgbm_quantile,sentiment,20,log_return,260.0199890136719,260.22992036428303,-0.20993135061115709,0.20993135061115709
2021-03-15 00:00:00+00:00,BRK-B,lightgbm_quantile,sentiment,20,log_return,254.6100006103516,259.423913611032,-4.813913000680401,4.813913000680401
2021-03-16 00:00:00+00:00,BRK-B,lightgbm_quantile,sentiment,20,log_return,251.5,255.1520413884022,-3.6520413884022105,3.6520413884022105
2021-03-17 00:00:00+00:00,BRK-B,lightgbm_quantile,sentiment,20,log_return,252.0,252.41389779079512,-0.4138977907951187,0.4138977907951187
2021-03-18 00:00:00+00:00,BRK-B,lightgbm_quantile,sentiment,20,log_return,252.4600067138672,252.5392708057738,-0.07926409190662298,0.07926409190662298
2021-03-19 00:00:00+00:00,BRK-B,lightgbm_quantile,sentiment,20,log_return,250.9900054931641,252.9596228183433,-1.9696173251792004,1.9696173251792004
2021-03-22 00:00:00+00:00,BRK-B,lightgbm_quantile,sentiment,20,log_return,250.3600006103516,251.532265558299,-1.1722649479474114,1.1722649479474114
2021-03-23 00:00:00+00:00,BRK-B,lightgbm_quantile,sentiment,20,log_return,248.3099975585937,250.39702043371557,-2.0870228751218747,2.0870228751218747
2021-03-24 00:00:00+00:00,BRK-B,lightgbm_quantile,sentiment,20,log_return,249.6300048828125,248.3905408839549,1.2394639988575875,1.2394639988575875
2021-03-25 00:00:00+00:00,BRK-B,lightgbm_quantile,sentiment,20,log_return,250.75,249.91014617177177,0.8398538282282288,0.8398538282282288
2021-03-26 00:00:00+00:00,BRK-B,lightgbm_quantile,sentiment,20,log_return,256.7699890136719,251.87548822307568,4.894500790596197,4.894500790596197
2021-03-29 00:00:00+00:00,BRK-B,lightgbm_quantile,sentiment,20,log_return,258.82000732421875,257.85914938930523,0.9608579349135198,0.9608579349135198
2021-03-30 00:00:00+00:00,BRK-B,lightgbm_quantile,sentiment,20,log_return,258.19000244140625,259.5345450969877,-1.3445426555814493,1.3445426555814493
2021-03-31 00:00:00+00:00,BRK-B,lightgbm_quantile,sentiment,20,log_return,255.47000122070312,259.5668926829136,-4.096891462210465,4.096891462210465
2021-04-01 00:00:00+00:00,BRK-B,lightgbm_quantile,sentiment,20,log_return,258.20001220703125,256.32616793820745,1.8738442688238024,1.8738442688238024
2021-04-05 00:00:00+00:00,BRK-B,lightgbm_quantile,sentiment,20,log_return,262.6600036621094,258.60971164170803,4.0502920204013435,4.0502920204013435
2021-04-06 00:00:00+00:00,BRK-B,lightgbm_quantile,sentiment,20,log_return,263.0599975585937,263.4671939717662,-0.4071964131725281,0.4071964131725281
2021-04-07 00:00:00+00:00,BRK-B,lightgbm_quantile,sentiment,20,log_return,263.6199951171875,264.1645555315476,-0.5445604143600917,0.5445604143600917
2021-04-08 00:00:00+00:00,BRK-B,lightgbm_quantile,sentiment,20,log_return,263.510009765625,264.61779701660265,-1.1077872509776512,1.1077872509776512
2021-04-09 00:00:00+00:00,BRK-B,lightgbm_quantile,sentiment,20,log_return,266.010009765625,264.7279284725649,1.2820812930601164,1.2820812930601164
2021-04-12 00:00:00+00:00,BRK-B,lightgbm_quantile,sentiment,20,log_return,267.92999267578125,266.18784822084734,1.7421444549339071,1.7421444549339071
2021-04-13 00:00:00+00:00,BRK-B,lightgbm_quantile,sentiment,20,log_return,267.1000061035156,268.82183774514243,-1.7218316416268067,1.7218316416268067
2021-04-14 00:00:00+00:00,BRK-B,lightgbm_quantile,sentiment,20,log_return,267.5299987792969,266.8021276365535,0.7278711427433677,0.7278711427433677
2021-04-15 00:00:00+00:00,BRK-B,lightgbm_quantile,sentiment,20,log_return,269.1400146484375,268.00578722422324,1.1342274242142594,1.1342274242142594
2021-04-16 00:00:00+00:00,BRK-B,lightgbm_quantile,sentiment,20,log_return,272.1099853515625,269.912334604497,2.197650747065495,2.197650747065495
2021-04-19 00:00:00+00:00,BRK-B,lightgbm_quantile,sentiment,20,log_return,270.2799987792969,272.81169909898864,-2.5317003196917653,2.5317003196917653
2021-04-20 00:00:00+00:00,BRK-B,lightgbm_quantile,sentiment,20,log_return,267.8900146484375,271.7544395348305,-3.86442488639301,3.86442488639301
2021-04-21 00:00:00+00:00,BRK-B,lightgbm_quantile,sentiment,20,log_return,272.2099914550781,268.34231142321516,3.8676800318629603,3.8676800318629603
2021-04-22 00:00:00+00:00,BRK-B,lightgbm_quantile,sentiment,20,log_return,269.510009765625,273.1058194454715,-3.595809679846525,3.595809679846525
2021-04-23 00:00:00+00:00,BRK-B,lightgbm_quantile,sentiment,20,log_return,271.9800109863281,270.3513831157604,1.6286278705676978,1.6286278705676978
2021-04-26 00:00:00+00:00,BRK-B,lightgbm_quantile,sentiment,20,log_return,270.8599853515625,272.85807647430903,-1.99809112274653,1.99809112274653
2021-04-27 00:00:00+00:00,BRK-B,lightgbm_quantile,sentiment,20,log_return,273.6499938964844,272.3181442881168,1.3318496083675768,1.3318496083675768
2021-04-28 00:00:00+00:00,BRK-B,lightgbm_quantile,sentiment,20,log_return,272.95001220703125,274.34710455309147,-1.3970923460602194,1.3970923460602194
2021-04-29 00:00:00+00:00,BRK-B,lightgbm_quantile,sentiment,20,log_return,277.6000061035156,273.708979917992,3.8910261855236286,3.8910261855236286
2021-04-30 00:00:00+00:00,BRK-B,lightgbm_quantile,sentiment,20,log_return,274.95001220703125,277.851508186539,-2.901495979507729,2.901495979507729
2021-05-03 00:00:00+00:00,BRK-B,lightgbm_quantile,sentiment,20,log_return,279.17999267578125,275.4896079857514,3.690384690029873,3.690384690029873
2021-05-04 00:00:00+00:00,BRK-B,lightgbm_quantile,sentiment,20,log_return,280.260009765625,279.5189582183913,0.7410515472337238,0.7410515472337238
2021-05-05 00:00:00+00:00,BRK-B,lightgbm_quantile,sentiment,20,log_return,282.760009765625,280.26659854192974,2.4934112236952615,2.4934112236952615
2021-05-06 00:00:00+00:00,BRK-B,lightgbm_quantile,sentiment,20,log_return,289.7099914550781,282.83449814365474,6.875493311423384,6.875493311423384
2021-05-07 00:00:00+00:00,BRK-B,lightgbm_quantile,sentiment,20,log_return,290.92999267578125,289.94693211414386,0.9830605616373873,0.9830605616373873
2021-05-10 00:00:00+00:00,BRK-B,lightgbm_quantile,sentiment,20,log_return,292.3299865722656,291.1839294756584,1.146057096607251,1.146057096607251
2021-05-11 00:00:00+00:00,BRK-B,lightgbm_quantile,sentiment,20,log_return,285.6300048828125,292.52959706028463,-6.89959217747213,6.89959217747213
2021-05-12 00:00:00+00:00,BRK-B,lightgbm_quantile,sentiment,20,log_return,282.9100036621094,285.4258598491139,-2.5158561870045446,2.5158561870045446
2021-05-13 00:00:00+00:00,BRK-B,lightgbm_quantile,sentiment,20,log_return,286.8999938964844,282.9599540925187,3.9400398039657034,3.9400398039657034
2021-05-14 00:00:00+00:00,BRK-B,lightgbm_quantile,sentiment,20,log_return,290.67999267578125,287.1931879577052,3.48680471807603,3.48680471807603
2021-05-17 00:00:00+00:00,BRK-B,lightgbm_quantile,sentiment,20,log_return,289.2200012207031,291.0700687596021,-1.8500675388989976,1.8500675388989976
2021-05-18 00:00:00+00:00,BRK-B,lightgbm_quantile,sentiment,20,log_return,287.5899963378906,289.35822723269405,-1.7682308948034233,1.7682308948034233
2021-05-19 00:00:00+00:00,BRK-B,lightgbm_quantile,sentiment,20,log_return,286.2200012207031,287.8056394168517,-1.5856381961485795,1.5856381961485795
2021-05-20 00:00:00+00:00,BRK-B,lightgbm_quantile,sentiment,20,log_return,286.7300109863281,286.0980102882283,0.6320006980998301,0.6320006980998301
2021-05-21 00:00:00+00:00,BRK-B,lightgbm_quantile,sentiment,20,log_return,287.739990234375,286.6609912340276,1.0789990003473804,1.0789990003473804
2021-05-24 00:00:00+00:00,BRK-B,lightgbm_quantile,sentiment,20,log_return,289.7300109863281,288.0159867983982,1.7140241879299083,1.7140241879299083
2021-05-25 00:00:00+00:00,BRK-B,lightgbm_quantile,sentiment,20,log_return,287.20001220703125,289.62686355959386,-2.4268513525626076,2.4268513525626076
2021-05-26 00:00:00+00:00,BRK-B,lightgbm_quantile,sentiment,20,log_return,287.3299865722656,287.17057242511004,0.15941414715558722,0.15941414715558722
2021-05-27 00:00:00+00:00,BRK-B,lightgbm_quantile,sentiment,20,log_return,289.29998779296875,287.913399908971,1.3865878839977768,1.3865878839977768
2021-05-28 00:00:00+00:00,BRK-B,lightgbm_quantile,sentiment,20,log_return,289.44000244140625,289.80419967041956,-0.364197229013314,0.364197229013314
2021-06-01 00:00:00+00:00,BRK-B,lightgbm_quantile,sentiment,20,log_return,289.8399963378906,290.63963794764084,-0.7996416097502106,0.7996416097502106
2021-06-02 00:00:00+00:00,BRK-B,lightgbm_quantile,sentiment,20,log_return,290.0199890136719,290.73654629094193,-0.7165572772700557,0.7165572772700557
2021-06-03 00:00:00+00:00,BRK-B,lightgbm_quantile,sentiment,20,log_return,291.9700012207031,290.7374724734206,1.2325287472825153,1.2325287472825153
2021-06-04 00:00:00+00:00,BRK-B,lightgbm_quantile,sentiment,20,log_return,292.5199890136719,292.7543842668152,-0.23439525314330467,0.23439525314330467
2021-06-07 00:00:00+00:00,BRK-B,lightgbm_quantile,sentiment,20,log_return,289.4599914550781,293.3287548502878,-3.868763395209669,3.868763395209669
2021-06-08 00:00:00+00:00,BRK-B,lightgbm_quantile,sentiment,20,log_return,289.19000244140625,289.69931712973533,-0.5093146883290842,0.5093146883290842
2021-06-09 00:00:00+00:00,BRK-B,lightgbm_quantile,sentiment,20,log_return,288.5799865722656,289.45793301255895,-0.8779464402933286,0.8779464402933286
2021-06-10 00:00:00+00:00,BRK-B,lightgbm_quantile,sentiment,20,log_return,284.9100036621094,289.35359815449743,-4.443594492388058,4.443594492388058
2021-06-11 00:00:00+00:00,BRK-B,lightgbm_quantile,sentiment,20,log_return,286.82000732421875,285.0855932739606,1.734414050258124,1.734414050258124
2021-06-14 00:00:00+00:00,BRK-B,lightgbm_quantile,sentiment,20,log_return,283.5299987792969,287.61191394162347,-4.081915162326595,4.081915162326595
2021-06-15 00:00:00+00:00,BRK-B,lightgbm_quantile,sentiment,20,log_return,283.94000244140625,283.56131733540354,0.3786851060027061,0.3786851060027061
2021-06-16 00:00:00+00:00,BRK-B,lightgbm_quantile,sentiment,20,log_return,283.1099853515625,284.56240993415577,-1.4524245825932667,1.4524245825932667
2021-06-17 00:00:00+00:00,BRK-B,lightgbm_quantile,sentiment,20,log_return,278.69000244140625,283.7643891156627,-5.074386674256459,5.074386674256459
2021-06-18 00:00:00+00:00,BRK-B,lightgbm_quantile,sentiment,20,log_return,274.0400085449219,279.06597740875816,-5.025968863836283,5.025968863836283
2021-06-21 00:00:00+00:00,BRK-B,lightgbm_quantile,sentiment,20,log_return,277.1000061035156,274.3565541861886,2.743451917327036,2.743451917327036
2021-06-22 00:00:00+00:00,BRK-B,lightgbm_quantile,sentiment,20,log_return,276.9200134277344,277.4329007227149,-0.5128872949805441,0.5128872949805441
2021-06-23 00:00:00+00:00,BRK-B,lightgbm_quantile,sentiment,20,log_return,274.6600036621094,276.1252287340063,-1.4652250718969526,1.4652250718969526
2021-06-24 00:00:00+00:00,BRK-B,lightgbm_quantile,sentiment,20,log_return,275.489990234375,275.1053022669646,0.38468796741040023,0.38468796741040023
2021-06-25 00:00:00+00:00,BRK-B,lightgbm_quantile,sentiment,20,log_return,278.3800048828125,276.3720102561521,2.007994626660377,2.007994626660377
2021-06-28 00:00:00+00:00,BRK-B,lightgbm_quantile,sentiment,20,log_return,276.6099853515625,278.62302577026395,-2.0130404187014506,2.0130404187014506
2021-06-29 00:00:00+00:00,BRK-B,lightgbm_quantile,sentiment,20,log_return,276.2099914550781,277.3909423546927,-1.1809508996145723,1.1809508996145723
2021-06-30 00:00:00+00:00,BRK-B,lightgbm_quantile,sentiment,20,log_return,277.9200134277344,276.8049230881946,1.1150903395397904,1.1150903395397904
2021-07-01 00:00:00+00:00,BRK-B,lightgbm_quantile,sentiment,20,log_return,280.1700134277344,278.49398802369006,1.67602540404431,1.67602540404431
2021-07-02 00:00:00+00:00,BRK-B,lightgbm_quantile,sentiment,20,log_return,279.1199951171875,280.36642156764134,-1.2464264504538392,1.2464264504538392
2021-07-06 00:00:00+00:00,BRK-B,lightgbm_quantile,sentiment,20,log_return,277.32000732421875,279.56349365509743,-2.2434863308786817,2.2434863308786817
2021-07-07 00:00:00+00:00,BRK-B,lightgbm_quantile,sentiment,20,log_return,279.239990234375,278.44408773152765,0.7959025028473548,0.7959025028473548
2021-07-08 00:00:00+00:00,BRK-B,lightgbm_quantile,sentiment,20,log_return,274.1000061035156,280.2108171219005,-6.110811018384879,6.110811018384879
2021-07-09 00:00:00+00:00,BRK-B,lightgbm_quantile,sentiment,20,log_return,280.489990234375,274.3013530861553,6.188637148219698,6.188637148219698
2021-07-12 00:00:00+00:00,BRK-B,lightgbm_quantile,sentiment,20,log_return,280.1099853515625,281.101938358381,-0.9919530068185054,0.9919530068185054
2021-07-13 00:00:00+00:00,BRK-B,lightgbm_quantile,sentiment,20,log_return,279.2099914550781,280.85414244302524,-1.6441509879471141,1.6441509879471141
2021-07-14 00:00:00+00:00,BRK-B,lightgbm_quantile,sentiment,20,log_return,278.3099975585937,280.0803010218708,-1.7703034632771164,1.7703034632771164
2021-07-15 00:00:00+00:00,BRK-B,lightgbm_quantile,sentiment,20,log_return,279.7200012207031,278.67654351386363,1.0434577068394901,1.0434577068394901
2021-07-16 00:00:00+00:00,BRK-B,lightgbm_quantile,sentiment,20,log_return,277.8999938964844,280.96342594201593,-3.063432045531556,3.063432045531556
2021-07-19 00:00:00+00:00,BRK-B,lightgbm_quantile,sentiment,20,log_return,272.6600036621094,278.4500822350778,-5.790078572968412,5.790078572968412
2021-07-20 00:00:00+00:00,BRK-B,lightgbm_quantile,sentiment,20,log_return,276.8900146484375,272.7668476238446,4.123167024592874,4.123167024592874
2021-07-21 00:00:00+00:00,BRK-B,lightgbm_quantile,sentiment,20,log_return,279.8800048828125,277.17835643244644,2.701648450366065,2.701648450366065
2021-07-22 00:00:00+00:00,BRK-B,lightgbm_quantile,sentiment,20,log_return,277.70001220703125,280.4690100482606,-2.76899784122935,2.76899784122935
2021-07-23 00:00:00+00:00,BRK-B,lightgbm_quantile,sentiment,20,log_return,278.489990234375,278.5196074020926,-0.029617167717617576,0.029617167717617576
2021-07-26 00:00:00+00:00,BRK-B,lightgbm_quantile,sentiment,20,log_return,278.79998779296875,279.07665717989585,-0.27666938692709664,0.27666938692709664
2021-07-27 00:00:00+00:00,BRK-B,lightgbm_quantile,sentiment,20,log_return,280.7799987792969,279.68936796908247,1.0906308102144067,1.0906308102144067
2021-07-28 00:00:00+00:00,BRK-B,lightgbm_quantile,sentiment,20,log_return,278.1000061035156,281.5430673729786,-3.443061269462987,3.443061269462987
2021-07-29 00:00:00+00:00,BRK-B,lightgbm_quantile,sentiment,20,log_return,279.760009765625,278.4958059161453,1.2642038494797134,1.2642038494797134
2021-07-30 00:00:00+00:00,BRK-B,lightgbm_quantile,sentiment,20,log_return,278.2900085449219,280.428665846564,-2.1386573016421266,2.1386573016421266
2021-08-02 00:00:00+00:00,BRK-B,lightgbm_quantile,sentiment,20,log_return,278.1400146484375,279.2569259691266,-1.1169113206890984,1.1169113206890984
2021-08-03 00:00:00+00:00,BRK-B,lightgbm_quantile,sentiment,20,log_return,281.79998779296875,278.563735453691,3.236252339277769,3.236252339277769
2021-08-04 00:00:00+00:00,BRK-B,lightgbm_quantile,sentiment,20,log_return,278.7799987792969,282.64496823335594,-3.8649694540590644,3.8649694540590644
2021-08-05 00:00:00+00:00,BRK-B,lightgbm_quantile,sentiment,20,log_return,280.2099914550781,280.0479007490224,0.1620907060557215,0.1620907060557215
2021-08-06 00:00:00+00:00,BRK-B,lightgbm_quantile,sentiment,20,log_return,285.6300048828125,281.39614096550724,4.233863917305257,4.233863917305257
2021-08-09 00:00:00+00:00,BRK-B,lightgbm_quantile,sentiment,20,log_return,287.2300109863281,286.3455096222741,0.8845013640540174,0.8845013640540174
2021-08-10 00:00:00+00:00,BRK-B,lightgbm_quantile,sentiment,20,log_return,288.94000244140625,287.56745730239567,1.3725451390105832,1.3725451390105832
2021-08-11 00:00:00+00:00,BRK-B,lightgbm_quantile,sentiment,20,log_return,291.2799987792969,289.65706665676174,1.6229321225351327,1.6229321225351327
2021-08-12 00:00:00+00:00,BRK-B,lightgbm_quantile,sentiment,20,log_return,290.239990234375,291.7321664731234,-1.4921762387484137,1.4921762387484137
2021-08-13 00:00:00+00:00,BRK-B,lightgbm_quantile,sentiment,20,log_return,287.8900146484375,290.85202957696237,-2.962014928524866,2.962014928524866
2021-08-16 00:00:00+00:00,BRK-B,lightgbm_quantile,sentiment,20,log_return,289.45001220703125,288.73969942425714,0.7103127827741105,0.7103127827741105
2021-08-17 00:00:00+00:00,BRK-B,lightgbm_quantile,sentiment,20,log_return,289.1000061035156,290.18494035686774,-1.0849342533521167,1.0849342533521167
2021-08-18 00:00:00+00:00,BRK-B,lightgbm_quantile,sentiment,20,log_return,286.3599853515625,290.05420090984813,-3.6942155582856344,3.6942155582856344
2021-08-19 00:00:00+00:00,BRK-B,lightgbm_quantile,sentiment,20,log_return,285.1300048828125,286.4728068802174,-1.3428019974048766,1.3428019974048766
2021-08-20 00:00:00+00:00,BRK-B,lightgbm_quantile,sentiment,20,log_return,285.2699890136719,285.46273156557436,-0.19274255190248368,0.19274255190248368
2021-08-23 00:00:00+00:00,BRK-B,lightgbm_quantile,sentiment,20,log_return,285.6199951171875,285.47054770237,0.14944741481747315,0.14944741481747315
2021-08-24 00:00:00+00:00,BRK-B,lightgbm_quantile,sentiment,20,log_return,286.0199890136719,286.0138963049124,0.006092708759467769,0.006092708759467769
2021-08-25 00:00:00+00:00,BRK-B,lightgbm_quantile,sentiment,20,log_return,287.29998779296875,286.4412370596728,0.858750733295949,0.858750733295949
2021-08-26 00:00:00+00:00,BRK-B,lightgbm_quantile,sentiment,20,log_return,285.2699890136719,288.01279572653533,-2.7428067128634552,2.7428067128634552
2021-08-27 00:00:00+00:00,BRK-B,lightgbm_quantile,sentiment,20,log_return,286.6000061035156,286.09175294902906,0.5082531544865674,0.5082531544865674
2021-08-30 00:00:00+00:00,BRK-B,lightgbm_quantile,sentiment,20,log_return,285.6600036621094,287.2097898079534,-1.5497861458440525,1.5497861458440525
2021-08-31 00:00:00+00:00,BRK-B,lightgbm_quantile,sentiment,20,log_return,285.7699890136719,286.6715155906914,-0.9015265770195242,0.9015265770195242
2021-09-01 00:00:00+00:00,BRK-B,lightgbm_quantile,sentiment,20,log_return,285.260009765625,286.1391163846302,-0.8791066190051993,0.8791066190051993
2021-09-02 00:00:00+00:00,BRK-B,lightgbm_quantile,sentiment,20,log_return,285.04998779296875,285.7827838646395,-0.732796071670748,0.732796071670748
2021-09-03 00:00:00+00:00,BRK-B,lightgbm_quantile,sentiment,20,log_return,281.8900146484375,285.5693770952839,-3.679362446846426,3.679362446846426
2021-09-07 00:00:00+00:00,BRK-B,lightgbm_quantile,sentiment,20,log_return,278.8999938964844,282.3468870542692,-3.446893157784814,3.446893157784814
2021-09-08 00:00:00+00:00,BRK-B,lightgbm_quantile,sentiment,20,log_return,279.3399963378906,279.1762821166131,0.16371422127753021,0.16371422127753021
2021-09-09 00:00:00+00:00,BRK-B,lightgbm_quantile,sentiment,20,log_return,278.6099853515625,279.95446608826205,-1.344480736699552,1.344480736699552
2021-09-10 00:00:00+00:00,BRK-B,lightgbm_quantile,sentiment,20,log_return,277.6000061035156,279.04802536379833,-1.448019260282706,1.448019260282706
2021-09-13 00:00:00+00:00,BRK-B,lightgbm_quantile,sentiment,20,log_return,279.9200134277344,278.09898079773933,1.8210326299950452,1.8210326299950452
2021-09-14 00:00:00+00:00,BRK-B,lightgbm_quantile,sentiment,20,log_return,277.20001220703125,280.40367412847684,-3.203661921445587,3.203661921445587
2021-09-15 00:00:00+00:00,BRK-B,lightgbm_quantile,sentiment,20,log_return,278.17999267578125,277.16379891071176,1.016193765069488,1.016193765069488
2021-09-16 00:00:00+00:00,BRK-B,lightgbm_quantile,sentiment,20,log_return,277.510009765625,277.9128521143851,-0.40284234876008895,0.40284234876008895
2021-09-17 00:00:00+00:00,BRK-B,lightgbm_quantile,sentiment,20,log_return,276.760009765625,277.6316030574831,-0.8715932918581188,0.8715932918581188
2021-09-20 00:00:00+00:00,BRK-B,lightgbm_quantile,sentiment,20,log_return,274.20001220703125,276.64321079522193,-2.4431985881906826,2.4431985881906826
2021-09-21 00:00:00+00:00,BRK-B,lightgbm_quantile,sentiment,20,log_return,273.17999267578125,273.7406052609464,-0.5606125851651313,0.5606125851651313
2021-09-22 00:00:00+00:00,BRK-B,lightgbm_quantile,sentiment,20,log_return,274.07000732421875,272.7242555367685,1.34575178745024,1.34575178745024
2021-09-23 00:00:00+00:00,BRK-B,lightgbm_quantile,sentiment,20,log_return,278.1199951171875,273.61119078320263,4.50880433398487,4.50880433398487
2021-09-24 00:00:00+00:00,BRK-B,lightgbm_quantile,sentiment,20,log_return,277.8699951171875,278.7326329973851,-0.8626378801976102,0.8626378801976102
2021-09-27 00:00:00+00:00,BRK-B,lightgbm_quantile,sentiment,20,log_return,279.7200012207031,278.79986126807626,0.9201399526268688,0.9201399526268688
2021-09-28 00:00:00+00:00,BRK-B,lightgbm_quantile,sentiment,20,log_return,276.7900085449219,280.55056361325546,-3.7605550683335878,3.7605550683335878
2021-09-29 00:00:00+00:00,BRK-B,lightgbm_quantile,sentiment,20,log_return,277.2900085449219,277.7208305136127,-0.4308219686908501,0.4308219686908501
2021-09-30 00:00:00+00:00,BRK-B,lightgbm_quantile,sentiment,20,log_return,272.94000244140625,277.81659015835095,-4.876587716944698,4.876587716944698
2021-10-01 00:00:00+00:00,BRK-B,lightgbm_quantile,sentiment,20,log_return,275.7099914550781,272.9203980826811,2.7895933723970074,2.7895933723970074
2021-10-04 00:00:00+00:00,BRK-B,lightgbm_quantile,sentiment,20,log_return,273.6400146484375,275.7303571335872,-2.0903424851496766,2.0903424851496766
2021-10-05 00:00:00+00:00,BRK-B,lightgbm_quantile,sentiment,20,log_return,278.04998779296875,274.238346603473,3.811641189495731,3.811641189495731
2021-10-06 00:00:00+00:00,BRK-B,lightgbm_quantile,sentiment,20,log_return,280.2200012207031,278.87469100651117,1.3453102141919544,1.3453102141919544
2021-10-07 00:00:00+00:00,BRK-B,lightgbm_quantile,sentiment,20,log_return,282.95001220703125,280.43919178062555,2.510820426405701,2.510820426405701
2021-10-08 00:00:00+00:00,BRK-B,lightgbm_quantile,sentiment,20,log_return,284.1400146484375,283.720851300064,0.4191633483735018,0.4191633483735018
2021-10-11 00:00:00+00:00,BRK-B,lightgbm_quantile,sentiment,20,log_return,280.92999267578125,285.3035677503497,-4.373575074568464,4.373575074568464
2021-10-12 00:00:00+00:00,BRK-B,lightgbm_quantile,sentiment,20,log_return,278.6199951171875,281.4869984395874,-2.86700332239991,2.86700332239991
2021-10-13 00:00:00+00:00,BRK-B,lightgbm_quantile,sentiment,20,log_return,277.8999938964844,279.53677716628306,-1.6367832697986842,1.6367832697986842
2021-10-14 00:00:00+00:00,BRK-B,lightgbm_quantile,sentiment,20,log_return,281.6400146484375,278.7152751737399,2.924739474697617,2.924739474697617
2021-10-15 00:00:00+00:00,BRK-B,lightgbm_quantile,sentiment,20,log_return,284.2099914550781,282.21270314563543,1.9972883094426948,1.9972883094426948
2021-10-18 00:00:00+00:00,BRK-B,lightgbm_quantile,sentiment,20,log_return,282.5899963378906,284.78467385961744,-2.194677521726817,2.194677521726817
2021-10-19 00:00:00+00:00,BRK-B,lightgbm_quantile,sentiment,20,log_return,284.8299865722656,282.8582159689358,1.971770603329844,1.971770603329844
2021-10-20 00:00:00+00:00,BRK-B,lightgbm_quantile,sentiment,20,log_return,287.489990234375,285.2859128685473,2.204077365827686,2.204077365827686
2021-10-21 00:00:00+00:00,BRK-B,lightgbm_quantile,sentiment,20,log_return,286.82000732421875,288.8478663792857,-2.0278590550669264,2.0278590550669264
2021-10-22 00:00:00+00:00,BRK-B,lightgbm_quantile,sentiment,20,log_return,289.239990234375,287.31515117119824,1.924839063176762,1.924839063176762
2021-10-25 00:00:00+00:00,BRK-B,lightgbm_quantile,sentiment,20,log_return,290.260009765625,289.6360045020802,0.6240052635448023,0.6240052635448023
2021-10-26 00:00:00+00:00,BRK-B,lightgbm_quantile,sentiment,20,log_return,290.8500061035156,290.80921610582607,0.04078999768955782,0.04078999768955782
2021-10-27 00:00:00+00:00,BRK-B,lightgbm_quantile,sentiment,20,log_return,287.7799987792969,291.3256889448884,-3.545690165591509,3.545690165591509
2021-10-28 00:00:00+00:00,BRK-B,lightgbm_quantile,sentiment,20,log_return,289.7200012207031,288.81810624718673,0.9018949735163915,0.9018949735163915
2021-10-29 00:00:00+00:00,BRK-B,lightgbm_quantile,sentiment,20,log_return,287.010009765625,290.38823117186877,-3.3782214062437674,3.3782214062437674
2021-11-01 00:00:00+00:00,BRK-B,lightgbm_quantile,sentiment,20,log_return,286.239990234375,287.38398616162885,-1.1439959272538545,1.1439959272538545
2021-11-02 00:00:00+00:00,BRK-B,lightgbm_quantile,sentiment,20,log_return,287.92999267578125,286.93395700047165,0.9960356753095994,0.9960356753095994
2021-11-03 00:00:00+00:00,BRK-B,lightgbm_quantile,sentiment,20,log_return,288.7200012207031,288.5574231163176,0.16257810438554543,0.16257810438554543
2021-11-04 00:00:00+00:00,BRK-B,lightgbm_quantile,sentiment,20,log_return,287.69000244140625,289.16451474827824,-1.4745123068719863,1.4745123068719863
2021-11-05 00:00:00+00:00,BRK-B,lightgbm_quantile,sentiment,20,log_return,287.8800048828125,287.98311990536973,-0.10311502255723326,0.10311502255723326
2021-11-08 00:00:00+00:00,BRK-B,lightgbm_quantile,sentiment,20,log_return,288.79998779296875,288.36118076820884,0.4388070247599103,0.4388070247599103
2021-11-09 00:00:00+00:00,BRK-B,lightgbm_quantile,sentiment,20,log_return,286.3500061035156,289.3090655619413,-2.9590594584256564,2.9590594584256564
2021-11-10 00:00:00+00:00,BRK-B,lightgbm_quantile,sentiment,20,log_return,285.32000732421875,286.7280110481512,-1.4080037239324383,1.4080037239324383
2021-11-11 00:00:00+00:00,BRK-B,lightgbm_quantile,sentiment,20,log_return,284.6499938964844,285.77768065163946,-1.1276867551550822,1.1276867551550822
2021-11-12 00:00:00+00:00,BRK-B,lightgbm_quantile,sentiment,20,log_return,285.989990234375,285.3044357194198,0.6855545149551858,0.6855545149551858
2021-11-15 00:00:00+00:00,BRK-B,lightgbm_quantile,sentiment,20,log_return,284.6700134277344,286.7658816277267,-2.09586819999231,2.09586819999231
2021-11-16 00:00:00+00:00,BRK-B,lightgbm_quantile,sentiment,20,log_return,283.3599853515625,285.17109234229076,-1.8111069907282626,1.8111069907282626
2021-11-17 00:00:00+00:00,BRK-B,lightgbm_quantile,sentiment,20,log_return,281.5899963378906,283.4109773668077,-1.8209810289170605,1.8209810289170605
2021-11-18 00:00:00+00:00,BRK-B,lightgbm_quantile,sentiment,20,log_return,280.6300048828125,281.74189564707245,-1.1118907642599538,1.1118907642599538
2021-11-19 00:00:00+00:00,BRK-B,lightgbm_quantile,sentiment,20,log_return,279.989990234375,281.10901519438715,-1.1190249600121547,1.1190249600121547
2021-11-22 00:00:00+00:00,BRK-B,lightgbm_quantile,sentiment,20,log_return,284.9700012207031,279.6939532750095,5.27604794569362,5.27604794569362
2021-11-23 00:00:00+00:00,BRK-B,lightgbm_quantile,sentiment,20,log_return,288.5599975585937,285.1607301574283,3.399267401165389,3.399267401165389
2021-11-24 00:00:00+00:00,BRK-B,lightgbm_quantile,sentiment,20,log_return,287.2799987792969,288.86945834137816,-1.589459562081288,1.589459562081288
2021-11-26 00:00:00+00:00,BRK-B,lightgbm_quantile,sentiment,20,log_return,283.0899963378906,287.67314264225325,-4.583146304362629,4.583146304362629
2021-11-29 00:00:00+00:00,BRK-B,lightgbm_quantile,sentiment,20,log_return,282.1199951171875,282.86351501295826,-0.7435198957707598,0.7435198957707598
2021-11-30 00:00:00+00:00,BRK-B,lightgbm_quantile,sentiment,20,log_return,276.69000244140625,281.88891148411915,-5.1989090427128986,5.1989090427128986
2021-12-01 00:00:00+00:00,BRK-B,lightgbm_quantile,sentiment,20,log_return,275.0,277.0299890469203,-2.0299890469203206,2.0299890469203206
2021-12-02 00:00:00+00:00,BRK-B,lightgbm_quantile,sentiment,20,log_return,279.0899963378906,274.8745679589148,4.215428378975844,4.215428378975844
2021-12-03 00:00:00+00:00,BRK-B,lightgbm_quantile,sentiment,20,log_return,277.42999267578125,279.07337840196766,-1.643385726186409,1.643385726186409
2021-12-06 00:00:00+00:00,BRK-B,lightgbm_quantile,sentiment,20,log_return,281.3800048828125,277.39955407075803,3.980450812054471,3.980450812054471
2021-12-07 00:00:00+00:00,BRK-B,lightgbm_quantile,sentiment,20,log_return,284.9700012207031,281.5339567433367,3.4360444773664085,3.4360444773664085
2021-12-08 00:00:00+00:00,BRK-B,lightgbm_quantile,sentiment,20,log_return,283.7200012207031,285.1712774875743,-1.4512762668711616,1.4512762668711616
2021-12-09 00:00:00+00:00,BRK-B,lightgbm_quantile,sentiment,20,log_return,284.5199890136719,284.24553081603614,0.2744581976357381,0.2744581976357381
2021-12-10 00:00:00+00:00,BRK-B,lightgbm_quantile,sentiment,20,log_return,288.2300109863281,285.31485525614374,2.915155730184381,2.915155730184381
2021-12-13 00:00:00+00:00,BRK-B,lightgbm_quantile,sentiment,20,log_return,290.010009765625,289.0917412495746,0.9182685160503752,0.9182685160503752
2021-12-14 00:00:00+00:00,BRK-B,lightgbm_quantile,sentiment,20,log_return,295.0299987792969,290.5146497281447,4.515349051152157,4.515349051152157
2021-12-15 00:00:00+00:00,BRK-B,lightgbm_quantile,sentiment,20,log_return,294.5799865722656,295.2495754190142,-0.6695888467485815,0.6695888467485815
2021-12-16 00:00:00+00:00,BRK-B,lightgbm_quantile,sentiment,20,log_return,300.1700134277344,294.91416587783664,5.255847549897737,5.255847549897737
2021-12-17 00:00:00+00:00,BRK-B,lightgbm_quantile,sentiment,20,log_return,293.6600036621094,300.72200574372505,-7.062002081615674,7.062002081615674
2021-12-20 00:00:00+00:00,BRK-B,lightgbm_quantile,sentiment,20,log_return,289.6099853515625,294.68118992364936,-5.071204572086856,5.071204572086856
2021-12-21 00:00:00+00:00,BRK-B,lightgbm_quantile,sentiment,20,log_return,293.239990234375,290.80363011628975,2.436360118085247,2.436360118085247
2021-12-22 00:00:00+00:00,BRK-B,lightgbm_quantile,sentiment,20,log_return,294.4100036621094,293.4026047936507,1.0073988684586652,1.0073988684586652
2021-12-23 00:00:00+00:00,BRK-B,lightgbm_quantile,sentiment,20,log_return,294.489990234375,295.6740280868643,-1.1840378524893254,1.1840378524893254
2021-12-27 00:00:00+00:00,BRK-B,lightgbm_quantile,sentiment,20,log_return,296.6700134277344,296.11582814972803,0.5541852780063437,0.5541852780063437
2021-12-28 00:00:00+00:00,BRK-B,lightgbm_quantile,sentiment,20,log_return,298.2900085449219,297.24554343507947,1.044465109842406,1.044465109842406
2021-12-29 00:00:00+00:00,BRK-B,lightgbm_quantile,sentiment,20,log_return,299.4599914550781,299.3996874821149,0.06030397296319734,0.06030397296319734
2021-12-30 00:00:00+00:00,BRK-B,lightgbm_quantile,sentiment,20,log_return,299.9800109863281,300.16226303444313,-0.18225204811500362,0.18225204811500362
2021-12-31 00:00:00+00:00,BRK-B,lightgbm_quantile,sentiment,20,log_return,299.0,300.4595872614173,-1.4595872614173118,1.4595872614173118
2022-01-03 00:00:00+00:00,BRK-B,lightgbm_quantile,sentiment,20,log_return,300.7900085449219,299.51173565982657,1.278272885095305,1.278272885095305
2022-01-04 00:00:00+00:00,BRK-B,lightgbm_quantile,sentiment,20,log_return,308.5299987792969,301.6446328784808,6.885365900816055,6.885365900816055
2022-01-05 00:00:00+00:00,BRK-B,lightgbm_quantile,sentiment,20,log_return,309.9200134277344,309.74810012282643,0.17191330490794599,0.17191330490794599
2022-01-06 00:00:00+00:00,BRK-B,lightgbm_quantile,sentiment,20,log_return,313.2200012207031,311.0288275531441,2.191173667559042,2.191173667559042
2022-01-07 00:00:00+00:00,BRK-B,lightgbm_quantile,sentiment,20,log_return,319.7799987792969,313.00659489140685,6.7734038878900265,6.7734038878900265
2022-01-10 00:00:00+00:00,BRK-B,lightgbm_quantile,sentiment,20,log_return,318.92999267578125,319.8573741789428,-0.9273815031615413,0.9273815031615413
2022-01-11 00:00:00+00:00,BRK-B,lightgbm_quantile,sentiment,20,log_return,319.79998779296875,319.76202548812495,0.03796230484380203,0.03796230484380203
2022-01-12 00:00:00+00:00,BRK-B,lightgbm_quantile,sentiment,20,log_return,320.3900146484375,320.9766359969809,-0.5866213485434173,0.5866213485434173
2022-01-13 00:00:00+00:00,BRK-B,lightgbm_quantile,sentiment,20,log_return,321.260009765625,320.9371997251701,0.3228100404548968,0.3228100404548968
2022-01-14 00:00:00+00:00,BRK-B,lightgbm_quantile,sentiment,20,log_return,324.1300048828125,321.8953506620111,2.234654220801417,2.234654220801417
2022-01-18 00:00:00+00:00,BRK-B,lightgbm_quantile,sentiment,20,log_return,320.2900085449219,324.2740714167605,-3.984062871838603,3.984062871838603
2022-01-19 00:00:00+00:00,BRK-B,lightgbm_quantile,sentiment,20,log_return,314.75,319.8022441038468,-5.052244103846817,5.052244103846817
2022-01-20 00:00:00+00:00,BRK-B,lightgbm_quantile,sentiment,20,log_return,311.010009765625,314.167708719402,-3.1576989537770146,3.1576989537770146
2022-01-21 00:00:00+00:00,BRK-B,lightgbm_quantile,sentiment,20,log_return,305.2200012207031,310.565129627288,-5.345128406584877,5.345128406584877
2022-01-24 00:00:00+00:00,BRK-B,lightgbm_quantile,sentiment,20,log_return,303.7300109863281,305.38621181012843,-1.6562008238003045,1.6562008238003045
2022-01-25 00:00:00+00:00,BRK-B,lightgbm_quantile,sentiment,20,log_return,307.19000244140625,303.82178416320266,3.368218278203585,3.368218278203585
2022-01-26 00:00:00+00:00,BRK-B,lightgbm_quantile,sentiment,20,log_return,309.260009765625,307.0904163649091,2.1695934007158826,2.1695934007158826
2022-01-27 00:00:00+00:00,BRK-B,lightgbm_quantile,sentiment,20,log_return,307.6700134277344,309.39490617055014,-1.7248927428157685,1.7248927428157685
2022-01-28 00:00:00+00:00,BRK-B,lightgbm_quantile,sentiment,20,log_return,312.8999938964844,308.87470098007157,4.025292916412809,4.025292916412809
2022-01-31 00:00:00+00:00,BRK-B,lightgbm_quantile,sentiment,20,log_return,313.0199890136719,313.613848356652,-0.5938593429801244,0.5938593429801244
2022-02-01 00:00:00+00:00,BRK-B,lightgbm_quantile,sentiment,20,log_return,313.9599914550781,313.56356957989027,0.39642187518785477,0.39642187518785477
2022-02-02 00:00:00+00:00,BRK-B,lightgbm_quantile,sentiment,20,log_return,319.6000061035156,315.303019789438,4.296986314077628,4.296986314077628
2022-02-03 00:00:00+00:00,BRK-B,lightgbm_quantile,sentiment,20,log_return,315.2300109863281,320.22191087946766,-4.991899893139532,4.991899893139532
2022-02-04 00:00:00+00:00,BRK-B,lightgbm_quantile,sentiment,20,log_return,314.989990234375,315.33633256513446,-0.3463423307594553,0.3463423307594553
2022-02-07 00:00:00+00:00,BRK-B,lightgbm_quantile,sentiment,20,log_return,316.510009765625,315.3180884425136,1.1919213231113872,1.1919213231113872
2022-02-08 00:00:00+00:00,BRK-B,lightgbm_quantile,sentiment,20,log_return,321.44000244140625,317.4166613605792,4.023341080827038,4.023341080827038
2022-02-09 00:00:00+00:00,BRK-B,lightgbm_quantile,sentiment,20,log_return,322.3800048828125,321.8827727033175,0.4972321794949721,0.4972321794949721
2022-02-10 00:00:00+00:00,BRK-B,lightgbm_quantile,sentiment,20,log_return,319.8500061035156,322.74894323841164,-2.8989371348960162,2.8989371348960162
2022-02-11 00:00:00+00:00,BRK-B,lightgbm_quantile,sentiment,20,log_return,319.1400146484375,320.71286411972056,-1.5728494712830638,1.5728494712830638
2022-02-14 00:00:00+00:00,BRK-B,lightgbm_quantile,sentiment,20,log_return,314.2799987792969,319.71586178803835,-5.435863008741478,5.435863008741478
2022-02-15 00:00:00+00:00,BRK-B,lightgbm_quantile,sentiment,20,log_return,316.20001220703125,314.9274972711212,1.272514935910067,1.272514935910067
2022-02-16 00:00:00+00:00,BRK-B,lightgbm_quantile,sentiment,20,log_return,315.6499938964844,316.3731162387843,-0.7231223422999165,0.7231223422999165
2022-02-17 00:00:00+00:00,BRK-B,lightgbm_quantile,sentiment,20,log_return,313.54998779296875,315.9623812697556,-2.4123934767868604,2.4123934767868604
2022-02-18 00:00:00+00:00,BRK-B,lightgbm_quantile,sentiment,20,log_return,314.79998779296875,315.0997743877288,-0.2997865947600644,0.2997865947600644
2022-02-22 00:00:00+00:00,BRK-B,lightgbm_quantile,sentiment,20,log_return,314.1600036621094,315.69306895197917,-1.5330652898697963,1.5330652898697963
2022-02-23 00:00:00+00:00,BRK-B,lightgbm_quantile,sentiment,20,log_return,309.989990234375,314.1910424613056,-4.201052226930585,4.201052226930585
2022-02-24 00:00:00+00:00,BRK-B,lightgbm_quantile,sentiment,20,log_return,308.2799987792969,310.1108529178965,-1.8308541385996477,1.8308541385996477
2022-02-25 00:00:00+00:00,BRK-B,lightgbm_quantile,sentiment,20,log_return,319.239990234375,308.5907415701887,10.649248664186302,10.649248664186302
2022-02-28 00:00:00+00:00,BRK-B,lightgbm_quantile,sentiment,20,log_return,321.45001220703125,319.2403713003231,2.2096409067081595,2.2096409067081595
2022-03-01 00:00:00+00:00,BRK-B,lightgbm_quantile,sentiment,20,log_return,316.8399963378906,321.0954011261017,-4.255404788211081,4.255404788211081
2022-03-02 00:00:00+00:00,BRK-B,lightgbm_quantile,sentiment,20,log_return,323.6400146484375,316.45994905540164,7.180065593035863,7.180065593035863
2022-03-03 00:00:00+00:00,BRK-B,lightgbm_quantile,sentiment,20,log_return,327.739990234375,322.75564526408573,4.984344970289271,4.984344970289271
2022-03-04 00:00:00+00:00,BRK-B,lightgbm_quantile,sentiment,20,log_return,325.3399963378906,328.84534742232876,-3.505351084438132,3.505351084438132
2022-03-07 00:00:00+00:00,BRK-B,lightgbm_quantile,sentiment,20,log_return,322.7200012207031,326.46608262169974,-3.7460814009966157,3.7460814009966157
2022-03-08 00:00:00+00:00,BRK-B,lightgbm_quantile,sentiment,20,log_return,318.5199890136719,323.2425918863128,-4.722602872640948,4.722602872640948
2022-03-09 00:00:00+00:00,BRK-B,lightgbm_quantile,sentiment,20,log_return,325.3999938964844,318.5423685322046,6.857625364279784,6.857625364279784
2022-03-10 00:00:00+00:00,BRK-B,lightgbm_quantile,sentiment,20,log_return,325.29998779296875,325.80036725367955,-0.5003794607108034,0.5003794607108034
2022-03-11 00:00:00+00:00,BRK-B,lightgbm_quantile,sentiment,20,log_return,326.6000061035156,325.07746153185616,1.5225445716594663,1.5225445716594663
2022-03-14 00:00:00+00:00,BRK-B,lightgbm_quantile,sentiment,20,log_return,329.9800109863281,327.7001089356569,2.2799020506712395,2.2799020506712395
2022-03-15 00:00:00+00:00,BRK-B,lightgbm_quantile,sentiment,20,log_return,332.54998779296875,330.91595933099757,1.6340284619711838,1.6340284619711838
2022-03-16 00:00:00+00:00,BRK-B,lightgbm_quantile,sentiment,20,log_return,336.1099853515625,332.9434262997157,3.166559051846775,3.166559051846775
2022-03-17 00:00:00+00:00,BRK-B,lightgbm_quantile,sentiment,20,log_return,344.9700012207031,337.21278210781435,7.757219112888777,7.757219112888777
2022-03-18 00:00:00+00:00,BRK-B,lightgbm_quantile,sentiment,20,log_return,342.4100036621094,345.46834891221414,-3.0583452501047645,3.0583452501047645
2022-03-21 00:00:00+00:00,BRK-B,lightgbm_quantile,sentiment,20,log_return,349.6600036621094,342.6674462188673,6.992557443242049,6.992557443242049
2022-03-22 00:00:00+00:00,BRK-B,lightgbm_quantile,sentiment,20,log_return,349.92999267578125,349.83750480842104,0.0924878673602052,0.0924878673602052
2022-03-23 00:00:00+00:00,BRK-B,lightgbm_quantile,sentiment,20,log_return,348.1600036621094,350.2562664532264,-2.096262791116999,2.096262791116999
2022-03-24 00:00:00+00:00,BRK-B,lightgbm_quantile,sentiment,20,log_return,352.3699951171875,348.9525139793399,3.417481137847574,3.417481137847574
2022-03-25 00:00:00+00:00,BRK-B,lightgbm_quantile,sentiment,20,log_return,358.760009765625,353.54890644718876,5.211103318436244,5.211103318436244
2022-03-28 00:00:00+00:00,BRK-B,lightgbm_quantile,sentiment,20,log_return,359.57000732421875,359.76573852234833,-0.19573119812957884,0.19573119812957884
2022-03-29 00:00:00+00:00,BRK-B,lightgbm_quantile,sentiment,20,log_return,355.1199951171875,360.8715994166907,-5.751604299503185,5.751604299503185
2022-03-30 00:00:00+00:00,BRK-B,lightgbm_quantile,sentiment,20,log_return,357.6099853515625,355.8401199638957,1.7698653876668118,1.7698653876668118
2022-03-31 00:00:00+00:00,BRK-B,lightgbm_quantile,sentiment,20,log_return,352.9100036621094,357.90242590150257,-4.992422239393193,4.992422239393193
2022-04-01 00:00:00+00:00,BRK-B,lightgbm_quantile,sentiment,20,log_return,351.8800048828125,353.4231304919925,-1.543125609179981,1.543125609179981
2022-04-04 00:00:00+00:00,BRK-B,lightgbm_quantile,sentiment,20,log_return,345.42999267578125,352.27670228053444,-6.846709604753187,6.846709604753187
2022-04-05 00:00:00+00:00,BRK-B,lightgbm_quantile,sentiment,20,log_return,344.79998779296875,346.22381697875767,-1.423829185788918,1.423829185788918
2022-04-06 00:00:00+00:00,BRK-B,lightgbm_quantile,sentiment,20,log_return,344.7099914550781,346.1090515668832,-1.3990601118050563,1.3990601118050563
2022-04-07 00:00:00+00:00,BRK-B,lightgbm_quantile,sentiment,20,log_return,346.510009765625,345.5479620684296,0.9620476971953735,0.9620476971953735
2022-04-08 00:00:00+00:00,BRK-B,lightgbm_quantile,sentiment,20,log_return,353.1000061035156,347.7990253388075,5.300980764708129,5.300980764708129
2022-04-11 00:00:00+00:00,BRK-B,lightgbm_quantile,sentiment,20,log_return,352.0199890136719,354.11851853819354,-2.098529524521666,2.098529524521666
2022-04-12 00:00:00+00:00,BRK-B,lightgbm_quantile,sentiment,20,log_return,349.739990234375,353.0821163907378,-3.342126156362781,3.342126156362781
2022-04-13 00:00:00+00:00,BRK-B,lightgbm_quantile,sentiment,20,log_return,346.2200012207031,350.637932494126,-4.41793127342288,4.41793127342288
2022-04-14 00:00:00+00:00,BRK-B,lightgbm_quantile,sentiment,20,log_return,344.3299865722656,347.3759421838284,-3.0459556115627606,3.0459556115627606
2022-04-18 00:00:00+00:00,BRK-B,lightgbm_quantile,sentiment,20,log_return,346.6499938964844,345.35766288676314,1.292331009721238,1.292331009721238
2022-04-19 00:00:00+00:00,BRK-B,lightgbm_quantile,sentiment,20,log_return,348.5,347.99677447829083,0.5032255217091688,0.5032255217091688
2022-04-20 00:00:00+00:00,BRK-B,lightgbm_quantile,sentiment,20,log_return,348.82000732421875,349.3247230985366,-0.5047157743178445,0.5047157743178445
2022-04-21 00:00:00+00:00,BRK-B,lightgbm_quantile,sentiment,20,log_return,343.6000061035156,349.6747743014072,-6.074768197891558,6.074768197891558
2022-04-22 00:00:00+00:00,BRK-B,lightgbm_quantile,sentiment,20,log_return,335.5599975585937,344.4342738516732,-8.874276293079504,8.874276293079504
2022-04-25 00:00:00+00:00,BRK-B,lightgbm_quantile,sentiment,20,log_return,336.95001220703125,335.9753957848889,0.9746164221423328,0.9746164221423328
2022-04-26 00:00:00+00:00,BRK-B,lightgbm_quantile,sentiment,20,log_return,330.6499938964844,337.4472965780279,-6.797302681543499,6.797302681543499
2022-04-27 00:00:00+00:00,BRK-B,lightgbm_quantile,sentiment,20,log_return,329.5799865722656,330.99668032058224,-1.416693748316618,1.416693748316618
2022-04-28 00:00:00+00:00,BRK-B,lightgbm_quantile,sentiment,20,log_return,331.2699890136719,330.5718841386767,0.698104874995181,0.698104874995181
2022-04-29 00:00:00+00:00,BRK-B,lightgbm_quantile,sentiment,20,log_return,322.8299865722656,332.14987654479785,-9.319889972532224,9.319889972532224
2022-05-02 00:00:00+00:00,BRK-B,lightgbm_quantile,sentiment,20,log_return,318.19000244140625,323.3897239255311,-5.1997214841248365,5.1997214841248365
2022-05-03 00:00:00+00:00,BRK-B,lightgbm_quantile,sentiment,20,log_return,318.989990234375,318.4393953907115,0.5505948436634753,0.5505948436634753
2022-05-04 00:00:00+00:00,BRK-B,lightgbm_quantile,sentiment,20,log_return,326.79998779296875,319.2477148154844,7.552272977484336,7.552272977484336
2022-05-05 00:00:00+00:00,BRK-B,lightgbm_quantile,sentiment,20,log_return,318.67999267578125,327.19068679771107,-8.510694121929816,8.510694121929816
2022-05-06 00:00:00+00:00,BRK-B,lightgbm_quantile,sentiment,20,log_return,318.8800048828125,319.1675944182212,-0.28758953540869925,0.28758953540869925
2022-05-09 00:00:00+00:00,BRK-B,lightgbm_quantile,sentiment,20,log_return,312.9599914550781,319.3557103950441,-6.395718939966002,6.395718939966002
2022-05-10 00:00:00+00:00,BRK-B,lightgbm_quantile,sentiment,20,log_return,312.5299987792969,313.1215154459491,-0.5915166666522396,0.5915166666522396
2022-05-11 00:00:00+00:00,BRK-B,lightgbm_quantile,sentiment,20,log_return,311.5400085449219,312.65060183522064,-1.110593290298766,1.110593290298766
2022-05-12 00:00:00+00:00,BRK-B,lightgbm_quantile,sentiment,20,log_return,308.0599975585937,311.64741414048956,-3.587416581895866,3.587416581895866
2022-05-13 00:00:00+00:00,BRK-B,lightgbm_quantile,sentiment,20,log_return,310.3599853515625,308.5219954813122,1.8379898702502828,1.8379898702502828
2022-05-16 00:00:00+00:00,BRK-B,lightgbm_quantile,sentiment,20,log_return,309.2900085449219,310.75977265825276,-1.469764113330882,1.469764113330882
2022-05-17 00:00:00+00:00,BRK-B,lightgbm_quantile,sentiment,20,log_return,314.6000061035156,309.7387891087271,4.861216994788549,4.861216994788549
2022-05-18 00:00:00+00:00,BRK-B,lightgbm_quantile,sentiment,20,log_return,306.6400146484375,315.3886456007717,-8.748630952334224,8.748630952334224
2022-05-19 00:00:00+00:00,BRK-B,lightgbm_quantile,sentiment,20,log_return,304.1499938964844,306.7895604036206,-2.6395665071362373,2.6395665071362373
2022-05-20 00:00:00+00:00,BRK-B,lightgbm_quantile,sentiment,20,log_return,304.04998779296875,304.7334526843723,-0.6834648914035597,0.6834648914035597
2022-05-23 00:00:00+00:00,BRK-B,lightgbm_quantile,sentiment,20,log_return,310.20001220703125,304.70619798901316,5.493814218018088,5.493814218018088
2022-05-24 00:00:00+00:00,BRK-B,lightgbm_quantile,sentiment,20,log_return,309.1700134277344,310.2827935095879,-1.1127800818535434,1.1127800818535434
2022-05-25 00:00:00+00:00,BRK-B,lightgbm_quantile,sentiment,20,log_return,308.6400146484375,309.6826853814198,-1.0426707329822875,1.0426707329822875
2022-05-26 00:00:00+00:00,BRK-B,lightgbm_quantile,sentiment,20,log_return,312.5,309.39823187362845,3.101768126371553,3.101768126371553
2022-05-27 00:00:00+00:00,BRK-B,lightgbm_quantile,sentiment,20,log_return,319.1099853515625,313.935466477865,5.17451887369748,5.17451887369748
2022-05-31 00:00:00+00:00,BRK-B,lightgbm_quantile,sentiment,20,log_return,315.9800109863281,320.28256764734044,-4.302556661012318,4.302556661012318
2022-06-01 00:00:00+00:00,BRK-B,lightgbm_quantile,sentiment,20,log_return,312.2099914550781,316.57919323080336,-4.36920177572523,4.36920177572523
2022-06-02 00:00:00+00:00,BRK-B,lightgbm_quantile,sentiment,20,log_return,314.95001220703125,312.5383113406968,2.4117008663344564,2.4117008663344564
2022-06-03 00:00:00+00:00,BRK-B,lightgbm_quantile,sentiment,20,log_return,310.94000244140625,316.4772542242723,-5.537251782866065,5.537251782866065
2022-06-06 00:00:00+00:00,BRK-B,lightgbm_quantile,sentiment,20,log_return,312.1499938964844,311.67722878869876,0.4727651077856194,0.4727651077856194
2022-06-07 00:00:00+00:00,BRK-B,lightgbm_quantile,sentiment,20,log_return,313.6499938964844,312.6208091187296,1.0291847777547787,1.0291847777547787
2022-06-08 00:00:00+00:00,BRK-B,lightgbm_quantile,sentiment,20,log_return,308.739990234375,314.4807512953462,-5.740761060971181,5.740761060971181
2022-06-09 00:00:00+00:00,BRK-B,lightgbm_quantile,sentiment,20,log_return,300.79998779296875,309.3481857251374,-8.548197932168648,8.548197932168648
2022-06-10 00:00:00+00:00,BRK-B,lightgbm_quantile,sentiment,20,log_return,291.7099914550781,301.8242939707744,-10.114302515696295,10.114302515696295
2022-06-13 00:00:00+00:00,BRK-B,lightgbm_quantile,sentiment,20,log_return,281.5599975585937,291.7992452414982,-10.239247682904534,10.239247682904534
2022-06-14 00:00:00+00:00,BRK-B,lightgbm_quantile,sentiment,20,log_return,277.6400146484375,281.99925011022736,-4.359235461789865,4.359235461789865
2022-06-15 00:00:00+00:00,BRK-B,lightgbm_quantile,sentiment,20,log_return,278.92999267578125,278.0185962907252,0.9113963850560367,0.9113963850560367
2022-06-16 00:00:00+00:00,BRK-B,lightgbm_quantile,sentiment,20,log_return,268.5599975585937,279.30850809569995,-10.748510537106256,10.748510537106256
2022-06-17 00:00:00+00:00,BRK-B,lightgbm_quantile,sentiment,20,log_return,268.0799865722656,268.7884726789947,-0.7084861067290831,0.7084861067290831
2022-06-21 00:00:00+00:00,BRK-B,lightgbm_quantile,sentiment,20,log_return,271.7699890136719,268.3290260148,3.440962998871896,3.440962998871896
2022-06-22 00:00:00+00:00,BRK-B,lightgbm_quantile,sentiment,20,log_return,269.7900085449219,272.30246007012977,-2.5124515252078936,2.5124515252078936
2022-06-23 00:00:00+00:00,BRK-B,lightgbm_quantile,sentiment,20,log_return,267.5199890136719,269.9070665533018,-2.3870775396298995,2.3870775396298995
2022-06-24 00:00:00+00:00,BRK-B,lightgbm_quantile,sentiment,20,log_return,278.2799987792969,267.3334950093998,10.946503769897049,10.946503769897049
2022-06-27 00:00:00+00:00,BRK-B,lightgbm_quantile,sentiment,20,log_return,278.3999938964844,278.4832144336702,-0.08322053718580946,0.08322053718580946
2022-06-28 00:00:00+00:00,BRK-B,lightgbm_quantile,sentiment,20,log_return,273.8599853515625,278.41294885778575,-4.55296350622325,4.55296350622325
2022-06-29 00:00:00+00:00,BRK-B,lightgbm_quantile,sentiment,20,log_return,273.489990234375,273.91071385801774,-0.4207236236427434,0.4207236236427434
2022-06-30 00:00:00+00:00,BRK-B,lightgbm_quantile,sentiment,20,log_return,273.0199890136719,273.70782802327625,-0.6878390096043745,0.6878390096043745
2022-07-01 00:00:00+00:00,BRK-B,lightgbm_quantile,sentiment,20,log_return,277.5,272.75266741401566,4.7473325859843385,4.7473325859843385
2022-07-05 00:00:00+00:00,BRK-B,lightgbm_quantile,sentiment,20,log_return,275.69000244140625,277.2157810432621,-1.5257786018558477,1.5257786018558477
2022-07-06 00:00:00+00:00,BRK-B,lightgbm_quantile,sentiment,20,log_return,275.6499938964844,275.94805223134176,-0.2980583348573873,0.2980583348573873
2022-07-07 00:00:00+00:00,BRK-B,lightgbm_quantile,sentiment,20,log_return,279.2799987792969,276.36944105253923,2.910557726757645,2.910557726757645
2022-07-08 00:00:00+00:00,BRK-B,lightgbm_quantile,sentiment,20,log_return,280.8299865722656,279.64691295841925,1.1830736138463749,1.1830736138463749
2022-07-11 00:00:00+00:00,BRK-B,lightgbm_quantile,sentiment,20,log_return,278.510009765625,281.6057219077106,-3.095712142085574,3.095712142085574
2022-07-12 00:00:00+00:00,BRK-B,lightgbm_quantile,sentiment,20,log_return,277.2799987792969,279.4812072741761,-2.2012084948792108,2.2012084948792108
2022-07-13 00:00:00+00:00,BRK-B,lightgbm_quantile,sentiment,20,log_return,277.4700012207031,278.10426574749556,-0.6342645267924354,0.6342645267924354
2022-07-14 00:00:00+00:00,BRK-B,lightgbm_quantile,sentiment,20,log_return,274.4100036621094,278.0064675070568,-3.5964638449474364,3.5964638449474364
2022-07-15 00:00:00+00:00,BRK-B,lightgbm_quantile,sentiment,20,log_return,278.4800109863281,274.92639062618866,3.553620360139462,3.553620360139462
2022-07-18 00:00:00+00:00,BRK-B,lightgbm_quantile,sentiment,20,log_return,276.260009765625,279.2378929574037,-2.9778831917786874,2.9778831917786874
2022-07-19 00:00:00+00:00,BRK-B,lightgbm_quantile,sentiment,20,log_return,283.54998779296875,277.19412348770766,6.355864305261093,6.355864305261093
2022-07-20 00:00:00+00:00,BRK-B,lightgbm_quantile,sentiment,20,log_return,286.0400085449219,284.0376451845971,2.0023633603247504,2.0023633603247504
2022-07-21 00:00:00+00:00,BRK-B,lightgbm_quantile,sentiment,20,log_return,286.8500061035156,286.4607207719484,0.3892853315672369,0.3892853315672369
2022-07-22 00:00:00+00:00,BRK-B,lightgbm_quantile,sentiment,20,log_return,285.92999267578125,287.6935123021087,-1.7635196263274224,1.7635196263274224
2022-07-25 00:00:00+00:00,BRK-B,lightgbm_quantile,sentiment,20,log_return,287.989990234375,286.83841359111955,1.1515766432554528,1.1515766432554528
2022-07-26 00:00:00+00:00,BRK-B,lightgbm_quantile,sentiment,20,log_return,285.3099975585937,288.88502694437483,-3.5750293857811357,3.5750293857811357
2022-07-27 00:00:00+00:00,BRK-B,lightgbm_quantile,sentiment,20,log_return,290.29998779296875,285.6762411536287,4.623746639340027,4.623746639340027
2022-07-28 00:00:00+00:00,BRK-B,lightgbm_quantile,sentiment,20,log_return,293.8999938964844,290.79394919421645,3.1060447022679227,3.1060447022679227
2022-07-29 00:00:00+00:00,BRK-B,lightgbm_quantile,sentiment,20,log_return,300.6000061035156,294.16177113418615,6.438234969329471,6.438234969329471
2022-08-01 00:00:00+00:00,BRK-B,lightgbm_quantile,sentiment,20,log_return,295.8599853515625,300.747693337935,-4.887707986372504,4.887707986372504
2022-08-02 00:00:00+00:00,BRK-B,lightgbm_quantile,sentiment,20,log_return,292.1700134277344,296.40259513260946,-4.232581704875088,4.232581704875088
2022-08-03 00:00:00+00:00,BRK-B,lightgbm_quantile,sentiment,20,log_return,294.9599914550781,292.6437976268297,2.3161938282484016,2.3161938282484016
2022-08-04 00:00:00+00:00,BRK-B,lightgbm_quantile,sentiment,20,log_return,292.9100036621094,294.5627104788324,-1.6527068167230254,1.6527068167230254
2022-08-05 00:00:00+00:00,BRK-B,lightgbm_quantile,sentiment,20,log_return,292.07000732421875,293.25156394363347,-1.181556619414721,1.181556619414721
2022-08-08 00:00:00+00:00,BRK-B,lightgbm_quantile,sentiment,20,log_return,292.3399963378906,292.7487981239933,-0.4088017861026856,0.4088017861026856
2022-08-09 00:00:00+00:00,BRK-B,lightgbm_quantile,sentiment,20,log_return,292.7699890136719,292.41005602714085,0.359932986531021,0.359932986531021
2022-08-10 00:00:00+00:00,BRK-B,lightgbm_quantile,sentiment,20,log_return,295.1099853515625,293.30200321171543,1.80798213984707,1.80798213984707
2022-08-11 00:00:00+00:00,BRK-B,lightgbm_quantile,sentiment,20,log_return,296.4700012207031,295.4640977641907,1.005903456512442,1.005903456512442
2022-08-12 00:00:00+00:00,BRK-B,lightgbm_quantile,sentiment,20,log_return,301.54998779296875,297.04828762961046,4.501700163358294,4.501700163358294
2022-08-15 00:00:00+00:00,BRK-B,lightgbm_quantile,sentiment,20,log_return,302.82000732421875,302.01612240035604,0.8038849238627108,0.8038849238627108
2022-08-16 00:00:00+00:00,BRK-B,lightgbm_quantile,sentiment,20,log_return,306.6499938964844,303.37026233439025,3.2797315620941276,3.2797315620941276
2022-08-17 00:00:00+00:00,BRK-B,lightgbm_quantile,sentiment,20,log_return,304.260009765625,307.4158298217874,-3.1558200561623835,3.1558200561623835
2022-08-18 00:00:00+00:00,BRK-B,lightgbm_quantile,sentiment,20,log_return,304.2699890136719,304.9612707091883,-0.691281695516409,0.691281695516409
2022-08-19 00:00:00+00:00,BRK-B,lightgbm_quantile,sentiment,20,log_return,297.2799987792969,305.1159446594636,-7.835945880166719,7.835945880166719
2022-08-22 00:00:00+00:00,BRK-B,lightgbm_quantile,sentiment,20,log_return,288.69000244140625,297.6420136371875,-8.952011195781267,8.952011195781267
2022-08-23 00:00:00+00:00,BRK-B,lightgbm_quantile,sentiment,20,log_return,289.6499938964844,288.8573175689745,0.7926763275098665,0.7926763275098665
2022-08-24 00:00:00+00:00,BRK-B,lightgbm_quantile,sentiment,20,log_return,293.5199890136719,290.0883871013101,3.4316019123617707,3.4316019123617707
2022-08-25 00:00:00+00:00,BRK-B,lightgbm_quantile,sentiment,20,log_return,298.1300048828125,293.9171718516869,4.212833031125626,4.212833031125626
2022-08-26 00:00:00+00:00,BRK-B,lightgbm_quantile,sentiment,20,log_return,289.9599914550781,298.7713456322681,-8.811354177189969,8.811354177189969
2022-08-29 00:00:00+00:00,BRK-B,lightgbm_quantile,sentiment,20,log_return,287.45001220703125,290.5188631496536,-3.068850942622362,3.068850942622362
2022-08-30 00:00:00+00:00,BRK-B,lightgbm_quantile,sentiment,20,log_return,285.4200134277344,288.1885196860481,-2.768506258313721,2.768506258313721
2022-08-31 00:00:00+00:00,BRK-B,lightgbm_quantile,sentiment,20,log_return,280.79998779296875,285.92839753541324,-5.128409742444489,5.128409742444489
2022-09-01 00:00:00+00:00,BRK-B,lightgbm_quantile,sentiment,20,log_return,282.42999267578125,281.46806062754,0.9619320482412377,0.9619320482412377
2022-09-02 00:00:00+00:00,BRK-B,lightgbm_quantile,sentiment,20,log_return,277.6700134277344,282.8282054078088,-5.1581919800744345,5.1581919800744345
2022-09-06 00:00:00+00:00,BRK-B,lightgbm_quantile,sentiment,20,log_return,276.5899963378906,277.99477988031197,-1.4047835424213417,1.4047835424213417
2022-09-07 00:00:00+00:00,BRK-B,lightgbm_quantile,sentiment,20,log_return,281.0400085449219,277.3127451183084,3.72726342661349,3.72726342661349
2022-09-08 00:00:00+00:00,BRK-B,lightgbm_quantile,sentiment,20,log_return,283.3399963378906,281.9853275767434,1.354668761147252,1.354668761147252
2022-09-09 00:00:00+00:00,BRK-B,lightgbm_quantile,sentiment,20,log_return,285.7699890136719,283.5170986911705,2.2528903225014005,2.2528903225014005
2022-09-12 00:00:00+00:00,BRK-B,lightgbm_quantile,sentiment,20,log_return,288.510009765625,286.27289931715427,2.2371104484707303,2.2371104484707303
2022-09-13 00:00:00+00:00,BRK-B,lightgbm_quantile,sentiment,20,log_return,278.2900085449219,289.224229965758,-10.934221420836138,10.934221420836138
2022-09-14 00:00:00+00:00,BRK-B,lightgbm_quantile,sentiment,20,log_return,278.4200134277344,278.83364075639554,-0.41362732866116403,0.41362732866116403
2022-09-15 00:00:00+00:00,BRK-B,lightgbm_quantile,sentiment,20,log_return,276.70001220703125,278.85069367672475,-2.1506814696934953,2.1506814696934953
2022-09-16 00:00:00+00:00,BRK-B,lightgbm_quantile,sentiment,20,log_return,274.8099975585937,277.06534756830365,-2.2553500097099572,2.2553500097099572
2022-09-19 00:00:00+00:00,BRK-B,lightgbm_quantile,sentiment,20,log_return,278.95001220703125,275.152412657669,3.7975995493622463,3.7975995493622463
2022-09-20 00:00:00+00:00,BRK-B,lightgbm_quantile,sentiment,20,log_return,277.1300048828125,279.5961424595503,-2.4661375767378217,2.4661375767378217
2022-09-21 00:00:00+00:00,BRK-B,lightgbm_quantile,sentiment,20,log_return,270.739990234375,278.01528206030383,-7.275291825928832,7.275291825928832
2022-09-22 00:00:00+00:00,BRK-B,lightgbm_quantile,sentiment,20,log_return,268.510009765625,271.72901382242736,-3.219004056802362,3.219004056802362
2022-09-23 00:00:00+00:00,BRK-B,lightgbm_quantile,sentiment,20,log_return,267.7699890136719,269.0551050126858,-1.2851159990138967,1.2851159990138967
2022-09-26 00:00:00+00:00,BRK-B,lightgbm_quantile,sentiment,20,log_return,264.32000732421875,268.5748694602291,-4.254862136010331,4.254862136010331
2022-09-27 00:00:00+00:00,BRK-B,lightgbm_quantile,sentiment,20,log_return,265.4700012207031,264.9671928362961,0.5028083844070466,0.5028083844070466
2022-09-28 00:00:00+00:00,BRK-B,lightgbm_quantile,sentiment,20,log_return,271.7799987792969,265.7261092733009,6.053889505995983,6.053889505995983
2022-09-29 00:00:00+00:00,BRK-B,lightgbm_quantile,sentiment,20,log_return,269.5799865722656,272.4543496581773,-2.874363085911682,2.874363085911682
2022-09-30 00:00:00+00:00,BRK-B,lightgbm_quantile,sentiment,20,log_return,267.0199890136719,269.8120374339321,-2.792048420260244,2.792048420260244
2022-10-03 00:00:00+00:00,BRK-B,lightgbm_quantile,sentiment,20,log_return,272.79998779296875,267.1004825939301,5.69950519903864,5.69950519903864
2022-10-04 00:00:00+00:00,BRK-B,lightgbm_quantile,sentiment,20,log_return,280.489990234375,272.95711709336916,7.532873141005837,7.532873141005837
2022-10-05 00:00:00+00:00,BRK-B,lightgbm_quantile,sentiment,20,log_return,279.3599853515625,281.32196779352563,-1.96198244196313,1.96198244196313
2022-10-06 00:00:00+00:00,BRK-B,lightgbm_quantile,sentiment,20,log_return,276.3099975585937,280.317396034348,-4.007398475754314,4.007398475754314
2022-10-07 00:00:00+00:00,BRK-B,lightgbm_quantile,sentiment,20,log_return,269.0400085449219,277.4134489680736,-8.373440423151749,8.373440423151749
2022-10-10 00:00:00+00:00,BRK-B,lightgbm_quantile,sentiment,20,log_return,266.92999267578125,269.6118908262391,-2.6818981504578687,2.6818981504578687
2022-10-11 00:00:00+00:00,BRK-B,lightgbm_quantile,sentiment,20,log_return,267.3099975585937,267.66379064754835,-0.3537930889546601,0.3537930889546601
2022-10-12 00:00:00+00:00,BRK-B,lightgbm_quantile,sentiment,20,log_return,264.0,267.8272256687578,-3.827225668757819,3.827225668757819
2022-10-13 00:00:00+00:00,BRK-B,lightgbm_quantile,sentiment,20,log_return,275.7799987792969,264.5528683518367,11.227130427460168,11.227130427460168
2022-10-14 00:00:00+00:00,BRK-B,lightgbm_quantile,sentiment,20,log_return,272.6700134277344,276.2559767778972,-3.5859633501628423,3.5859633501628423
2022-10-17 00:00:00+00:00,BRK-B,lightgbm_quantile,sentiment,20,log_return,277.0199890136719,273.4664636665082,3.5535253471636565,3.5535253471636565
2022-10-18 00:00:00+00:00,BRK-B,lightgbm_quantile,sentiment,20,log_return,281.6700134277344,277.42003638190494,4.249977045829439,4.249977045829439
2022-10-19 00:00:00+00:00,BRK-B,lightgbm_quantile,sentiment,20,log_return,278.3399963378906,282.45239084078133,-4.112394502890709,4.112394502890709
2022-10-20 00:00:00+00:00,BRK-B,lightgbm_quantile,sentiment,20,log_return,273.5299987792969,279.18910587563084,-5.659107096333969,5.659107096333969
2022-10-21 00:00:00+00:00,BRK-B,lightgbm_quantile,sentiment,20,log_return,282.510009765625,274.228791104304,8.28121866132102,8.28121866132102
2022-10-24 00:00:00+00:00,BRK-B,lightgbm_quantile,sentiment,20,log_return,287.4800109863281,283.78646117755426,3.6935498087738665,3.6935498087738665
2022-10-25 00:00:00+00:00,BRK-B,lightgbm_quantile,sentiment,20,log_return,289.239990234375,288.43940603241475,0.8005842019602483,0.8005842019602483
2022-10-26 00:00:00+00:00,BRK-B,lightgbm_quantile,sentiment,20,log_return,288.5199890136719,290.1279344044608,-1.6079453907889274,1.6079453907889274
2022-10-27 00:00:00+00:00,BRK-B,lightgbm_quantile,sentiment,20,log_return,289.8800048828125,289.09459084357434,0.7854140392381623,0.7854140392381623
2022-10-28 00:00:00+00:00,BRK-B,lightgbm_quantile,sentiment,20,log_return,299.6300048828125,290.8409406839549,8.789064198857602,8.789064198857602
2022-10-31 00:00:00+00:00,BRK-B,lightgbm_quantile,sentiment,20,log_return,295.0899963378906,300.5117844136528,-5.4217880757621515,5.4217880757621515
2022-11-01 00:00:00+00:00,BRK-B,lightgbm_quantile,sentiment,20,log_return,294.1300048828125,295.65716418222087,-1.5271592994083676,1.5271592994083676
2022-11-02 00:00:00+00:00,BRK-B,lightgbm_quantile,sentiment,20,log_return,289.4599914550781,294.3904431999863,-4.930451744908169,4.930451744908169
2022-11-03 00:00:00+00:00,BRK-B,lightgbm_quantile,sentiment,20,log_return,283.8500061035156,289.9108362475191,-6.060830144003489,6.060830144003489
2022-11-04 00:00:00+00:00,BRK-B,lightgbm_quantile,sentiment,20,log_return,287.4700012207031,284.7596068757039,2.7103943449992016,2.7103943449992016
2022-11-07 00:00:00+00:00,BRK-B,lightgbm_quantile,sentiment,20,log_return,290.19000244140625,287.9977702784296,2.1922321629766657,2.1922321629766657
2022-11-08 00:00:00+00:00,BRK-B,lightgbm_quantile,sentiment,20,log_return,292.6099853515625,290.83424051275466,1.7757448388078387,1.7757448388078387
2022-11-09 00:00:00+00:00,BRK-B,lightgbm_quantile,sentiment,20,log_return,288.6499938964844,293.1202389876582,-4.470245091173808,4.470245091173808
2022-11-10 00:00:00+00:00,BRK-B,lightgbm_quantile,sentiment,20,log_return,303.20001220703125,289.3797734334497,13.820238773581536,13.820238773581536
2022-11-11 00:00:00+00:00,BRK-B,lightgbm_quantile,sentiment,20,log_return,309.7200012207031,303.5219840921967,6.198017128506422,6.198017128506422
2022-11-14 00:00:00+00:00,BRK-B,lightgbm_quantile,sentiment,20,log_return,308.9100036621094,310.07406773053026,-1.1640640684208847,1.1640640684208847
2022-11-15 00:00:00+00:00,BRK-B,lightgbm_quantile,sentiment,20,log_return,309.9800109863281,309.9346299354797,0.04538105084844801,0.04538105084844801
2022-11-16 00:00:00+00:00,BRK-B,lightgbm_quantile,sentiment,20,log_return,308.760009765625,310.4046256544124,-1.6446158887874276,1.6446158887874276
2022-11-17 00:00:00+00:00,BRK-B,lightgbm_quantile,sentiment,20,log_return,307.44000244140625,309.5126276227504,-2.072625181344165,2.072625181344165
2022-11-18 00:00:00+00:00,BRK-B,lightgbm_quantile,sentiment,20,log_return,310.760009765625,308.3915031704362,2.368506595188819,2.368506595188819
2022-11-21 00:00:00+00:00,BRK-B,lightgbm_quantile,sentiment,20,log_return,311.20001220703125,311.90098471611054,-0.7009725090792926,0.7009725090792926
2022-11-22 00:00:00+00:00,BRK-B,lightgbm_quantile,sentiment,20,log_return,315.760009765625,312.02470601939285,3.735303746232148,3.735303746232148
2022-11-23 00:00:00+00:00,BRK-B,lightgbm_quantile,sentiment,20,log_return,316.17999267578125,316.55642320976386,-0.3764305339826137,0.3764305339826137
2022-11-25 00:00:00+00:00,BRK-B,lightgbm_quantile,sentiment,20,log_return,317.42999267578125,316.7568751688538,0.67311750692744,0.67311750692744
2022-11-28 00:00:00+00:00,BRK-B,lightgbm_quantile,sentiment,20,log_return,313.2699890136719,318.1227463117152,-4.852757298043343,4.852757298043343
2022-11-29 00:00:00+00:00,BRK-B,lightgbm_quantile,sentiment,20,log_return,315.1300048828125,313.7240362201585,1.4059686626540042,1.4059686626540042
2022-11-30 00:00:00+00:00,BRK-B,lightgbm_quantile,sentiment,20,log_return,318.6000061035156,316.1057184189958,2.4942876845198043,2.4942876845198043
2022-12-01 00:00:00+00:00,BRK-B,lightgbm_quantile,sentiment,20,log_return,315.8399963378906,319.18813209702586,-3.348135759135232,3.348135759135232
2022-12-02 00:00:00+00:00,BRK-B,lightgbm_quantile,sentiment,20,log_return,316.1499938964844,316.09757009029863,0.05242380618574316,0.05242380618574316
2022-12-05 00:00:00+00:00,BRK-B,lightgbm_quantile,sentiment,20,log_return,310.57000732421875,316.34757489016056,-5.777567565941808,5.777567565941808
2022-12-06 00:00:00+00:00,BRK-B,lightgbm_quantile,sentiment,20,log_return,307.7799987792969,310.9912630220189,-3.211264242722052,3.211264242722052
2022-12-07 00:00:00+00:00,BRK-B,lightgbm_quantile,sentiment,20,log_return,305.82000732421875,308.3951647683501,-2.575157444131378,2.575157444131378
2022-12-08 00:00:00+00:00,BRK-B,lightgbm_quantile,sentiment,20,log_return,305.989990234375,306.32405777820014,-0.33406754382514237,0.33406754382514237
2022-12-09 00:00:00+00:00,BRK-B,lightgbm_quantile,sentiment,20,log_return,306.3900146484375,306.95243109649186,-0.5624164480543641,0.5624164480543641
2022-12-12 00:00:00+00:00,BRK-B,lightgbm_quantile,sentiment,20,log_return,311.45001220703125,306.89661061892224,4.553401588109011,4.553401588109011
2022-12-13 00:00:00+00:00,BRK-B,lightgbm_quantile,sentiment,20,log_return,312.3299865722656,311.58851858706737,0.7414679851982555,0.7414679851982555
2022-12-14 00:00:00+00:00,BRK-B,lightgbm_quantile,sentiment,20,log_return,309.2900085449219,312.51515538694997,-3.2251468420280958,3.2251468420280958
2022-12-15 00:00:00+00:00,BRK-B,lightgbm_quantile,sentiment,20,log_return,301.9100036621094,309.6320613622763,-7.722057700166943,7.722057700166943
2022-12-16 00:00:00+00:00,BRK-B,lightgbm_quantile,sentiment,20,log_return,300.0,301.34369773021285,-1.3436977302128525,1.3436977302128525
2022-12-19 00:00:00+00:00,BRK-B,lightgbm_quantile,sentiment,20,log_return,300.0299987792969,299.84260159125233,0.18739718804454242,0.18739718804454242
2022-12-20 00:00:00+00:00,BRK-B,lightgbm_quantile,sentiment,20,log_return,302.0,299.5955374786209,2.4044625213791164,2.4044625213791164
2022-12-21 00:00:00+00:00,BRK-B,lightgbm_quantile,sentiment,20,log_return,307.82000732421875,302.5250723838283,5.294934940390476,5.294934940390476
2022-12-22 00:00:00+00:00,BRK-B,lightgbm_quantile,sentiment,20,log_return,302.69000244140625,308.27074950908394,-5.580747067677692,5.580747067677692
2022-12-23 00:00:00+00:00,BRK-B,lightgbm_quantile,sentiment,20,log_return,306.489990234375,303.2829402011024,3.207050033272594,3.207050033272594
2022-12-27 00:00:00+00:00,BRK-B,lightgbm_quantile,sentiment,20,log_return,305.54998779296875,307.3772690663951,-1.8272812734263653,1.8272812734263653
2022-12-28 00:00:00+00:00,BRK-B,lightgbm_quantile,sentiment,20,log_return,303.42999267578125,305.5283513384216,-2.0983586626403508,2.0983586626403508
2022-12-29 00:00:00+00:00,BRK-B,lightgbm_quantile,sentiment,20,log_return,309.0599975585937,304.3019597249794,4.75803783361431,4.75803783361431
2022-12-30 00:00:00+00:00,BRK-B,lightgbm_quantile,sentiment,20,log_return,308.8999938964844,309.6086037104794,-0.7086098139949968,0.7086098139949968
2023-01-03 00:00:00+00:00,BRK-B,lightgbm_quantile,sentiment,20,log_return,309.9100036621094,309.793843498317,0.11616016379235816,0.11616016379235816
2023-01-04 00:00:00+00:00,BRK-B,lightgbm_quantile,sentiment,20,log_return,314.54998779296875,310.2183625491537,4.33162524381504,4.33162524381504
2023-01-05 00:00:00+00:00,BRK-B,lightgbm_quantile,sentiment,20,log_return,312.8999938964844,314.62993001418096,-1.7299361176965817,1.7299361176965817
2023-01-06 00:00:00+00:00,BRK-B,lightgbm_quantile,sentiment,20,log_return,318.69000244140625,313.82317588279057,4.866826558615685,4.866826558615685
2023-01-09 00:00:00+00:00,BRK-B,lightgbm_quantile,sentiment,20,log_return,315.5299987792969,319.12403371118796,-3.5940349318910876,3.5940349318910876
2023-01-10 00:00:00+00:00,BRK-B,lightgbm_quantile,sentiment,20,log_return,316.3500061035156,316.5901134034275,-0.24010729991186963,0.24010729991186963
2023-01-11 00:00:00+00:00,BRK-B,lightgbm_quantile,sentiment,20,log_return,320.3699951171875,317.71464508356746,2.6553500336200386,2.6553500336200386
2023-01-12 00:00:00+00:00,BRK-B,lightgbm_quantile,sentiment,20,log_return,318.92999267578125,321.8563093258665,-2.926316650085255,2.926316650085255
2023-01-13 00:00:00+00:00,BRK-B,lightgbm_quantile,sentiment,20,log_return,317.6400146484375,319.5707103666283,-1.9306957181908047,1.9306957181908047
2023-01-17 00:00:00+00:00,BRK-B,lightgbm_quantile,sentiment,20,log_return,314.8599853515625,318.12715406422785,-3.2671687126653524,3.2671687126653524
2023-01-18 00:00:00+00:00,BRK-B,lightgbm_quantile,sentiment,20,log_return,308.29998779296875,315.1683320845886,-6.868344291619849,6.868344291619849
2023-01-19 00:00:00+00:00,BRK-B,lightgbm_quantile,sentiment,20,log_return,305.2300109863281,308.53221643993237,-3.3022054536042447,3.3022054536042447
2023-01-20 00:00:00+00:00,BRK-B,lightgbm_quantile,sentiment,20,log_return,309.8699951171875,305.6222059956159,4.2477891215716,4.2477891215716
2023-01-23 00:00:00+00:00,BRK-B,lightgbm_quantile,sentiment,20,log_return,310.4200134277344,310.3627062471257,0.05730718060868867,0.05730718060868867
2023-01-24 00:00:00+00:00,BRK-B,lightgbm_quantile,sentiment,20,log_return,311.29998779296875,310.8755992191704,0.42438857379835326,0.42438857379835326
2023-01-25 00:00:00+00:00,BRK-B,lightgbm_quantile,sentiment,20,log_return,311.8999938964844,311.65960281932615,0.24039107715822183,0.24039107715822183
2023-01-26 00:00:00+00:00,BRK-B,lightgbm_quantile,sentiment,20,log_return,310.95001220703125,312.5464825853762,-1.596470378344975,1.596470378344975
2023-01-27 00:00:00+00:00,BRK-B,lightgbm_quantile,sentiment,20,log_return,309.1700134277344,311.7636395307202,-2.5936261029858088,2.5936261029858088
2023-01-30 00:00:00+00:00,BRK-B,lightgbm_quantile,sentiment,20,log_return,307.3299865722656,310.237156933968,-2.907170361702356,2.907170361702356
2023-01-31 00:00:00+00:00,BRK-B,lightgbm_quantile,sentiment,20,log_return,311.5199890136719,308.41090643525416,3.1090825784177127,3.1090825784177127
2023-02-01 00:00:00+00:00,BRK-B,lightgbm_quantile,sentiment,20,log_return,310.57000732421875,312.10651844559584,-1.5365111213770888,1.5365111213770888
2023-02-02 00:00:00+00:00,BRK-B,lightgbm_quantile,sentiment,20,log_return,311.8599853515625,311.1328795322484,0.7271058193140902,0.7271058193140902
2023-02-03 00:00:00+00:00,BRK-B,lightgbm_quantile,sentiment,20,log_return,308.510009765625,311.88494182096446,-3.374932055339457,3.374932055339457
2023-02-06 00:00:00+00:00,BRK-B,lightgbm_quantile,sentiment,20,log_return,308.42999267578125,308.5018746921466,-0.07188201636535041,0.07188201636535041
2023-02-07 00:00:00+00:00,BRK-B,lightgbm_quantile,sentiment,20,log_return,312.9700012207031,309.3598652872468,3.61013593345632,3.61013593345632
2023-02-08 00:00:00+00:00,BRK-B,lightgbm_quantile,sentiment,20,log_return,308.4800109863281,313.40988596074135,-4.929874974413224,4.929874974413224
2023-02-09 00:00:00+00:00,BRK-B,lightgbm_quantile,sentiment,20,log_return,307.2099914550781,309.39246914687465,-2.182477691796521,2.182477691796521
2023-02-10 00:00:00+00:00,BRK-B,lightgbm_quantile,sentiment,20,log_return,309.8900146484375,307.8874059487574,2.0026086996800814,2.0026086996800814
2023-02-13 00:00:00+00:00,BRK-B,lightgbm_quantile,sentiment,20,log_return,313.739990234375,310.3585157231087,3.3814745112662763,3.3814745112662763
2023-02-14 00:00:00+00:00,BRK-B,lightgbm_quantile,sentiment,20,log_return,310.7900085449219,314.44289324840975,-3.652884703487871,3.652884703487871
2023-02-15 00:00:00+00:00,BRK-B,lightgbm_quantile,sentiment,20,log_return,309.6300048828125,311.4186634704495,-1.7886585876369736,1.7886585876369736
2023-02-16 00:00:00+00:00,BRK-B,lightgbm_quantile,sentiment,20,log_return,308.17999267578125,310.6698213413247,-2.4898286655434276,2.4898286655434276
2023-02-17 00:00:00+00:00,BRK-B,lightgbm_quantile,sentiment,20,log_return,308.239990234375,308.67828360098724,-0.4382933666122426,0.4382933666122426
2023-02-21 00:00:00+00:00,BRK-B,lightgbm_quantile,sentiment,20,log_return,302.7200012207031,308.5676631660705,-5.847661945367349,5.847661945367349
2023-02-22 00:00:00+00:00,BRK-B,lightgbm_quantile,sentiment,20,log_return,303.1600036621094,302.8185072216909,0.3414964404184957,0.3414964404184957
2023-02-23 00:00:00+00:00,BRK-B,lightgbm_quantile,sentiment,20,log_return,303.07000732421875,303.72815947833436,-0.6581521541156121,0.6581521541156121
2023-02-24 00:00:00+00:00,BRK-B,lightgbm_quantile,sentiment,20,log_return,304.0199890136719,303.3490012986257,0.6709877150461807,0.6709877150461807
2023-02-27 00:00:00+00:00,BRK-B,lightgbm_quantile,sentiment,20,log_return,304.6600036621094,304.2335782644419,0.42642539766745813,0.42642539766745813
2023-02-28 00:00:00+00:00,BRK-B,lightgbm_quantile,sentiment,20,log_return,305.17999267578125,305.3732413760391,-0.19324870025786822,0.19324870025786822
2023-03-01 00:00:00+00:00,BRK-B,lightgbm_quantile,sentiment,20,log_return,304.6199951171875,305.93767159029727,-1.3176764731097705,1.3176764731097705
2023-03-02 00:00:00+00:00,BRK-B,lightgbm_quantile,sentiment,20,log_return,307.75,304.93255141298573,2.817448587014269,2.817448587014269
2023-03-03 00:00:00+00:00,BRK-B,lightgbm_quantile,sentiment,20,log_return,312.45001220703125,308.42940676581696,4.020605441214286,4.020605441214286
2023-03-06 00:00:00+00:00,BRK-B,lightgbm_quantile,sentiment,20,log_return,316.9700012207031,312.8984909765896,4.07151024411354,4.07151024411354
2023-03-07 00:00:00+00:00,BRK-B,lightgbm_quantile,sentiment,20,log_return,311.1199951171875,316.96160944153,-5.841614324342515,5.841614324342515
2023-03-08 00:00:00+00:00,BRK-B,lightgbm_quantile,sentiment,20,log_return,311.3699951171875,311.4896378814389,-0.11964276425140952,0.11964276425140952
2023-03-09 00:00:00+00:00,BRK-B,lightgbm_quantile,sentiment,20,log_return,304.82000732421875,312.1304188885487,-7.310411564329968,7.310411564329968
2023-03-10 00:00:00+00:00,BRK-B,lightgbm_quantile,sentiment,20,log_return,303.6300048828125,304.74385708366617,-1.113852200853671,1.113852200853671
2023-03-13 00:00:00+00:00,BRK-B,lightgbm_quantile,sentiment,20,log_return,302.8800048828125,303.5083847672337,-0.6283798844211788,0.6283798844211788
2023-03-14 00:00:00+00:00,BRK-B,lightgbm_quantile,sentiment,20,log_return,305.3299865722656,303.3238043627437,2.00618220952191,2.00618220952191
2023-03-15 00:00:00+00:00,BRK-B,lightgbm_quantile,sentiment,20,log_return,297.8800048828125,305.02954222420396,-7.149537341391465,7.149537341391465
2023-03-16 00:00:00+00:00,BRK-B,lightgbm_quantile,sentiment,20,log_return,302.010009765625,297.89179282704737,4.118216938577632,4.118216938577632
2023-03-17 00:00:00+00:00,BRK-B,lightgbm_quantile,sentiment,20,log_return,293.510009765625,302.3121176907139,-8.802107925088876,8.802107925088876
2023-03-20 00:00:00+00:00,BRK-B,lightgbm_quantile,sentiment,20,log_return,301.0599975585937,293.32791637299164,7.7320811856020555,7.7320811856020555
2023-03-21 00:00:00+00:00,BRK-B,lightgbm_quantile,sentiment,20,log_return,303.8500061035156,301.08790262072984,2.7621034827857898,2.7621034827857898
2023-03-22 00:00:00+00:00,BRK-B,lightgbm_quantile,sentiment,20,log_return,299.7300109863281,303.45871144979594,-3.728700463467817,3.728700463467817
2023-03-23 00:00:00+00:00,BRK-B,lightgbm_quantile,sentiment,20,log_return,298.3699951171875,300.2150687838623,-1.845073666674807,1.845073666674807
2023-03-24 00:00:00+00:00,BRK-B,lightgbm_quantile,sentiment,20,log_return,298.9200134277344,299.26427391728663,-0.34426048955225497,0.34426048955225497
2023-03-27 00:00:00+00:00,BRK-B,lightgbm_quantile,sentiment,20,log_return,302.1400146484375,299.28235993940484,2.8576547090326585,2.8576547090326585
2023-03-28 00:00:00+00:00,BRK-B,lightgbm_quantile,sentiment,20,log_return,302.32000732421875,302.9826353125015,-0.6626279882827362,0.6626279882827362
2023-03-29 00:00:00+00:00,BRK-B,lightgbm_quantile,sentiment,20,log_return,305.29998779296875,303.235814838134,2.06417295483476,2.06417295483476
2023-03-30 00:00:00+00:00,BRK-B,lightgbm_quantile,sentiment,20,log_return,305.0799865722656,305.0899406255412,-0.00995405327557819,0.00995405327557819
2023-03-31 00:00:00+00:00,BRK-B,lightgbm_quantile,sentiment,20,log_return,308.7699890136719,305.24158987738525,3.528399136286623,3.528399136286623
2023-04-03 00:00:00+00:00,BRK-B,lightgbm_quantile,sentiment,20,log_return,310.3099975585937,309.1417381387186,1.1682594198750849,1.1682594198750849
2023-04-04 00:00:00+00:00,BRK-B,lightgbm_quantile,sentiment,20,log_return,309.07000732421875,311.4083380057287,-2.3383306815099445,2.3383306815099445
2023-04-05 00:00:00+00:00,BRK-B,lightgbm_quantile,sentiment,20,log_return,310.3900146484375,309.9101357596227,0.47987888881482377,0.47987888881482377
2023-04-06 00:00:00+00:00,BRK-B,lightgbm_quantile,sentiment,20,log_return,312.510009765625,310.54896442856455,1.9610453370604546,1.9610453370604546
2023-04-10 00:00:00+00:00,BRK-B,lightgbm_quantile,sentiment,20,log_return,312.6199951171875,313.71664553104455,-1.0966504138570485,1.0966504138570485
2023-04-11 00:00:00+00:00,BRK-B,lightgbm_quantile,sentiment,20,log_return,313.70001220703125,313.4299824962865,0.2700297107447227,0.2700297107447227
2023-04-12 00:00:00+00:00,BRK-B,lightgbm_quantile,sentiment,20,log_return,314.54998779296875,314.7833898480011,-0.23340205503234301,0.23340205503234301
2023-04-13 00:00:00+00:00,BRK-B,lightgbm_quantile,sentiment,20,log_return,318.04998779296875,315.7169487723423,2.3330390206264724,2.3330390206264724
2023-04-14 00:00:00+00:00,BRK-B,lightgbm_quantile,sentiment,20,log_return,319.739990234375,319.1887488800163,0.5512413543586945,0.5512413543586945
2023-04-17 00:00:00+00:00,BRK-B,lightgbm_quantile,sentiment,20,log_return,323.7900085449219,320.3773382085685,3.412670336353358,3.412670336353358
2023-04-18 00:00:00+00:00,BRK-B,lightgbm_quantile,sentiment,20,log_return,324.6300048828125,324.68855230572154,-0.05854742290904369,0.05854742290904369
2023-04-19 00:00:00+00:00,BRK-B,lightgbm_quantile,sentiment,20,log_return,323.0899963378906,324.77373175693964,-1.6837354190490146,1.6837354190490146
2023-04-20 00:00:00+00:00,BRK-B,lightgbm_quantile,sentiment,20,log_return,323.82000732421875,324.0626635229007,-0.24265619868197064,0.24265619868197064
2023-04-21 00:00:00+00:00,BRK-B,lightgbm_quantile,sentiment,20,log_return,324.3299865722656,324.5176637320636,-0.1876771597979996,0.1876771597979996
2023-04-24 00:00:00+00:00,BRK-B,lightgbm_quantile,sentiment,20,log_return,326.04998779296875,325.1136598420982,0.9363279508705773,0.9363279508705773
2023-04-25 00:00:00+00:00,BRK-B,lightgbm_quantile,sentiment,20,log_return,324.3399963378906,326.92391417202197,-2.5839178341313414,2.5839178341313414
2023-04-26 00:00:00+00:00,BRK-B,lightgbm_quantile,sentiment,20,log_return,320.5299987792969,325.3764468820614,-4.846448102764498,4.846448102764498
2023-04-27 00:00:00+00:00,BRK-B,lightgbm_quantile,sentiment,20,log_return,326.2300109863281,321.0349161751397,5.195094811188426,5.195094811188426
2023-04-28 00:00:00+00:00,BRK-B,lightgbm_quantile,sentiment,20,log_return,328.54998779296875,326.8996225744748,1.6503652184939597,1.6503652184939597
2023-05-01 00:00:00+00:00,BRK-B,lightgbm_quantile,sentiment,20,log_return,330.1700134277344,328.995742447251,1.1742709804833567,1.1742709804833567
2023-05-02 00:00:00+00:00,BRK-B,lightgbm_quantile,sentiment,20,log_return,325.8599853515625,330.8908154384587,-5.030830086896174,5.030830086896174
2023-05-03 00:00:00+00:00,BRK-B,lightgbm_quantile,sentiment,20,log_return,323.2200012207031,326.2816088487782,-3.0616076280750804,3.0616076280750804
2023-05-04 00:00:00+00:00,BRK-B,lightgbm_quantile,sentiment,20,log_return,320.0,323.8421723332974,-3.8421723332974125,3.8421723332974125
2023-05-05 00:00:00+00:00,BRK-B,lightgbm_quantile,sentiment,20,log_return,323.8800048828125,320.19673720316547,3.683267679647031,3.683267679647031
2023-05-08 00:00:00+00:00,BRK-B,lightgbm_quantile,sentiment,20,log_return,326.1400146484375,324.20352378524893,1.936490863188567,1.936490863188567
2023-05-09 00:00:00+00:00,BRK-B,lightgbm_quantile,sentiment,20,log_return,324.8699951171875,326.80259520282186,-1.9326000856343626,1.9326000856343626
2023-05-10 00:00:00+00:00,BRK-B,lightgbm_quantile,sentiment,20,log_return,322.989990234375,324.7989640632882,-1.8089738289132242,1.8089738289132242
2023-05-11 00:00:00+00:00,BRK-B,lightgbm_quantile,sentiment,20,log_return,322.6400146484375,322.96439759275825,-0.324382944320746,0.324382944320746
2023-05-12 00:00:00+00:00,BRK-B,lightgbm_quantile,sentiment,20,log_return,322.489990234375,323.2224279385027,-0.7324377041276762,0.7324377041276762
2023-05-15 00:00:00+00:00,BRK-B,lightgbm_quantile,sentiment,20,log_return,323.5299987792969,322.8781773281113,0.6518214511855831,0.6518214511855831
2023-05-16 00:00:00+00:00,BRK-B,lightgbm_quantile,sentiment,20,log_return,323.75,324.3356855370518,-0.5856855370518019,0.5856855370518019
2023-05-17 00:00:00+00:00,BRK-B,lightgbm_quantile,sentiment,20,log_return,327.3900146484375,323.936555771096,3.453458877341518,3.453458877341518
2023-05-18 00:00:00+00:00,BRK-B,lightgbm_quantile,sentiment,20,log_return,329.760009765625,327.9354468527713,1.8245629128537075,1.8245629128537075
2023-05-19 00:00:00+00:00,BRK-B,lightgbm_quantile,sentiment,20,log_return,330.3900146484375,330.4278757534994,-0.037861105061892886,0.037861105061892886
2023-05-22 00:00:00+00:00,BRK-B,lightgbm_quantile,sentiment,20,log_return,329.1300048828125,330.4545599783692,-1.3245550955567182,1.3245550955567182
2023-05-23 00:00:00+00:00,BRK-B,lightgbm_quantile,sentiment,20,log_return,323.1099853515625,329.67360460339904,-6.563619251836542,6.563619251836542
2023-05-24 00:00:00+00:00,BRK-B,lightgbm_quantile,sentiment,20,log_return,320.20001220703125,322.47345377428576,-2.2734415672545083,2.2734415672545083
2023-05-25 00:00:00+00:00,BRK-B,lightgbm_quantile,sentiment,20,log_return,319.0199890136719,320.30334764513213,-1.2833586314602599,1.2833586314602599
2023-05-26 00:00:00+00:00,BRK-B,lightgbm_quantile,sentiment,20,log_return,320.6000061035156,318.8149880179164,1.7850180855992335,1.7850180855992335
2023-05-30 00:00:00+00:00,BRK-B,lightgbm_quantile,sentiment,20,log_return,322.19000244140625,321.5485939431619,0.6414084982443455,0.6414084982443455
2023-05-31 00:00:00+00:00,BRK-B,lightgbm_quantile,sentiment,20,log_return,321.0799865722656,322.91411169379,-1.8341251215243801,1.8341251215243801
2023-06-01 00:00:00+00:00,BRK-B,lightgbm_quantile,sentiment,20,log_return,323.1199951171875,321.4696234892722,1.6503716279153196,1.6503716279153196
2023-06-02 00:00:00+00:00,BRK-B,lightgbm_quantile,sentiment,20,log_return,329.4800109863281,323.56389287032954,5.916118115998586,5.916118115998586
2023-06-05 00:00:00+00:00,BRK-B,lightgbm_quantile,sentiment,20,log_return,328.5799865722656,329.82958308665457,-1.2495965143889407,1.2495965143889407
2023-06-06 00:00:00+00:00,BRK-B,lightgbm_quantile,sentiment,20,log_return,333.4100036621094,328.85880470632225,4.551198955787129,4.551198955787129
2023-06-07 00:00:00+00:00,BRK-B,lightgbm_quantile,sentiment,20,log_return,335.4200134277344,333.7809886052648,1.6390248224695938,1.6390248224695938
2023-06-08 00:00:00+00:00,BRK-B,lightgbm_quantile,sentiment,20,log_return,335.95001220703125,335.56339545927676,0.38661674775448773,0.38661674775448773
2023-06-09 00:00:00+00:00,BRK-B,lightgbm_quantile,sentiment,20,log_return,335.2900085449219,336.27585251771393,-0.985843972792054,0.985843972792054
2023-06-12 00:00:00+00:00,BRK-B,lightgbm_quantile,sentiment,20,log_return,333.6000061035156,335.5983925655907,-1.998386462075075,1.998386462075075
2023-06-13 00:00:00+00:00,BRK-B,lightgbm_quantile,sentiment,20,log_return,336.3900146484375,333.91263364519756,2.477381003239941,2.477381003239941
2023-06-14 00:00:00+00:00,BRK-B,lightgbm_quantile,sentiment,20,log_return,335.8999938964844,336.8659195409212,-0.9659256444368225,0.9659256444368225
2023-06-15 00:00:00+00:00,BRK-B,lightgbm_quantile,sentiment,20,log_return,339.82000732421875,335.9330615635407,3.8869457606780315,3.8869457606780315
2023-06-16 00:00:00+00:00,BRK-B,lightgbm_quantile,sentiment,20,log_return,338.3099975585937,340.19666086565013,-1.8866633070564376,1.8866633070564376
2023-06-20 00:00:00+00:00,BRK-B,lightgbm_quantile,sentiment,20,log_return,338.6700134277344,338.8863931193699,-0.21637969163555226,0.21637969163555226
2023-06-21 00:00:00+00:00,BRK-B,lightgbm_quantile,sentiment,20,log_return,338.6099853515625,338.48499024573414,0.12499510582836137,0.12499510582836137
2023-06-22 00:00:00+00:00,BRK-B,lightgbm_quantile,sentiment,20,log_return,336.9599914550781,338.08475320159994,-1.1247617465218127,1.1247617465218127
2023-06-23 00:00:00+00:00,BRK-B,lightgbm_quantile,sentiment,20,log_return,335.25,337.3028420180222,-2.0528420180222042,2.0528420180222042
2023-06-26 00:00:00+00:00,BRK-B,lightgbm_quantile,sentiment,20,log_return,334.1199951171875,335.9858172075346,-1.8658220903470806,1.8658220903470806
2023-06-27 00:00:00+00:00,BRK-B,lightgbm_quantile,sentiment,20,log_return,335.3399963378906,335.4512039574099,-0.11120761951929126,0.11120761951929126
2023-06-28 00:00:00+00:00,BRK-B,lightgbm_quantile,sentiment,20,log_return,334.1499938964844,336.0111877853469,-1.8611938888625446,1.8611938888625446
2023-06-29 00:00:00+00:00,BRK-B,lightgbm_quantile,sentiment,20,log_return,336.9100036621094,334.96597692251396,1.9440267395954152,1.9440267395954152
2023-06-30 00:00:00+00:00,BRK-B,lightgbm_quantile,sentiment,20,log_return,341.0,336.93469251415803,4.06530748584197,4.06530748584197
2023-07-03 00:00:00+00:00,BRK-B,lightgbm_quantile,sentiment,20,log_return,342.0,340.85179213285073,1.1482078671492673,1.1482078671492673
2023-07-05 00:00:00+00:00,BRK-B,lightgbm_quantile,sentiment,20,log_return,341.5599975585937,342.62904500446234,-1.069047445868648,1.069047445868648
2023-07-06 00:00:00+00:00,BRK-B,lightgbm_quantile,sentiment,20,log_return,341.4599914550781,342.0409454893507,-0.5809540342725654,0.5809540342725654
2023-07-07 00:00:00+00:00,BRK-B,lightgbm_quantile,sentiment,20,log_return,340.8999938964844,342.5731409760879,-1.6731470796035524,1.6731470796035524
2023-07-10 00:00:00+00:00,BRK-B,lightgbm_quantile,sentiment,20,log_return,341.1300048828125,341.8766327675548,-0.7466278847422814,0.7466278847422814
2023-07-11 00:00:00+00:00,BRK-B,lightgbm_quantile,sentiment,20,log_return,343.3699951171875,341.9726295195875,1.3973655976000146,1.3973655976000146
2023-07-12 00:00:00+00:00,BRK-B,lightgbm_quantile,sentiment,20,log_return,345.3500061035156,344.14970399684,1.2003021066756219,1.2003021066756219
2023-07-13 00:00:00+00:00,BRK-B,lightgbm_quantile,sentiment,20,log_return,343.5400085449219,346.4933012769387,-2.9532927320168483,2.9532927320168483
2023-07-14 00:00:00+00:00,BRK-B,lightgbm_quantile,sentiment,20,log_return,341.0899963378906,344.61206228146995,-3.522065943579321,3.522065943579321
2023-07-17 00:00:00+00:00,BRK-B,lightgbm_quantile,sentiment,20,log_return,344.25,341.46587042124884,2.7841295787511626,2.7841295787511626
2023-07-18 00:00:00+00:00,BRK-B,lightgbm_quantile,sentiment,20,log_return,345.3399963378906,345.23593756263426,0.10405877525636242,0.10405877525636242
2023-07-19 00:00:00+00:00,BRK-B,lightgbm_quantile,sentiment,20,log_return,342.42999267578125,345.58421821323657,-3.154225537455318,3.154225537455318
2023-07-20 00:00:00+00:00,BRK-B,lightgbm_quantile,sentiment,20,log_return,346.6099853515625,343.3462820447267,3.2637033068357937,3.2637033068357937
2023-07-21 00:00:00+00:00,BRK-B,lightgbm_quantile,sentiment,20,log_return,345.760009765625,347.1717669402208,-1.4117571745957775,1.4117571745957775
2023-07-24 00:00:00+00:00,BRK-B,lightgbm_quantile,sentiment,20,log_return,349.6300048828125,346.868374656277,2.7616302265354875,2.7616302265354875
2023-07-25 00:00:00+00:00,BRK-B,lightgbm_quantile,sentiment,20,log_return,347.5799865722656,350.4787062597102,-2.8987196874445544,2.8987196874445544
2023-07-26 00:00:00+00:00,BRK-B,lightgbm_quantile,sentiment,20,log_return,349.79998779296875,348.338595405597,1.4613923873717454,1.4613923873717454
2023-07-27 00:00:00+00:00,BRK-B,lightgbm_quantile,sentiment,20,log_return,349.3099975585937,350.4916012523014,-1.1816036937077001,1.1816036937077001
2023-07-28 00:00:00+00:00,BRK-B,lightgbm_quantile,sentiment,20,log_return,349.8099975585937,349.8583489762064,-0.04835141761270734,0.04835141761270734
2023-07-31 00:00:00+00:00,BRK-B,lightgbm_quantile,sentiment,20,log_return,351.9599914550781,350.5250154329072,1.434976022170929,1.434976022170929
2023-08-01 00:00:00+00:00,BRK-B,lightgbm_quantile,sentiment,20,log_return,352.260009765625,352.76707386727963,-0.5070641016546347,0.5070641016546347
2023-08-02 00:00:00+00:00,BRK-B,lightgbm_quantile,sentiment,20,log_return,351.19000244140625,352.6680548908097,-1.4780524494034353,1.4780524494034353
2023-08-03 00:00:00+00:00,BRK-B,lightgbm_quantile,sentiment,20,log_return,353.8099975585937,351.0451725007696,2.764825057824112,2.764825057824112
2023-08-04 00:00:00+00:00,BRK-B,lightgbm_quantile,sentiment,20,log_return,349.989990234375,354.54318126468036,-4.553191030305356,4.553191030305356
2023-08-07 00:00:00+00:00,BRK-B,lightgbm_quantile,sentiment,20,log_return,362.5799865722656,351.0693889533688,11.510597618896838,11.510597618896838
2023-08-08 00:00:00+00:00,BRK-B,lightgbm_quantile,sentiment,20,log_return,363.7300109863281,362.808040824484,0.921970161844115,0.921970161844115
2023-08-09 00:00:00+00:00,BRK-B,lightgbm_quantile,sentiment,20,log_return,358.0199890136719,364.7802280908443,-6.7602390771724,6.7602390771724
2023-08-10 00:00:00+00:00,BRK-B,lightgbm_quantile,sentiment,20,log_return,356.9800109863281,357.87716675799845,-0.8971557716703273,0.8971557716703273
2023-08-11 00:00:00+00:00,BRK-B,lightgbm_quantile,sentiment,20,log_return,358.3500061035156,357.5518679987412,0.7981381047744094,0.7981381047744094
2023-08-14 00:00:00+00:00,BRK-B,lightgbm_quantile,sentiment,20,log_return,358.4800109863281,358.76564254432543,-0.28563155799730566,0.28563155799730566
2023-08-15 00:00:00+00:00,BRK-B,lightgbm_quantile,sentiment,20,log_return,354.5,358.81036096454676,-4.31036096454676,4.31036096454676
2023-08-16 00:00:00+00:00,BRK-B,lightgbm_quantile,sentiment,20,log_return,354.1099853515625,354.6507748131799,-0.5407894616174076,0.5407894616174076
2023-08-17 00:00:00+00:00,BRK-B,lightgbm_quantile,sentiment,20,log_return,353.19000244140625,355.04967379846676,-1.8596713570605061,1.8596713570605061
2023-08-18 00:00:00+00:00,BRK-B,lightgbm_quantile,sentiment,20,log_return,352.5599975585937,353.8559562373259,-1.2959586787322337,1.2959586787322337
2023-08-21 00:00:00+00:00,BRK-B,lightgbm_quantile,sentiment,20,log_return,352.0899963378906,353.89314323680134,-1.8031468989107111,1.8031468989107111
2023-08-22 00:00:00+00:00,BRK-B,lightgbm_quantile,sentiment,20,log_return,350.57000732421875,352.322383007982,-1.7523756837632618,1.7523756837632618
2023-08-23 00:00:00+00:00,BRK-B,lightgbm_quantile,sentiment,20,log_return,354.260009765625,351.01432747788294,3.2456822877420564,3.2456822877420564
2023-08-24 00:00:00+00:00,BRK-B,lightgbm_quantile,sentiment,20,log_return,354.29998779296875,354.8310429702211,-0.5310551772523695,0.5310551772523695
2023-08-25 00:00:00+00:00,BRK-B,lightgbm_quantile,sentiment,20,log_return,355.92999267578125,354.83250313940135,1.0974895363798964,1.0974895363798964
2023-08-28 00:00:00+00:00,BRK-B,lightgbm_quantile,sentiment,20,log_return,355.54998779296875,356.6758761796308,-1.1258883866620408,1.1258883866620408
2023-08-29 00:00:00+00:00,BRK-B,lightgbm_quantile,sentiment,20,log_return,358.2900085449219,356.539759016015,1.7502495289068634,1.7502495289068634
2023-08-30 00:00:00+00:00,BRK-B,lightgbm_quantile,sentiment,20,log_return,361.05999755859375,359.0431899994842,2.0168075591095658,2.0168075591095658
2023-08-31 00:00:00+00:00,BRK-B,lightgbm_quantile,sentiment,20,log_return,360.20001220703125,362.0798059780217,-1.8797937709904318,1.8797937709904318
2023-09-01 00:00:00+00:00,BRK-B,lightgbm_quantile,sentiment,20,log_return,362.4599914550781,361.6432460554284,0.8167453996497329,0.8167453996497329
2023-09-05 00:00:00+00:00,BRK-B,lightgbm_quantile,sentiment,20,log_return,360.4700012207031,363.3096437076438,-2.8396424869406474,2.8396424869406474
2023-09-06 00:00:00+00:00,BRK-B,lightgbm_quantile,sentiment,20,log_return,361.6700134277344,361.20636528838713,0.46364813934724225,0.46364813934724225
2023-09-07 00:00:00+00:00,BRK-B,lightgbm_quantile,sentiment,20,log_return,361.7999877929688,361.7056972960539,0.0942904969148799,0.0942904969148799
2023-09-08 00:00:00+00:00,BRK-B,lightgbm_quantile,sentiment,20,log_return,363.1499938964844,361.7449258442072,1.4050680522771586,1.4050680522771586
2023-09-11 00:00:00+00:00,BRK-B,lightgbm_quantile,sentiment,20,log_return,365.5199890136719,362.8595861259385,2.660402887733369,2.660402887733369
2023-09-12 00:00:00+00:00,BRK-B,lightgbm_quantile,sentiment,20,log_return,367.7799987792969,366.0408179543013,1.7391808249955716,1.7391808249955716
2023-09-13 00:00:00+00:00,BRK-B,lightgbm_quantile,sentiment,20,log_return,367.8200073242188,368.1776856080697,-0.3576782838508734,0.3576782838508734
2023-09-14 00:00:00+00:00,BRK-B,lightgbm_quantile,sentiment,20,log_return,369.5,367.84541811320616,1.654581886793835,1.654581886793835
2023-09-15 00:00:00+00:00,BRK-B,lightgbm_quantile,sentiment,20,log_return,367.8599853515625,369.9131469942483,-2.0531616426857795,2.0531616426857795
2023-09-18 00:00:00+00:00,BRK-B,lightgbm_quantile,sentiment,20,log_return,370.4299926757813,368.77130770607874,1.6586849697025627,1.6586849697025627
2023-09-19 00:00:00+00:00,BRK-B,lightgbm_quantile,sentiment,20,log_return,370.4800109863281,370.8023110727839,-0.3223000864557548,0.3223000864557548
2023-09-20 00:00:00+00:00,BRK-B,lightgbm_quantile,sentiment,20,log_return,366.8200073242188,371.19431332362126,-4.374305999402452,4.374305999402452
2023-09-21 00:00:00+00:00,BRK-B,lightgbm_quantile,sentiment,20,log_return,363.2799987792969,367.3376451444859,-4.0576463651890435,4.0576463651890435
2023-09-22 00:00:00+00:00,BRK-B,lightgbm_quantile,sentiment,20,log_return,360.1600036621094,363.89216865049224,-3.7321649883828627,3.7321649883828627
2023-09-25 00:00:00+00:00,BRK-B,lightgbm_quantile,sentiment,20,log_return,361.7099914550781,360.32486070320874,1.385130751869383,1.385130751869383
2023-09-26 00:00:00+00:00,BRK-B,lightgbm_quantile,sentiment,20,log_return,359.4200134277344,362.79966678279266,-3.379653355058281,3.379653355058281
2023-09-27 00:00:00+00:00,BRK-B,lightgbm_quantile,sentiment,20,log_return,357.7799987792969,359.9556279563674,-2.1756291770705047,2.1756291770705047
2023-09-28 00:00:00+00:00,BRK-B,lightgbm_quantile,sentiment,20,log_return,357.0599975585937,358.09517923542086,-1.0351816768271647,1.0351816768271647
2023-09-29 00:00:00+00:00,BRK-B,lightgbm_quantile,sentiment,20,log_return,350.29998779296875,357.0044049534475,-6.704417160478727,6.704417160478727
2023-10-02 00:00:00+00:00,BRK-B,lightgbm_quantile,sentiment,20,log_return,348.0799865722656,350.4183978486915,-2.338411276425859,2.338411276425859
2023-10-03 00:00:00+00:00,BRK-B,lightgbm_quantile,sentiment,20,log_return,343.0400085449219,348.4044304396116,-5.364421894689713,5.364421894689713
2023-10-04 00:00:00+00:00,BRK-B,lightgbm_quantile,sentiment,20,log_return,343.69000244140625,343.846705821538,-0.15670338013177343,0.15670338013177343
2023-10-05 00:00:00+00:00,BRK-B,lightgbm_quantile,sentiment,20,log_return,345.0599975585937,343.91820202671306,1.141795531880632,1.141795531880632
2023-10-06 00:00:00+00:00,BRK-B,lightgbm_quantile,sentiment,20,log_return,346.3399963378906,345.75592870944087,0.584067628449759,0.584067628449759
2023-10-09 00:00:00+00:00,BRK-B,lightgbm_quantile,sentiment,20,log_return,345.45001220703125,346.7936935152758,-1.343681308244527,1.343681308244527
2023-10-10 00:00:00+00:00,BRK-B,lightgbm_quantile,sentiment,20,log_return,348.5599975585937,346.6671516140101,1.8928459445835983,1.8928459445835983
2023-10-11 00:00:00+00:00,BRK-B,lightgbm_quantile,sentiment,20,log_return,348.42999267578125,349.35047735664574,-0.9204846808644902,0.9204846808644902
2023-10-12 00:00:00+00:00,BRK-B,lightgbm_quantile,sentiment,20,log_return,345.6600036621094,348.5465896026763,-2.886585940566931,2.886585940566931
2023-10-13 00:00:00+00:00,BRK-B,lightgbm_quantile,sentiment,20,log_return,345.0899963378906,346.3464034874406,-1.2564071495500002,1.2564071495500002
2023-10-16 00:00:00+00:00,BRK-B,lightgbm_quantile,sentiment,20,log_return,346.2300109863281,345.343966444908,0.8860445414201195,0.8860445414201195
2023-10-17 00:00:00+00:00,BRK-B,lightgbm_quantile,sentiment,20,log_return,345.3900146484375,346.04189366586235,-0.6518790174248466,0.6518790174248466
2023-10-18 00:00:00+00:00,BRK-B,lightgbm_quantile,sentiment,20,log_return,340.8900146484375,346.16095342252015,-5.270938774082651,5.270938774082651
2023-10-19 00:00:00+00:00,BRK-B,lightgbm_quantile,sentiment,20,log_return,338.6600036621094,341.4240363707152,-2.764032708605839,2.764032708605839
2023-10-20 00:00:00+00:00,BRK-B,lightgbm_quantile,sentiment,20,log_return,335.8599853515625,339.50717367755556,-3.6471883259930564,3.6471883259930564
2023-10-23 00:00:00+00:00,BRK-B,lightgbm_quantile,sentiment,20,log_return,336.8399963378906,336.4409313962322,0.3990649416584233,0.3990649416584233
2023-10-24 00:00:00+00:00,BRK-B,lightgbm_quantile,sentiment,20,log_return,338.6300048828125,337.7041226759346,0.9258822068778727,0.9258822068778727
2023-10-25 00:00:00+00:00,BRK-B,lightgbm_quantile,sentiment,20,log_return,336.8999938964844,339.23290203897574,-2.3329081424913625,2.3329081424913625
2023-10-26 00:00:00+00:00,BRK-B,lightgbm_quantile,sentiment,20,log_return,336.1600036621094,337.2158875776792,-1.0558839155698365,1.0558839155698365
2023-10-27 00:00:00+00:00,BRK-B,lightgbm_quantile,sentiment,20,log_return,331.7099914550781,336.9718856832227,-5.26189422814457,5.26189422814457
2023-10-30 00:00:00+00:00,BRK-B,lightgbm_quantile,sentiment,20,log_return,337.4100036621094,332.1662011622867,5.243802499822664,5.243802499822664
2023-10-31 00:00:00+00:00,BRK-B,lightgbm_quantile,sentiment,20,log_return,341.3299865722656,338.0360743606875,3.2939122115781174,3.2939122115781174
2023-11-01 00:00:00+00:00,BRK-B,lightgbm_quantile,sentiment,20,log_return,343.75,341.7274695919029,2.0225304080971114,2.0225304080971114
2023-11-02 00:00:00+00:00,BRK-B,lightgbm_quantile,sentiment,20,log_return,349.0199890136719,344.14024365615006,4.879745357521813,4.879745357521813
2023-11-03 00:00:00+00:00,BRK-B,lightgbm_quantile,sentiment,20,log_return,351.8099975585937,349.78069014858016,2.02930741001353,2.02930741001353
2023-11-06 00:00:00+00:00,BRK-B,lightgbm_quantile,sentiment,20,log_return,346.6300048828125,351.7665330513846,-5.136528168572113,5.136528168572113
2023-11-07 00:00:00+00:00,BRK-B,lightgbm_quantile,sentiment,20,log_return,346.1700134277344,346.61926934471643,-0.4492559169820538,0.4492559169820538
2023-11-08 00:00:00+00:00,BRK-B,lightgbm_quantile,sentiment,20,log_return,346.29998779296875,346.89950447452577,-0.5995166815570201,0.5995166815570201
2023-11-09 00:00:00+00:00,BRK-B,lightgbm_quantile,sentiment,20,log_return,348.17999267578125,346.6788596383673,1.501133037413922,1.501133037413922
2023-11-10 00:00:00+00:00,BRK-B,lightgbm_quantile,sentiment,20,log_return,350.5599975585937,348.68206735540855,1.8779302031851444,1.8779302031851444
2023-11-13 00:00:00+00:00,BRK-B,lightgbm_quantile,sentiment,20,log_return,350.010009765625,351.08664530041875,-1.076635534793752,1.076635534793752
2023-11-14 00:00:00+00:00,BRK-B,lightgbm_quantile,sentiment,20,log_return,354.25,350.3925197822724,3.857480217727584,3.857480217727584
2023-11-15 00:00:00+00:00,BRK-B,lightgbm_quantile,sentiment,20,log_return,356.7900085449219,355.34627698479244,1.4437315601294358,1.4437315601294358
2023-11-16 00:00:00+00:00,BRK-B,lightgbm_quantile,sentiment,20,log_return,359.8599853515625,357.1755893458332,2.6843960057292975,2.6843960057292975
2023-11-17 00:00:00+00:00,BRK-B,lightgbm_quantile,sentiment,20,log_return,358.92999267578125,360.813892107035,-1.8838994312537238,1.8838994312537238
2023-11-20 00:00:00+00:00,BRK-B,lightgbm_quantile,sentiment,20,log_return,361.3299865722656,359.5240117048052,1.8059748674604066,1.8059748674604066
2023-11-21 00:00:00+00:00,BRK-B,lightgbm_quantile,sentiment,20,log_return,361.0,361.8615942690815,-0.8615942690814791,0.8615942690814791
2023-11-22 00:00:00+00:00,BRK-B,lightgbm_quantile,sentiment,20,log_return,361.7999877929688,361.13761690034534,0.6623708926234713,0.6623708926234713
2023-11-24 00:00:00+00:00,BRK-B,lightgbm_quantile,sentiment,20,log_return,362.6799926757813,362.10962595522176,0.570366720559548,0.570366720559548
2023-11-27 00:00:00+00:00,BRK-B,lightgbm_quantile,sentiment,20,log_return,361.3399963378906,363.0002670166848,-1.660270678794177,1.660270678794177
2023-11-28 00:00:00+00:00,BRK-B,lightgbm_quantile,sentiment,20,log_return,360.04998779296875,361.56651387242505,-1.5165260794562982,1.5165260794562982
2023-11-29 00:00:00+00:00,BRK-B,lightgbm_quantile,sentiment,20,log_return,358.69000244140625,361.362339534991,-2.6723370935847583,2.6723370935847583
2023-11-30 00:00:00+00:00,BRK-B,lightgbm_quantile,sentiment,20,log_return,360.0,359.92348567745506,0.07651432254493784,0.07651432254493784
2023-12-01 00:00:00+00:00,BRK-B,lightgbm_quantile,sentiment,20,log_return,357.07000732421875,360.07732262395064,-3.0073152997318857,3.0073152997318857
2023-12-04 00:00:00+00:00,BRK-B,lightgbm_quantile,sentiment,20,log_return,356.6600036621094,357.04297776062253,-0.38297409851315933,0.38297409851315933
2023-12-05 00:00:00+00:00,BRK-B,lightgbm_quantile,sentiment,20,log_return,355.0299987792969,356.91268588288773,-1.882687103590854,1.882687103590854
2023-12-06 00:00:00+00:00,BRK-B,lightgbm_quantile,sentiment,20,log_return,352.3800048828125,355.21250449159385,-2.8324996087813474,2.8324996087813474
2023-12-07 00:00:00+00:00,BRK-B,lightgbm_quantile,sentiment,20,log_return,352.70001220703125,353.2400885530443,-0.540076346013052,0.540076346013052
2023-12-08 00:00:00+00:00,BRK-B,lightgbm_quantile,sentiment,20,log_return,353.0799865722656,353.37055178344264,-0.29056521117701095,0.29056521117701095
2023-12-11 00:00:00+00:00,BRK-B,lightgbm_quantile,sentiment,20,log_return,357.0599975585937,354.14135721045454,2.9186403481391494,2.9186403481391494
2023-12-12 00:00:00+00:00,BRK-B,lightgbm_quantile,sentiment,20,log_return,360.0199890136719,357.1380603708876,2.88192864278426,2.88192864278426
2023-12-13 00:00:00+00:00,BRK-B,lightgbm_quantile,sentiment,20,log_return,362.0299987792969,360.11656815005887,1.9134306292380074,1.9134306292380074
2023-12-14 00:00:00+00:00,BRK-B,lightgbm_quantile,sentiment,20,log_return,358.1199951171875,362.8757272969058,-4.755732179718279,4.755732179718279
2023-12-15 00:00:00+00:00,BRK-B,lightgbm_quantile,sentiment,20,log_return,356.5,358.17625911017296,-1.676259110172964,1.676259110172964
