Date,Stock,Model,Mode,Lag_Count,Target_Transform,Actual,Predicted,Residual,Absolute_Error
2021-03-01 00:00:00+00:00,KO,lightgbm_quantile,sentiment,40,log_return,49.900001525878906,48.99753716648313,0.9024643593957791,0.9024643593957791
2021-03-02 00:00:00+00:00,KO,lightgbm_quantile,sentiment,40,log_return,50.09999847412109,49.806926448202034,0.29307202591905224,0.29307202591905224
2021-03-03 00:00:00+00:00,KO,lightgbm_quantile,sentiment,40,log_return,49.97999954223633,50.06815148702463,-0.0881519447883008,0.0881519447883008
2021-03-04 00:00:00+00:00,KO,lightgbm_quantile,sentiment,40,log_return,49.93999862670898,50.041295931421836,-0.10129730471285825,0.10129730471285825
2021-03-05 00:00:00+00:00,KO,lightgbm_quantile,sentiment,40,log_return,50.790000915527344,49.94209169270588,0.847909222821464,0.847909222821464
2021-03-08 00:00:00+00:00,KO,lightgbm_quantile,sentiment,40,log_return,51.63999938964844,50.72122253795047,0.9187768516979702,0.9187768516979702
2021-03-09 00:00:00+00:00,KO,lightgbm_quantile,sentiment,40,log_return,50.86000061035156,51.65315235447712,-0.7931517441255593,0.7931517441255593
2021-03-10 00:00:00+00:00,KO,lightgbm_quantile,sentiment,40,log_return,51.43999862670898,50.78221110842836,0.6577875182806139,0.6577875182806139
2021-03-11 00:00:00+00:00,KO,lightgbm_quantile,sentiment,40,log_return,50.880001068115234,51.35749891136026,-0.4774978432450254,0.4774978432450254
2021-03-12 00:00:00+00:00,KO,lightgbm_quantile,sentiment,40,log_return,50.36000061035156,50.81301326375755,-0.4530126534059846,0.4530126534059846
2021-03-15 00:00:00+00:00,KO,lightgbm_quantile,sentiment,40,log_return,51.02999877929688,50.38761240682589,0.6423863724709946,0.6423863724709946
2021-03-16 00:00:00+00:00,KO,lightgbm_quantile,sentiment,40,log_return,51.220001220703125,51.04163766639414,0.1783635543089872,0.1783635543089872
2021-03-17 00:00:00+00:00,KO,lightgbm_quantile,sentiment,40,log_return,51.2400016784668,51.259071409180805,-0.019069730714008415,0.019069730714008415
2021-03-18 00:00:00+00:00,KO,lightgbm_quantile,sentiment,40,log_return,50.56999969482422,51.291863901551665,-0.7218642067274459,0.7218642067274459
2021-03-19 00:00:00+00:00,KO,lightgbm_quantile,sentiment,40,log_return,50.810001373291016,50.56870133029866,0.24130004299235708,0.24130004299235708
2021-03-22 00:00:00+00:00,KO,lightgbm_quantile,sentiment,40,log_return,51.0,50.87446651484904,0.1255334851509602,0.1255334851509602
2021-03-23 00:00:00+00:00,KO,lightgbm_quantile,sentiment,40,log_return,51.38999938964844,51.001655662882975,0.3883437267654628,0.3883437267654628
2021-03-24 00:00:00+00:00,KO,lightgbm_quantile,sentiment,40,log_return,51.52000045776367,51.43246941872615,0.08753103903752191,0.08753103903752191
2021-03-25 00:00:00+00:00,KO,lightgbm_quantile,sentiment,40,log_return,52.02000045776367,51.560337658562524,0.4596627992011477,0.4596627992011477
2021-03-26 00:00:00+00:00,KO,lightgbm_quantile,sentiment,40,log_return,53.040000915527344,52.02005184262218,1.0199490729051632,1.0199490729051632
2021-03-29 00:00:00+00:00,KO,lightgbm_quantile,sentiment,40,log_return,53.84999847412109,53.064887339678606,0.7851111344424808,0.7851111344424808
2021-03-30 00:00:00+00:00,KO,lightgbm_quantile,sentiment,40,log_return,53.150001525878906,53.865531036926654,-0.7155295110477482,0.7155295110477482
2021-03-31 00:00:00+00:00,KO,lightgbm_quantile,sentiment,40,log_return,52.709999084472656,53.182207473501386,-0.4722083890287294,0.4722083890287294
2021-04-01 00:00:00+00:00,KO,lightgbm_quantile,sentiment,40,log_return,52.5099983215332,52.713233474755945,-0.20323515322274233,0.20323515322274233
2021-04-05 00:00:00+00:00,KO,lightgbm_quantile,sentiment,40,log_return,52.810001373291016,52.56364998476774,0.24635138852327287,0.24635138852327287
2021-04-06 00:00:00+00:00,KO,lightgbm_quantile,sentiment,40,log_return,53.18999862670898,52.81905878106785,0.37093984564112503,0.37093984564112503
2021-04-07 00:00:00+00:00,KO,lightgbm_quantile,sentiment,40,log_return,53.27999877929688,53.24823340346987,0.031765375827014,0.031765375827014
2021-04-08 00:00:00+00:00,KO,lightgbm_quantile,sentiment,40,log_return,53.119998931884766,53.3369384298239,-0.21693949793913703,0.21693949793913703
2021-04-09 00:00:00+00:00,KO,lightgbm_quantile,sentiment,40,log_return,53.18000030517578,53.157680415861634,0.02231988931414719,0.02231988931414719
2021-04-12 00:00:00+00:00,KO,lightgbm_quantile,sentiment,40,log_return,53.34999847412109,53.21767456911814,0.13232390500294855,0.13232390500294855
2021-04-13 00:00:00+00:00,KO,lightgbm_quantile,sentiment,40,log_return,53.09000015258789,53.3646921866574,-0.2746920340695098,0.2746920340695098
2021-04-14 00:00:00+00:00,KO,lightgbm_quantile,sentiment,40,log_return,53.08000183105469,53.116702680843304,-0.0367008497886161,0.0367008497886161
2021-04-15 00:00:00+00:00,KO,lightgbm_quantile,sentiment,40,log_return,53.33000183105469,53.08289593136878,0.24710589968590568,0.24710589968590568
2021-04-16 00:00:00+00:00,KO,lightgbm_quantile,sentiment,40,log_return,53.68000030517578,53.355454530820175,0.32454577435560594,0.32454577435560594
2021-04-19 00:00:00+00:00,KO,lightgbm_quantile,sentiment,40,log_return,54.0,53.680763362572065,0.3192366374279345,0.3192366374279345
2021-04-20 00:00:00+00:00,KO,lightgbm_quantile,sentiment,40,log_return,54.16999816894531,53.98790963884289,0.1820885301024191,0.1820885301024191
2021-04-21 00:00:00+00:00,KO,lightgbm_quantile,sentiment,40,log_return,54.61000061035156,54.18364361854292,0.42635699180863895,0.42635699180863895
2021-04-22 00:00:00+00:00,KO,lightgbm_quantile,sentiment,40,log_return,54.43999862670898,54.5800202615525,-0.14002163484352081,0.14002163484352081
2021-04-23 00:00:00+00:00,KO,lightgbm_quantile,sentiment,40,log_return,54.470001220703125,54.4694644347797,0.0005367859234226557,0.0005367859234226557
2021-04-26 00:00:00+00:00,KO,lightgbm_quantile,sentiment,40,log_return,53.65999984741211,54.524774379938364,-0.8647745325262548,0.8647745325262548
2021-04-27 00:00:00+00:00,KO,lightgbm_quantile,sentiment,40,log_return,53.58000183105469,53.68946436676849,-0.10946253571380282,0.10946253571380282
2021-04-28 00:00:00+00:00,KO,lightgbm_quantile,sentiment,40,log_return,53.59000015258789,53.61145778012458,-0.021457627536690893,0.021457627536690893
2021-04-29 00:00:00+00:00,KO,lightgbm_quantile,sentiment,40,log_return,54.2599983215332,53.60790241879726,0.6520959027359439,0.6520959027359439
2021-04-30 00:00:00+00:00,KO,lightgbm_quantile,sentiment,40,log_return,53.97999954223633,54.31931771602325,-0.3393181737869213,0.3393181737869213
2021-05-03 00:00:00+00:00,KO,lightgbm_quantile,sentiment,40,log_return,54.47999954223633,53.985572201895444,0.4944273403408843,0.4944273403408843
2021-05-04 00:00:00+00:00,KO,lightgbm_quantile,sentiment,40,log_return,54.13999938964844,54.49028203169954,-0.3502826420511056,0.3502826420511056
2021-05-05 00:00:00+00:00,KO,lightgbm_quantile,sentiment,40,log_return,54.0,54.08024769445011,-0.08024769445010804,0.08024769445010804
2021-05-06 00:00:00+00:00,KO,lightgbm_quantile,sentiment,40,log_return,54.540000915527344,53.857703505992696,0.6822974095346481,0.6822974095346481
2021-05-07 00:00:00+00:00,KO,lightgbm_quantile,sentiment,40,log_return,54.5099983215332,54.513878228229984,-0.003879906696781177,0.003879906696781177
2021-05-10 00:00:00+00:00,KO,lightgbm_quantile,sentiment,40,log_return,54.90999984741211,54.51929771538504,0.39070213202706583,0.39070213202706583
2021-05-11 00:00:00+00:00,KO,lightgbm_quantile,sentiment,40,log_return,54.31999969482422,54.8712775855078,-0.5512778906835791,0.5512778906835791
2021-05-12 00:00:00+00:00,KO,lightgbm_quantile,sentiment,40,log_return,54.040000915527344,54.339221897500174,-0.2992209819728302,0.2992209819728302
2021-05-13 00:00:00+00:00,KO,lightgbm_quantile,sentiment,40,log_return,54.5099983215332,54.089705859816405,0.420292461716798,0.420292461716798
2021-05-14 00:00:00+00:00,KO,lightgbm_quantile,sentiment,40,log_return,54.72999954223633,54.52645061995454,0.2035489222817901,0.2035489222817901
2021-05-17 00:00:00+00:00,KO,lightgbm_quantile,sentiment,40,log_return,54.63999938964844,54.71766539529264,-0.077666005644204,0.077666005644204
2021-05-18 00:00:00+00:00,KO,lightgbm_quantile,sentiment,40,log_return,54.34000015258789,54.592713142982404,-0.2527129903945138,0.2527129903945138
2021-05-19 00:00:00+00:00,KO,lightgbm_quantile,sentiment,40,log_return,54.16999816894531,54.30837104134447,-0.13837287239915952,0.13837287239915952
2021-05-20 00:00:00+00:00,KO,lightgbm_quantile,sentiment,40,log_return,54.650001525878906,54.16521190042793,0.48478962545097914,0.48478962545097914
2021-05-21 00:00:00+00:00,KO,lightgbm_quantile,sentiment,40,log_return,54.619998931884766,54.64773565958936,-0.027736727704592568,0.027736727704592568
2021-05-24 00:00:00+00:00,KO,lightgbm_quantile,sentiment,40,log_return,54.79999923706055,54.66826596695088,0.1317332701096703,0.1317332701096703
2021-05-25 00:00:00+00:00,KO,lightgbm_quantile,sentiment,40,log_return,54.790000915527344,54.803887232194256,-0.013886316666912535,0.013886316666912535
2021-05-26 00:00:00+00:00,KO,lightgbm_quantile,sentiment,40,log_return,55.02999877929688,54.805855127223424,0.2241436520734581,0.2241436520734581
2021-05-27 00:00:00+00:00,KO,lightgbm_quantile,sentiment,40,log_return,55.4900016784668,55.093767453624125,0.39623422484267223,0.39623422484267223
2021-05-28 00:00:00+00:00,KO,lightgbm_quantile,sentiment,40,log_return,55.290000915527344,55.49420868710198,-0.20420777157463732,0.20420777157463732
2021-06-01 00:00:00+00:00,KO,lightgbm_quantile,sentiment,40,log_return,55.27999877929688,55.280664611333684,-0.0006658320368018167,0.0006658320368018167
2021-06-02 00:00:00+00:00,KO,lightgbm_quantile,sentiment,40,log_return,55.5,55.35476627319044,0.1452337268095576,0.1452337268095576
2021-06-03 00:00:00+00:00,KO,lightgbm_quantile,sentiment,40,log_return,55.63999938964844,55.51013340298352,0.12986598666491744,0.12986598666491744
2021-06-04 00:00:00+00:00,KO,lightgbm_quantile,sentiment,40,log_return,56.2400016784668,55.654015022958944,0.5859866555078526,0.5859866555078526
2021-06-07 00:00:00+00:00,KO,lightgbm_quantile,sentiment,40,log_return,56.040000915527344,56.3300497486413,-0.290048833113957,0.290048833113957
2021-06-08 00:00:00+00:00,KO,lightgbm_quantile,sentiment,40,log_return,55.650001525878906,56.069947919983115,-0.4199463941042083,0.4199463941042083
2021-06-09 00:00:00+00:00,KO,lightgbm_quantile,sentiment,40,log_return,55.47999954223633,55.7004517742916,-0.22045223205527265,0.22045223205527265
2021-06-10 00:00:00+00:00,KO,lightgbm_quantile,sentiment,40,log_return,55.90999984741211,55.4969382527358,0.4130615946763072,0.4130615946763072
2021-06-11 00:00:00+00:00,KO,lightgbm_quantile,sentiment,40,log_return,56.15999984741211,55.8737244267398,0.28627542067231104,0.28627542067231104
2021-06-14 00:00:00+00:00,KO,lightgbm_quantile,sentiment,40,log_return,55.54999923706055,56.14106793572475,-0.591068698664202,0.591068698664202
2021-06-15 00:00:00+00:00,KO,lightgbm_quantile,sentiment,40,log_return,55.40999984741211,55.59013406697862,-0.18013421956651143,0.18013421956651143
2021-06-16 00:00:00+00:00,KO,lightgbm_quantile,sentiment,40,log_return,54.66999816894531,55.45683332138536,-0.7868351524400481,0.7868351524400481
2021-06-17 00:00:00+00:00,KO,lightgbm_quantile,sentiment,40,log_return,54.95000076293945,54.64503012690299,0.30497063603646524,0.30497063603646524
2021-06-18 00:00:00+00:00,KO,lightgbm_quantile,sentiment,40,log_return,53.77000045776367,54.96674947937336,-1.1967490216096905,1.1967490216096905
2021-06-21 00:00:00+00:00,KO,lightgbm_quantile,sentiment,40,log_return,54.36000061035156,53.825212924264775,0.5347876860867871,0.5347876860867871
2021-06-22 00:00:00+00:00,KO,lightgbm_quantile,sentiment,40,log_return,54.560001373291016,54.34202290471436,0.21797846857665348,0.21797846857665348
2021-06-23 00:00:00+00:00,KO,lightgbm_quantile,sentiment,40,log_return,54.119998931884766,54.52748689496134,-0.4074879630765764,0.4074879630765764
2021-06-24 00:00:00+00:00,KO,lightgbm_quantile,sentiment,40,log_return,54.38999938964844,54.14403830096615,0.24596108868228583,0.24596108868228583
2021-06-25 00:00:00+00:00,KO,lightgbm_quantile,sentiment,40,log_return,54.31999969482422,54.4039483105623,-0.08394861573808043,0.08394861573808043
2021-06-28 00:00:00+00:00,KO,lightgbm_quantile,sentiment,40,log_return,54.2599983215332,54.3205308685069,-0.06053254697369681,0.06053254697369681
2021-06-29 00:00:00+00:00,KO,lightgbm_quantile,sentiment,40,log_return,53.86000061035156,54.30315662150389,-0.4431560111523254,0.4431560111523254
2021-06-30 00:00:00+00:00,KO,lightgbm_quantile,sentiment,40,log_return,54.11000061035156,53.90010910775088,0.20989150260068357,0.20989150260068357
2021-07-01 00:00:00+00:00,KO,lightgbm_quantile,sentiment,40,log_return,53.959999084472656,54.08190400703037,-0.1219049225577109,0.1219049225577109
2021-07-02 00:00:00+00:00,KO,lightgbm_quantile,sentiment,40,log_return,54.18000030517578,53.97437693592905,0.2056233692467302,0.2056233692467302
2021-07-06 00:00:00+00:00,KO,lightgbm_quantile,sentiment,40,log_return,53.880001068115234,54.16311876637743,-0.28311769826219546,0.28311769826219546
2021-07-07 00:00:00+00:00,KO,lightgbm_quantile,sentiment,40,log_return,54.31999969482422,53.82633818221555,0.49366151260866786,0.49366151260866786
2021-07-08 00:00:00+00:00,KO,lightgbm_quantile,sentiment,40,log_return,54.130001068115234,54.30966744503625,-0.17966637692101273,0.17966637692101273
2021-07-09 00:00:00+00:00,KO,lightgbm_quantile,sentiment,40,log_return,54.459999084472656,54.112081497556225,0.3479175869164308,0.3479175869164308
2021-07-12 00:00:00+00:00,KO,lightgbm_quantile,sentiment,40,log_return,54.47999954223633,54.53545789743279,-0.055458355196464026,0.055458355196464026
2021-07-13 00:00:00+00:00,KO,lightgbm_quantile,sentiment,40,log_return,55.02000045776367,54.520277415965516,0.4997230417981555,0.4997230417981555
2021-07-14 00:00:00+00:00,KO,lightgbm_quantile,sentiment,40,log_return,56.2599983215332,54.958312842818515,1.3016854787146883,1.3016854787146883
2021-07-15 00:00:00+00:00,KO,lightgbm_quantile,sentiment,40,log_return,56.43999862670898,56.12858567473469,0.3114129519742903,0.3114129519742903
2021-07-16 00:00:00+00:00,KO,lightgbm_quantile,sentiment,40,log_return,56.400001525878906,56.387020771934985,0.012980753943921286,0.012980753943921286
2021-07-19 00:00:00+00:00,KO,lightgbm_quantile,sentiment,40,log_return,55.72999954223633,56.430931419315414,-0.7009318770790856,0.7009318770790856
2021-07-20 00:00:00+00:00,KO,lightgbm_quantile,sentiment,40,log_return,55.83000183105469,55.58287763147987,0.24712419957482012,0.24712419957482012
2021-07-21 00:00:00+00:00,KO,lightgbm_quantile,sentiment,40,log_return,56.54999923706055,55.69501394479231,0.854985292268239,0.854985292268239
2021-07-22 00:00:00+00:00,KO,lightgbm_quantile,sentiment,40,log_return,56.470001220703125,56.489610593610436,-0.01960937290731124,0.01960937290731124
2021-07-23 00:00:00+00:00,KO,lightgbm_quantile,sentiment,40,log_return,57.0099983215332,56.3605507822605,0.6494475392726997,0.6494475392726997
2021-07-26 00:00:00+00:00,KO,lightgbm_quantile,sentiment,40,log_return,57.060001373291016,56.9121770587467,0.14782431454431588,0.14782431454431588
2021-07-27 00:00:00+00:00,KO,lightgbm_quantile,sentiment,40,log_return,57.2599983215332,56.94107818245315,0.31892013908005623,0.31892013908005623
2021-07-28 00:00:00+00:00,KO,lightgbm_quantile,sentiment,40,log_return,56.7400016784668,57.17035225139813,-0.4303505729313315,0.4303505729313315
2021-07-29 00:00:00+00:00,KO,lightgbm_quantile,sentiment,40,log_return,57.04999923706055,56.643331261561194,0.40666797549935296,0.40666797549935296
2021-07-30 00:00:00+00:00,KO,lightgbm_quantile,sentiment,40,log_return,57.02999877929688,56.962421737335525,0.06757704196135705,0.06757704196135705
2021-08-02 00:00:00+00:00,KO,lightgbm_quantile,sentiment,40,log_return,56.880001068115234,56.9047058210745,-0.02470475295926633,0.02470475295926633
2021-08-03 00:00:00+00:00,KO,lightgbm_quantile,sentiment,40,log_return,56.91999816894531,56.77113814533274,0.14886002361257056,0.14886002361257056
2021-08-04 00:00:00+00:00,KO,lightgbm_quantile,sentiment,40,log_return,56.09999847412109,56.73735596223498,-0.6373574881138921,0.6373574881138921
2021-08-05 00:00:00+00:00,KO,lightgbm_quantile,sentiment,40,log_return,56.5,56.005202733098876,0.4947972669011236,0.4947972669011236
2021-08-06 00:00:00+00:00,KO,lightgbm_quantile,sentiment,40,log_return,56.63999938964844,56.39798902877624,0.24201036087220018,0.24201036087220018
2021-08-09 00:00:00+00:00,KO,lightgbm_quantile,sentiment,40,log_return,56.650001525878906,56.54009680381061,0.10990472206829338,0.10990472206829338
2021-08-10 00:00:00+00:00,KO,lightgbm_quantile,sentiment,40,log_return,56.79999923706055,56.603289349283564,0.19670988777698284,0.19670988777698284
2021-08-11 00:00:00+00:00,KO,lightgbm_quantile,sentiment,40,log_return,56.72999954223633,56.7716941736893,-0.04169463145296959,0.04169463145296959
2021-08-12 00:00:00+00:00,KO,lightgbm_quantile,sentiment,40,log_return,56.84000015258789,56.683981752586334,0.15601840000155676,0.15601840000155676
2021-08-13 00:00:00+00:00,KO,lightgbm_quantile,sentiment,40,log_return,57.22999954223633,56.84043094988031,0.3895685923560208,0.3895685923560208
2021-08-16 00:00:00+00:00,KO,lightgbm_quantile,sentiment,40,log_return,57.47999954223633,57.25984041937343,0.22015912286289563,0.22015912286289563
2021-08-17 00:00:00+00:00,KO,lightgbm_quantile,sentiment,40,log_return,57.27999877929688,57.44751893046265,-0.16752015116576757,0.16752015116576757
2021-08-18 00:00:00+00:00,KO,lightgbm_quantile,sentiment,40,log_return,56.5,57.17920598926647,-0.679205989266471,0.679205989266471
2021-08-19 00:00:00+00:00,KO,lightgbm_quantile,sentiment,40,log_return,56.86000061035156,56.451449766554305,0.4085508437972578,0.4085508437972578
2021-08-20 00:00:00+00:00,KO,lightgbm_quantile,sentiment,40,log_return,56.63999938964844,56.849088924402594,-0.20908953475415615,0.20908953475415615
2021-08-23 00:00:00+00:00,KO,lightgbm_quantile,sentiment,40,log_return,56.43999862670898,56.63465178601641,-0.19465315930743543,0.19465315930743543
2021-08-24 00:00:00+00:00,KO,lightgbm_quantile,sentiment,40,log_return,56.0099983215332,56.418378133292464,-0.40837981175926075,0.40837981175926075
2021-08-25 00:00:00+00:00,KO,lightgbm_quantile,sentiment,40,log_return,56.06999969482422,55.98175432662193,0.08824536820228701,0.08824536820228701
2021-08-26 00:00:00+00:00,KO,lightgbm_quantile,sentiment,40,log_return,55.540000915527344,56.01608930830754,-0.47608839278019843,0.47608839278019843
2021-08-27 00:00:00+00:00,KO,lightgbm_quantile,sentiment,40,log_return,55.650001525878906,55.55583633743339,0.09416518844551547,0.09416518844551547
2021-08-30 00:00:00+00:00,KO,lightgbm_quantile,sentiment,40,log_return,56.18000030517578,55.68425087105679,0.4957494341189914,0.4957494341189914
2021-08-31 00:00:00+00:00,KO,lightgbm_quantile,sentiment,40,log_return,56.310001373291016,56.1449989182739,0.16500245501711674,0.16500245501711674
2021-09-01 00:00:00+00:00,KO,lightgbm_quantile,sentiment,40,log_return,56.68999862670898,56.32576739496535,0.3642312317436307,0.3642312317436307
2021-09-02 00:00:00+00:00,KO,lightgbm_quantile,sentiment,40,log_return,56.77000045776367,56.752041767377655,0.01795869038601694,0.01795869038601694
2021-09-03 00:00:00+00:00,KO,lightgbm_quantile,sentiment,40,log_return,56.72999954223633,56.77252848722578,-0.04252894498944926,0.04252894498944926
2021-09-07 00:00:00+00:00,KO,lightgbm_quantile,sentiment,40,log_return,55.66999816894531,56.65761197064895,-0.9876138017036382,0.9876138017036382
2021-09-08 00:00:00+00:00,KO,lightgbm_quantile,sentiment,40,log_return,56.41999816894531,55.60128852813809,0.8187096408072208,0.8187096408072208
2021-09-09 00:00:00+00:00,KO,lightgbm_quantile,sentiment,40,log_return,55.86000061035156,56.1954208473406,-0.33542023698903733,0.33542023698903733
2021-09-10 00:00:00+00:00,KO,lightgbm_quantile,sentiment,40,log_return,55.61000061035156,55.74730280419794,-0.13730219384638076,0.13730219384638076
2021-09-13 00:00:00+00:00,KO,lightgbm_quantile,sentiment,40,log_return,56.06999969482422,55.41737901830887,0.6526206765153475,0.6526206765153475
2021-09-14 00:00:00+00:00,KO,lightgbm_quantile,sentiment,40,log_return,55.68999862670898,55.97887511359096,-0.288876486881982,0.288876486881982
2021-09-15 00:00:00+00:00,KO,lightgbm_quantile,sentiment,40,log_return,55.880001068115234,55.5537827284737,0.32621833964153524,0.32621833964153524
2021-09-16 00:00:00+00:00,KO,lightgbm_quantile,sentiment,40,log_return,55.34999847412109,55.77247399193218,-0.42247551781109394,0.42247551781109394
2021-09-17 00:00:00+00:00,KO,lightgbm_quantile,sentiment,40,log_return,54.43999862670898,55.25226975995651,-0.8122711332475347,0.8122711332475347
2021-09-20 00:00:00+00:00,KO,lightgbm_quantile,sentiment,40,log_return,54.060001373291016,54.346492865381904,-0.28649149209088876,0.28649149209088876
2021-09-21 00:00:00+00:00,KO,lightgbm_quantile,sentiment,40,log_return,54.04999923706055,53.89289868702536,0.15710055003518875,0.15710055003518875
2021-09-22 00:00:00+00:00,KO,lightgbm_quantile,sentiment,40,log_return,54.130001068115234,53.92649841790304,0.20350265021219371,0.20350265021219371
2021-09-23 00:00:00+00:00,KO,lightgbm_quantile,sentiment,40,log_return,54.040000915527344,54.13343857651599,-0.09343766098864847,0.09343766098864847
2021-09-24 00:00:00+00:00,KO,lightgbm_quantile,sentiment,40,log_return,53.88999938964844,53.98191565369401,-0.0919162640455724,0.0919162640455724
2021-09-27 00:00:00+00:00,KO,lightgbm_quantile,sentiment,40,log_return,53.61000061035156,53.83187787067334,-0.2218772603217758,0.2218772603217758
2021-09-28 00:00:00+00:00,KO,lightgbm_quantile,sentiment,40,log_return,52.63999938964844,53.54631937847961,-0.9063199888311715,0.9063199888311715
2021-09-29 00:00:00+00:00,KO,lightgbm_quantile,sentiment,40,log_return,52.959999084472656,52.55388075063323,0.406118333839423,0.406118333839423
2021-09-30 00:00:00+00:00,KO,lightgbm_quantile,sentiment,40,log_return,52.470001220703125,52.78894586211455,-0.3189446414114272,0.3189446414114272
2021-10-01 00:00:00+00:00,KO,lightgbm_quantile,sentiment,40,log_return,53.02000045776367,52.43401741019366,0.5859830475700107,0.5859830475700107
2021-10-04 00:00:00+00:00,KO,lightgbm_quantile,sentiment,40,log_return,52.9900016784668,53.05886676936683,-0.06886509090003301,0.06886509090003301
2021-10-05 00:00:00+00:00,KO,lightgbm_quantile,sentiment,40,log_return,53.08000183105469,53.00328244466574,0.0767193863889446,0.0767193863889446
2021-10-06 00:00:00+00:00,KO,lightgbm_quantile,sentiment,40,log_return,53.709999084472656,53.07143027591054,0.6385688085621197,0.6385688085621197
2021-10-07 00:00:00+00:00,KO,lightgbm_quantile,sentiment,40,log_return,53.880001068115234,53.64258150151426,0.23741956660097685,0.23741956660097685
2021-10-08 00:00:00+00:00,KO,lightgbm_quantile,sentiment,40,log_return,54.119998931884766,53.75382020231692,0.36617872956784225,0.36617872956784225
2021-10-11 00:00:00+00:00,KO,lightgbm_quantile,sentiment,40,log_return,54.22999954223633,54.0694557129676,0.16054382926872535,0.16054382926872535
2021-10-12 00:00:00+00:00,KO,lightgbm_quantile,sentiment,40,log_return,54.22999954223633,54.16501066427255,0.06498887796377772,0.06498887796377772
2021-10-13 00:00:00+00:00,KO,lightgbm_quantile,sentiment,40,log_return,54.2400016784668,54.13831169401731,0.10168998444948585,0.10168998444948585
2021-10-14 00:00:00+00:00,KO,lightgbm_quantile,sentiment,40,log_return,54.61000061035156,54.12738463215355,0.4826159781980124,0.4826159781980124
2021-10-15 00:00:00+00:00,KO,lightgbm_quantile,sentiment,40,log_return,54.47999954223633,54.559869326511986,-0.07986978427565816,0.07986978427565816
2021-10-18 00:00:00+00:00,KO,lightgbm_quantile,sentiment,40,log_return,53.93999862670898,54.39370281181347,-0.45370418510449184,0.45370418510449184
2021-10-19 00:00:00+00:00,KO,lightgbm_quantile,sentiment,40,log_return,54.150001525878906,53.89402768442279,0.2559738414561181,0.2559738414561181
2021-10-20 00:00:00+00:00,KO,lightgbm_quantile,sentiment,40,log_return,54.630001068115234,54.09093890057011,0.5390621675451257,0.5390621675451257
2021-10-21 00:00:00+00:00,KO,lightgbm_quantile,sentiment,40,log_return,54.34999847412109,54.54967319113421,-0.19967471701312434,0.19967471701312434
2021-10-22 00:00:00+00:00,KO,lightgbm_quantile,sentiment,40,log_return,54.45000076293945,54.30432279327456,0.1456779696648951,0.1456779696648951
2021-10-25 00:00:00+00:00,KO,lightgbm_quantile,sentiment,40,log_return,54.22999954223633,54.378730284159936,-0.14873074192360747,0.14873074192360747
2021-10-26 00:00:00+00:00,KO,lightgbm_quantile,sentiment,40,log_return,54.470001220703125,54.12277762845279,0.3472235922503373,0.3472235922503373
2021-10-27 00:00:00+00:00,KO,lightgbm_quantile,sentiment,40,log_return,55.52000045776367,54.39021190518497,1.1297885525787024,1.1297885525787024
2021-10-28 00:00:00+00:00,KO,lightgbm_quantile,sentiment,40,log_return,56.040000915527344,55.40358399280648,0.636416922720862,0.636416922720862
2021-10-29 00:00:00+00:00,KO,lightgbm_quantile,sentiment,40,log_return,56.369998931884766,55.87908224647003,0.49091668541473865,0.49091668541473865
2021-11-01 00:00:00+00:00,KO,lightgbm_quantile,sentiment,40,log_return,56.16999816894531,56.3078810517976,-0.13788288285228845,0.13788288285228845
2021-11-02 00:00:00+00:00,KO,lightgbm_quantile,sentiment,40,log_return,56.09999847412109,55.978105077926685,0.12189339619440176,0.12189339619440176
2021-11-03 00:00:00+00:00,KO,lightgbm_quantile,sentiment,40,log_return,56.290000915527344,55.977998711185165,0.3120022043421784,0.3120022043421784
2021-11-04 00:00:00+00:00,KO,lightgbm_quantile,sentiment,40,log_return,56.59999847412109,56.14364274416783,0.456355729953259,0.456355729953259
2021-11-05 00:00:00+00:00,KO,lightgbm_quantile,sentiment,40,log_return,56.84000015258789,56.46923042040545,0.37076973218243836,0.37076973218243836
2021-11-08 00:00:00+00:00,KO,lightgbm_quantile,sentiment,40,log_return,56.33000183105469,56.73527077737867,-0.4052689463239858,0.4052689463239858
2021-11-09 00:00:00+00:00,KO,lightgbm_quantile,sentiment,40,log_return,56.4900016784668,56.322984265708406,0.16701741275839055,0.16701741275839055
2021-11-10 00:00:00+00:00,KO,lightgbm_quantile,sentiment,40,log_return,56.720001220703125,56.48810256362509,0.23189865707803392,0.23189865707803392
2021-11-11 00:00:00+00:00,KO,lightgbm_quantile,sentiment,40,log_return,56.7400016784668,56.680211121764536,0.059790556702260744,0.059790556702260744
2021-11-12 00:00:00+00:00,KO,lightgbm_quantile,sentiment,40,log_return,56.61000061035156,56.743445755591736,-0.1334451452401737,0.1334451452401737
2021-11-15 00:00:00+00:00,KO,lightgbm_quantile,sentiment,40,log_return,56.619998931884766,56.565436916233985,0.05456201565078089,0.05456201565078089
2021-11-16 00:00:00+00:00,KO,lightgbm_quantile,sentiment,40,log_return,56.220001220703125,56.64170212951,-0.4217009088068764,0.4217009088068764
2021-11-17 00:00:00+00:00,KO,lightgbm_quantile,sentiment,40,log_return,55.90999984741211,56.20847166594619,-0.29847181853408244,0.29847181853408244
2021-11-18 00:00:00+00:00,KO,lightgbm_quantile,sentiment,40,log_return,55.40999984741211,55.85454205721746,-0.4445422098053484,0.4445422098053484
2021-11-19 00:00:00+00:00,KO,lightgbm_quantile,sentiment,40,log_return,55.130001068115234,55.39732898014483,-0.26732791202959305,0.26732791202959305
2021-11-22 00:00:00+00:00,KO,lightgbm_quantile,sentiment,40,log_return,55.470001220703125,55.143571530281015,0.3264296904221098,0.3264296904221098
2021-11-23 00:00:00+00:00,KO,lightgbm_quantile,sentiment,40,log_return,55.880001068115234,55.463919200308105,0.4160818678071294,0.4160818678071294
2021-11-24 00:00:00+00:00,KO,lightgbm_quantile,sentiment,40,log_return,55.43000030517578,55.82066875395394,-0.39066844877815754,0.39066844877815754
2021-11-26 00:00:00+00:00,KO,lightgbm_quantile,sentiment,40,log_return,53.72999954223633,55.446500997201895,-1.7165014549655666,1.7165014549655666
2021-11-29 00:00:00+00:00,KO,lightgbm_quantile,sentiment,40,log_return,54.58000183105469,53.73640081755778,0.8436010134969081,0.8436010134969081
2021-11-30 00:00:00+00:00,KO,lightgbm_quantile,sentiment,40,log_return,52.45000076293945,54.59695745399134,-2.1469566910518836,2.1469566910518836
2021-12-01 00:00:00+00:00,KO,lightgbm_quantile,sentiment,40,log_return,52.29999923706055,52.325537965154844,-0.025538728094296914,0.025538728094296914
2021-12-02 00:00:00+00:00,KO,lightgbm_quantile,sentiment,40,log_return,53.06999969482422,52.267607110338254,0.8023925844859647,0.8023925844859647
2021-12-03 00:00:00+00:00,KO,lightgbm_quantile,sentiment,40,log_return,53.540000915527344,53.12814673318766,0.4118541823396811,0.4118541823396811
2021-12-06 00:00:00+00:00,KO,lightgbm_quantile,sentiment,40,log_return,54.90999984741211,53.529299630272334,1.3807002171397755,1.3807002171397755
2021-12-07 00:00:00+00:00,KO,lightgbm_quantile,sentiment,40,log_return,55.209999084472656,54.81567700064522,0.39432208382743283,0.39432208382743283
2021-12-08 00:00:00+00:00,KO,lightgbm_quantile,sentiment,40,log_return,55.0,55.1650653308905,-0.16506533089049924,0.16506533089049924
2021-12-09 00:00:00+00:00,KO,lightgbm_quantile,sentiment,40,log_return,54.86000061035156,54.93575985911702,-0.0757592487654577,0.0757592487654577
2021-12-10 00:00:00+00:00,KO,lightgbm_quantile,sentiment,40,log_return,56.27999877929688,54.83495966425779,1.4450391150390942,1.4450391150390942
2021-12-13 00:00:00+00:00,KO,lightgbm_quantile,sentiment,40,log_return,57.7599983215332,56.27733695205299,1.482661369480212,1.482661369480212
2021-12-14 00:00:00+00:00,KO,lightgbm_quantile,sentiment,40,log_return,57.79999923706055,57.742508474574315,0.05749076248623197,0.05749076248623197
2021-12-15 00:00:00+00:00,KO,lightgbm_quantile,sentiment,40,log_return,58.060001373291016,57.75844232502725,0.3015590482637691,0.3015590482637691
2021-12-16 00:00:00+00:00,KO,lightgbm_quantile,sentiment,40,log_return,58.650001525878906,58.019819600270104,0.6301819256088024,0.6301819256088024
2021-12-17 00:00:00+00:00,KO,lightgbm_quantile,sentiment,40,log_return,57.72999954223633,58.612612447458524,-0.8826129052221958,0.8826129052221958
2021-12-20 00:00:00+00:00,KO,lightgbm_quantile,sentiment,40,log_return,57.540000915527344,57.60680636303284,-0.06680544750549444,0.06680544750549444
2021-12-21 00:00:00+00:00,KO,lightgbm_quantile,sentiment,40,log_return,57.77000045776367,57.51480552370906,0.25519493405461446,0.25519493405461446
2021-12-22 00:00:00+00:00,KO,lightgbm_quantile,sentiment,40,log_return,58.18000030517578,57.65007780054491,0.5299225046308678,0.5299225046308678
2021-12-23 00:00:00+00:00,KO,lightgbm_quantile,sentiment,40,log_return,58.220001220703125,58.12272347194826,0.09727774875486261,0.09727774875486261
2021-12-27 00:00:00+00:00,KO,lightgbm_quantile,sentiment,40,log_return,58.650001525878906,58.13329412576416,0.5167074001147469,0.5167074001147469
2021-12-28 00:00:00+00:00,KO,lightgbm_quantile,sentiment,40,log_return,58.880001068115234,58.57733021301309,0.30267085510214287,0.30267085510214287
2021-12-29 00:00:00+00:00,KO,lightgbm_quantile,sentiment,40,log_return,58.95000076293945,58.81908339552151,0.13091736741794335,0.13091736741794335
2021-12-30 00:00:00+00:00,KO,lightgbm_quantile,sentiment,40,log_return,58.77999877929688,58.851163756439675,-0.0711649771427929,0.0711649771427929
2021-12-31 00:00:00+00:00,KO,lightgbm_quantile,sentiment,40,log_return,59.209999084472656,58.68736821321944,0.5226308712532131,0.5226308712532131
2022-01-03 00:00:00+00:00,KO,lightgbm_quantile,sentiment,40,log_return,59.29999923706055,59.156307423391105,0.14369181366944161,0.14369181366944161
2022-01-04 00:00:00+00:00,KO,lightgbm_quantile,sentiment,40,log_return,60.290000915527344,59.22079732973796,1.0692035857893813,1.0692035857893813
2022-01-05 00:00:00+00:00,KO,lightgbm_quantile,sentiment,40,log_return,60.790000915527344,60.15940834082997,0.6305925746973742,0.6305925746973742
2022-01-06 00:00:00+00:00,KO,lightgbm_quantile,sentiment,40,log_return,60.470001220703125,60.640427341562194,-0.17042612085906939,0.17042612085906939
2022-01-07 00:00:00+00:00,KO,lightgbm_quantile,sentiment,40,log_return,60.33000183105469,60.270064988213875,0.05993684284081269,0.05993684284081269
2022-01-10 00:00:00+00:00,KO,lightgbm_quantile,sentiment,40,log_return,60.43000030517578,60.16224079826305,0.2677595069127321,0.2677595069127321
2022-01-11 00:00:00+00:00,KO,lightgbm_quantile,sentiment,40,log_return,60.45000076293945,60.193800677661486,0.25620008527796756,0.25620008527796756
2022-01-12 00:00:00+00:00,KO,lightgbm_quantile,sentiment,40,log_return,60.540000915527344,60.17956442615724,0.36043648937010175,0.36043648937010175
2022-01-13 00:00:00+00:00,KO,lightgbm_quantile,sentiment,40,log_return,60.900001525878906,60.406560325968115,0.49344119991079083,0.49344119991079083
2022-01-14 00:00:00+00:00,KO,lightgbm_quantile,sentiment,40,log_return,61.38999938964844,60.806216785682444,0.583782603965993,0.583782603965993
2022-01-18 00:00:00+00:00,KO,lightgbm_quantile,sentiment,40,log_return,60.900001525878906,61.21781600703639,-0.3178144811574839,0.3178144811574839
2022-01-19 00:00:00+00:00,KO,lightgbm_quantile,sentiment,40,log_return,61.0,60.63519768377762,0.3648023162223808,0.3648023162223808
2022-01-20 00:00:00+00:00,KO,lightgbm_quantile,sentiment,40,log_return,60.75,60.80555205545914,-0.055552055459138217,0.055552055459138217
2022-01-21 00:00:00+00:00,KO,lightgbm_quantile,sentiment,40,log_return,60.45000076293945,60.61646253589956,-0.16646177296010478,0.16646177296010478
2022-01-24 00:00:00+00:00,KO,lightgbm_quantile,sentiment,40,log_return,59.959999084472656,60.1995992180925,-0.23960013361984522,0.23960013361984522
2022-01-25 00:00:00+00:00,KO,lightgbm_quantile,sentiment,40,log_return,59.81999969482422,59.75420951476732,0.06579018005690074,0.06579018005690074
2022-01-26 00:00:00+00:00,KO,lightgbm_quantile,sentiment,40,log_return,59.59999847412109,59.68697402203955,-0.08697554791846329,0.08697554791846329
2022-01-27 00:00:00+00:00,KO,lightgbm_quantile,sentiment,40,log_return,59.650001525878906,59.56681257179213,0.08318895408677918,0.08318895408677918
2022-01-28 00:00:00+00:00,KO,lightgbm_quantile,sentiment,40,log_return,60.84000015258789,59.551421961797786,1.2885781907901048,1.2885781907901048
2022-01-31 00:00:00+00:00,KO,lightgbm_quantile,sentiment,40,log_return,61.0099983215332,60.811554655093985,0.19844366643921774,0.19844366643921774
2022-02-01 00:00:00+00:00,KO,lightgbm_quantile,sentiment,40,log_return,60.560001373291016,60.99124333851526,-0.4312419652242454,0.4312419652242454
2022-02-02 00:00:00+00:00,KO,lightgbm_quantile,sentiment,40,log_return,61.18000030517578,60.392650741203546,0.787349563972235,0.787349563972235
2022-02-03 00:00:00+00:00,KO,lightgbm_quantile,sentiment,40,log_return,61.61000061035156,60.83849677064113,0.7715038397104337,0.7715038397104337
2022-02-04 00:00:00+00:00,KO,lightgbm_quantile,sentiment,40,log_return,60.959999084472656,61.19010124206341,-0.23010215759075692,0.23010215759075692
2022-02-07 00:00:00+00:00,KO,lightgbm_quantile,sentiment,40,log_return,61.59999847412109,60.65333166374751,0.9466668103735785,0.9466668103735785
2022-02-08 00:00:00+00:00,KO,lightgbm_quantile,sentiment,40,log_return,62.0,61.42923023325868,0.5707697667413214,0.5707697667413214
2022-02-09 00:00:00+00:00,KO,lightgbm_quantile,sentiment,40,log_return,61.040000915527344,61.87828364283071,-0.8382827273033655,0.8382827273033655
2022-02-10 00:00:00+00:00,KO,lightgbm_quantile,sentiment,40,log_return,61.380001068115234,60.8980836217405,0.4819174463747373,0.4819174463747373
2022-02-11 00:00:00+00:00,KO,lightgbm_quantile,sentiment,40,log_return,60.290000915527344,61.14474088440097,-0.8547399688736235,0.8547399688736235
2022-02-14 00:00:00+00:00,KO,lightgbm_quantile,sentiment,40,log_return,60.68000030517578,60.08398450430516,0.5960158008706244,0.5960158008706244
2022-02-15 00:00:00+00:00,KO,lightgbm_quantile,sentiment,40,log_return,60.90999984741211,60.484056869569905,0.4259429778422046,0.4259429778422046
2022-02-16 00:00:00+00:00,KO,lightgbm_quantile,sentiment,40,log_return,60.900001525878906,60.713655353983675,0.18634617189523084,0.18634617189523084
2022-02-17 00:00:00+00:00,KO,lightgbm_quantile,sentiment,40,log_return,62.119998931884766,60.75281766655915,1.3671812653256126,1.3671812653256126
2022-02-18 00:00:00+00:00,KO,lightgbm_quantile,sentiment,40,log_return,62.540000915527344,61.96811333245714,0.5718875830702004,0.5718875830702004
2022-02-22 00:00:00+00:00,KO,lightgbm_quantile,sentiment,40,log_return,62.27999877929688,62.298930927511144,-0.0189321482142617,0.0189321482142617
2022-02-23 00:00:00+00:00,KO,lightgbm_quantile,sentiment,40,log_return,61.59000015258789,62.08685539666694,-0.49685524407905035,0.49685524407905035
2022-02-24 00:00:00+00:00,KO,lightgbm_quantile,sentiment,40,log_return,60.5099983215332,61.335198651473064,-0.8252003299398609,0.8252003299398609
2022-02-25 00:00:00+00:00,KO,lightgbm_quantile,sentiment,40,log_return,62.84999847412109,60.32300171115985,2.5269967629612395,2.5269967629612395
2022-02-28 00:00:00+00:00,KO,lightgbm_quantile,sentiment,40,log_return,62.2400016784668,62.52014550527629,-0.2801438268094927,0.2801438268094927
2022-03-01 00:00:00+00:00,KO,lightgbm_quantile,sentiment,40,log_return,61.970001220703125,61.94889945646254,0.02110176424058352,0.02110176424058352
2022-03-02 00:00:00+00:00,KO,lightgbm_quantile,sentiment,40,log_return,62.43000030517578,61.62012901835526,0.809871286820524,0.809871286820524
2022-03-03 00:00:00+00:00,KO,lightgbm_quantile,sentiment,40,log_return,62.470001220703125,62.290165930685674,0.1798352900174507,0.1798352900174507
2022-03-04 00:00:00+00:00,KO,lightgbm_quantile,sentiment,40,log_return,62.56999969482422,62.293115637640504,0.27688405718371456,0.27688405718371456
2022-03-07 00:00:00+00:00,KO,lightgbm_quantile,sentiment,40,log_return,61.08000183105469,62.294588248797886,-1.2145864177431989,1.2145864177431989
2022-03-08 00:00:00+00:00,KO,lightgbm_quantile,sentiment,40,log_return,58.65999984741211,60.959329061864565,-2.299329214452456,2.299329214452456
2022-03-09 00:00:00+00:00,KO,lightgbm_quantile,sentiment,40,log_return,58.959999084472656,58.34447948339511,0.6155196010775441,0.6155196010775441
2022-03-10 00:00:00+00:00,KO,lightgbm_quantile,sentiment,40,log_return,57.880001068115234,58.63422453006978,-0.7542234619545454,0.7542234619545454
2022-03-11 00:00:00+00:00,KO,lightgbm_quantile,sentiment,40,log_return,57.91999816894531,57.578568728920885,0.3414294400244273,0.3414294400244273
2022-03-14 00:00:00+00:00,KO,lightgbm_quantile,sentiment,40,log_return,58.540000915527344,57.688411367341395,0.8515895481859488,0.8515895481859488
2022-03-15 00:00:00+00:00,KO,lightgbm_quantile,sentiment,40,log_return,59.619998931884766,58.26788894065052,1.3521099912342436,1.3521099912342436
2022-03-16 00:00:00+00:00,KO,lightgbm_quantile,sentiment,40,log_return,59.459999084472656,59.49243526313426,-0.0324361786616052,0.0324361786616052
2022-03-17 00:00:00+00:00,KO,lightgbm_quantile,sentiment,40,log_return,60.09000015258789,59.32086390189651,0.7691362506913819,0.7691362506913819
2022-03-18 00:00:00+00:00,KO,lightgbm_quantile,sentiment,40,log_return,60.09999847412109,59.921308150269944,0.1786903238511428,0.1786903238511428
2022-03-21 00:00:00+00:00,KO,lightgbm_quantile,sentiment,40,log_return,60.58000183105469,59.96402579791796,0.6159760331367252,0.6159760331367252
2022-03-22 00:00:00+00:00,KO,lightgbm_quantile,sentiment,40,log_return,60.79999923706055,60.31598548662737,0.48401375043317785,0.48401375043317785
2022-03-23 00:00:00+00:00,KO,lightgbm_quantile,sentiment,40,log_return,60.400001525878906,60.628691242237885,-0.2286897163589785,0.2286897163589785
2022-03-24 00:00:00+00:00,KO,lightgbm_quantile,sentiment,40,log_return,60.97999954223633,60.21460165297554,0.7653978892607896,0.7653978892607896
2022-03-25 00:00:00+00:00,KO,lightgbm_quantile,sentiment,40,log_return,61.52999877929688,60.81528734175886,0.7147114375380212,0.7147114375380212
2022-03-28 00:00:00+00:00,KO,lightgbm_quantile,sentiment,40,log_return,61.91999816894531,61.376263733534536,0.5437344354107765,0.5437344354107765
2022-03-29 00:00:00+00:00,KO,lightgbm_quantile,sentiment,40,log_return,62.15999984741211,61.77740508249504,0.3825947649170729,0.3825947649170729
2022-03-30 00:00:00+00:00,KO,lightgbm_quantile,sentiment,40,log_return,62.209999084472656,62.02952039239232,0.18047869208033518,0.18047869208033518
2022-03-31 00:00:00+00:00,KO,lightgbm_quantile,sentiment,40,log_return,62.0,62.01471444129921,-0.014714441299211956,0.014714441299211956
2022-04-01 00:00:00+00:00,KO,lightgbm_quantile,sentiment,40,log_return,62.869998931884766,61.84224294581861,1.027755986066154,1.027755986066154
2022-04-04 00:00:00+00:00,KO,lightgbm_quantile,sentiment,40,log_return,62.540000915527344,62.702057931630115,-0.16205701610277146,0.16205701610277146
2022-04-05 00:00:00+00:00,KO,lightgbm_quantile,sentiment,40,log_return,62.470001220703125,62.34520125210616,0.1247999685969674,0.1247999685969674
2022-04-06 00:00:00+00:00,KO,lightgbm_quantile,sentiment,40,log_return,63.09999847412109,62.289434295679776,0.8105641784413109,0.8105641784413109
2022-04-07 00:00:00+00:00,KO,lightgbm_quantile,sentiment,40,log_return,63.43999862670898,62.906618841217124,0.5333797854918529,0.5333797854918529
2022-04-08 00:00:00+00:00,KO,lightgbm_quantile,sentiment,40,log_return,63.83000183105469,63.278946665956326,0.5510551650983615,0.5510551650983615
2022-04-11 00:00:00+00:00,KO,lightgbm_quantile,sentiment,40,log_return,63.810001373291016,63.56061120429075,0.24939016900026445,0.24939016900026445
2022-04-12 00:00:00+00:00,KO,lightgbm_quantile,sentiment,40,log_return,64.55999755859375,63.54068700516686,1.019310553426891,1.019310553426891
2022-04-13 00:00:00+00:00,KO,lightgbm_quantile,sentiment,40,log_return,64.7300033569336,64.29240637429169,0.4375969826419066,0.4375969826419066
2022-04-14 00:00:00+00:00,KO,lightgbm_quantile,sentiment,40,log_return,65.0199966430664,64.55754844085502,0.46244820221139094,0.46244820221139094
2022-04-18 00:00:00+00:00,KO,lightgbm_quantile,sentiment,40,log_return,64.44000244140625,64.77761197242891,-0.33760953102266456,0.33760953102266456
2022-04-19 00:00:00+00:00,KO,lightgbm_quantile,sentiment,40,log_return,65.06999969482422,64.2624526445559,0.8075470502683118,0.8075470502683118
2022-04-20 00:00:00+00:00,KO,lightgbm_quantile,sentiment,40,log_return,65.95999908447266,64.88839888424934,1.0716002002233154,1.0716002002233154
2022-04-21 00:00:00+00:00,KO,lightgbm_quantile,sentiment,40,log_return,66.20999908447266,65.72452067910065,0.4854784053720067,0.4854784053720067
2022-04-22 00:00:00+00:00,KO,lightgbm_quantile,sentiment,40,log_return,65.25,65.94469685457157,-0.6946968545715748,0.6946968545715748
2022-04-25 00:00:00+00:00,KO,lightgbm_quantile,sentiment,40,log_return,65.94000244140625,65.07864171932601,0.8613607220802351,0.8613607220802351
2022-04-26 00:00:00+00:00,KO,lightgbm_quantile,sentiment,40,log_return,65.05000305175781,65.74428974064888,-0.6942866888910686,0.6942866888910686
2022-04-27 00:00:00+00:00,KO,lightgbm_quantile,sentiment,40,log_return,65.55999755859375,64.7010520002556,0.8589455583381493,0.8589455583381493
2022-04-28 00:00:00+00:00,KO,lightgbm_quantile,sentiment,40,log_return,66.19000244140625,65.27273771217072,0.9172647292355265,0.9172647292355265
2022-04-29 00:00:00+00:00,KO,lightgbm_quantile,sentiment,40,log_return,64.61000061035156,65.99361743361688,-1.3836168232653137,1.3836168232653137
2022-05-02 00:00:00+00:00,KO,lightgbm_quantile,sentiment,40,log_return,63.43999862670898,64.33307531460852,-0.8930766878995442,0.8930766878995442
2022-05-03 00:00:00+00:00,KO,lightgbm_quantile,sentiment,40,log_return,63.08000183105469,63.153945390835915,-0.07394355978122746,0.07394355978122746
2022-05-04 00:00:00+00:00,KO,lightgbm_quantile,sentiment,40,log_return,65.02999877929688,62.804033426976396,2.225965352320479,2.225965352320479
2022-05-05 00:00:00+00:00,KO,lightgbm_quantile,sentiment,40,log_return,64.51000213623047,64.73394080802254,-0.2239386717920695,0.2239386717920695
2022-05-06 00:00:00+00:00,KO,lightgbm_quantile,sentiment,40,log_return,64.73999786376953,64.1955721407095,0.54442572306003,0.54442572306003
2022-05-09 00:00:00+00:00,KO,lightgbm_quantile,sentiment,40,log_return,64.61000061035156,64.4603626304131,0.14963797993846129,0.14963797993846129
2022-05-10 00:00:00+00:00,KO,lightgbm_quantile,sentiment,40,log_return,64.01000213623047,64.45800915545821,-0.4480070192277452,0.4480070192277452
2022-05-11 00:00:00+00:00,KO,lightgbm_quantile,sentiment,40,log_return,64.30999755859375,63.75279647396117,0.557201084632581,0.557201084632581
2022-05-12 00:00:00+00:00,KO,lightgbm_quantile,sentiment,40,log_return,64.51000213623047,63.98742782988734,0.522574306343131,0.522574306343131
2022-05-13 00:00:00+00:00,KO,lightgbm_quantile,sentiment,40,log_return,65.72000122070312,64.2677028631549,1.45229835754823,1.45229835754823
2022-05-16 00:00:00+00:00,KO,lightgbm_quantile,sentiment,40,log_return,65.95999908447266,65.49891385403258,0.46108523044007654,0.46108523044007654
2022-05-17 00:00:00+00:00,KO,lightgbm_quantile,sentiment,40,log_return,65.77999877929688,65.75876174244979,0.02123703684708289,0.02123703684708289
2022-05-18 00:00:00+00:00,KO,lightgbm_quantile,sentiment,40,log_return,61.20000076293945,65.63303791517006,-4.433037152230611,4.433037152230611
2022-05-19 00:00:00+00:00,KO,lightgbm_quantile,sentiment,40,log_return,60.0,60.963281028567195,-0.9632810285671951,0.9632810285671951
2022-05-20 00:00:00+00:00,KO,lightgbm_quantile,sentiment,40,log_return,60.97999954223633,59.712610370487205,1.267389171749123,1.267389171749123
2022-05-23 00:00:00+00:00,KO,lightgbm_quantile,sentiment,40,log_return,62.86000061035156,60.74593532839772,2.1140652819538417,2.1140652819538417
2022-05-24 00:00:00+00:00,KO,lightgbm_quantile,sentiment,40,log_return,64.0199966430664,62.79476086130307,1.2252357817633381,1.2252357817633381
2022-05-25 00:00:00+00:00,KO,lightgbm_quantile,sentiment,40,log_return,64.06999969482422,63.78809777378007,0.28190192104414535,0.28190192104414535
2022-05-26 00:00:00+00:00,KO,lightgbm_quantile,sentiment,40,log_return,64.30000305175781,63.88908862756167,0.4109144241961431,0.4109144241961431
2022-05-27 00:00:00+00:00,KO,lightgbm_quantile,sentiment,40,log_return,64.68000030517578,64.11459534959127,0.565404955584512,0.565404955584512
2022-05-31 00:00:00+00:00,KO,lightgbm_quantile,sentiment,40,log_return,63.380001068115234,64.48892182288462,-1.108920754769386,1.108920754769386
2022-06-01 00:00:00+00:00,KO,lightgbm_quantile,sentiment,40,log_return,63.06999969482422,63.05012850882644,0.01987118599777915,0.01987118599777915
2022-06-02 00:00:00+00:00,KO,lightgbm_quantile,sentiment,40,log_return,63.72999954223633,62.845125737648864,0.884873804587464,0.884873804587464
2022-06-03 00:00:00+00:00,KO,lightgbm_quantile,sentiment,40,log_return,62.970001220703125,63.60004142185221,-0.630040201149086,0.630040201149086
2022-06-06 00:00:00+00:00,KO,lightgbm_quantile,sentiment,40,log_return,62.869998931884766,62.78010813224031,0.08989079964445779,0.08989079964445779
2022-06-07 00:00:00+00:00,KO,lightgbm_quantile,sentiment,40,log_return,63.25,62.69682343998356,0.5531765600164391,0.5531765600164391
2022-06-08 00:00:00+00:00,KO,lightgbm_quantile,sentiment,40,log_return,62.88999938964844,63.08535211350595,-0.19535272385751057,0.19535272385751057
2022-06-09 00:00:00+00:00,KO,lightgbm_quantile,sentiment,40,log_return,61.79999923706055,62.73308287831368,-0.933083641253134,0.933083641253134
2022-06-10 00:00:00+00:00,KO,lightgbm_quantile,sentiment,40,log_return,61.40999984741211,61.613936904563,-0.20393705715088828,0.20393705715088828
2022-06-13 00:00:00+00:00,KO,lightgbm_quantile,sentiment,40,log_return,61.34000015258789,61.227686506054205,0.11231364653368558,0.11231364653368558
2022-06-14 00:00:00+00:00,KO,lightgbm_quantile,sentiment,40,log_return,59.22999954223633,61.203113816149596,-1.9731142739132679,1.9731142739132679
2022-06-15 00:00:00+00:00,KO,lightgbm_quantile,sentiment,40,log_return,59.66999816894531,58.95732638227166,0.7126717866736527,0.7126717866736527
2022-06-16 00:00:00+00:00,KO,lightgbm_quantile,sentiment,40,log_return,59.06999969482422,59.38260220525525,-0.3126025104310344,0.3126025104310344
2022-06-17 00:00:00+00:00,KO,lightgbm_quantile,sentiment,40,log_return,59.43000030517578,58.76867077109138,0.6613295340844019,0.6613295340844019
2022-06-21 00:00:00+00:00,KO,lightgbm_quantile,sentiment,40,log_return,60.70000076293945,59.25743426449524,1.442566498444215,1.442566498444215
2022-06-22 00:00:00+00:00,KO,lightgbm_quantile,sentiment,40,log_return,61.150001525878906,60.41545890470074,0.7345426211781643,0.7345426211781643
2022-06-23 00:00:00+00:00,KO,lightgbm_quantile,sentiment,40,log_return,61.880001068115234,60.992415397414334,0.8875856707009007,0.8875856707009007
2022-06-24 00:00:00+00:00,KO,lightgbm_quantile,sentiment,40,log_return,63.040000915527344,61.77669030272449,1.2633106128028544,1.2633106128028544
2022-06-27 00:00:00+00:00,KO,lightgbm_quantile,sentiment,40,log_return,62.90999984741211,62.88613048919862,0.023869358213488567,0.023869358213488567
2022-06-28 00:00:00+00:00,KO,lightgbm_quantile,sentiment,40,log_return,62.27999877929688,62.763351055966616,-0.48335227666973424,0.48335227666973424
2022-06-29 00:00:00+00:00,KO,lightgbm_quantile,sentiment,40,log_return,62.72999954223633,62.14285951974503,0.5871400224912975,0.5871400224912975
2022-06-30 00:00:00+00:00,KO,lightgbm_quantile,sentiment,40,log_return,62.90999984741211,62.53127663510123,0.3787232123108808,0.3787232123108808
2022-07-01 00:00:00+00:00,KO,lightgbm_quantile,sentiment,40,log_return,64.37999725341797,62.686339626852444,1.6936576265655248,1.6936576265655248
2022-07-05 00:00:00+00:00,KO,lightgbm_quantile,sentiment,40,log_return,63.27999877929688,64.20982115231118,-0.9298223730142965,0.9298223730142965
2022-07-06 00:00:00+00:00,KO,lightgbm_quantile,sentiment,40,log_return,63.40999984741211,62.96742160246161,0.44257824495049647,0.44257824495049647
2022-07-07 00:00:00+00:00,KO,lightgbm_quantile,sentiment,40,log_return,62.90999984741211,63.09365882357431,-0.1836589761621994,0.1836589761621994
2022-07-08 00:00:00+00:00,KO,lightgbm_quantile,sentiment,40,log_return,63.13999938964844,62.69009283726205,0.44990655238638766,0.44990655238638766
2022-07-11 00:00:00+00:00,KO,lightgbm_quantile,sentiment,40,log_return,62.93999862670898,62.94731587956986,-0.007317252860879364,0.007317252860879364
2022-07-12 00:00:00+00:00,KO,lightgbm_quantile,sentiment,40,log_return,62.66999816894531,62.701038277651186,-0.031040108705873592,0.031040108705873592
2022-07-13 00:00:00+00:00,KO,lightgbm_quantile,sentiment,40,log_return,62.380001068115234,62.42976760767077,-0.04976653955553445,0.04976653955553445
2022-07-14 00:00:00+00:00,KO,lightgbm_quantile,sentiment,40,log_return,62.18000030517578,62.21534885069995,-0.03534854552416533,0.03534854552416533
2022-07-15 00:00:00+00:00,KO,lightgbm_quantile,sentiment,40,log_return,62.5,62.0070363144164,0.4929636855835966,0.4929636855835966
2022-07-18 00:00:00+00:00,KO,lightgbm_quantile,sentiment,40,log_return,61.650001525878906,62.28200846353136,-0.6320069376524557,0.6320069376524557
2022-07-19 00:00:00+00:00,KO,lightgbm_quantile,sentiment,40,log_return,62.52999877929688,61.296104619861495,1.233894159435387,1.233894159435387
2022-07-20 00:00:00+00:00,KO,lightgbm_quantile,sentiment,40,log_return,61.5,62.29643514547713,-0.7964351454771332,0.7964351454771332
2022-07-21 00:00:00+00:00,KO,lightgbm_quantile,sentiment,40,log_return,61.36000061035156,61.30482117359486,0.05517943675670267,0.05517943675670267
2022-07-22 00:00:00+00:00,KO,lightgbm_quantile,sentiment,40,log_return,61.59000015258789,61.263443253601444,0.32655689898644624,0.32655689898644624
2022-07-25 00:00:00+00:00,KO,lightgbm_quantile,sentiment,40,log_return,62.18999862670898,61.42830944897979,0.7616891777291883,0.7616891777291883
2022-07-26 00:00:00+00:00,KO,lightgbm_quantile,sentiment,40,log_return,63.209999084472656,61.98917869440215,1.2208203900705072,1.2208203900705072
2022-07-27 00:00:00+00:00,KO,lightgbm_quantile,sentiment,40,log_return,63.0099983215332,62.98523940784675,0.024758913686454775,0.024758913686454775
2022-07-28 00:00:00+00:00,KO,lightgbm_quantile,sentiment,40,log_return,64.05999755859375,62.70034988792304,1.3596476706707108,1.3596476706707108
2022-07-29 00:00:00+00:00,KO,lightgbm_quantile,sentiment,40,log_return,64.16999816894531,63.85063544537333,0.3193627235719845,0.3193627235719845
2022-08-01 00:00:00+00:00,KO,lightgbm_quantile,sentiment,40,log_return,64.5199966430664,63.954338828078235,0.565657814988171,0.565657814988171
2022-08-02 00:00:00+00:00,KO,lightgbm_quantile,sentiment,40,log_return,63.63999938964844,64.38864763520513,-0.7486482455566943,0.7486482455566943
2022-08-03 00:00:00+00:00,KO,lightgbm_quantile,sentiment,40,log_return,63.91999816894531,63.49753497345994,0.4224631954853706,0.4224631954853706
2022-08-04 00:00:00+00:00,KO,lightgbm_quantile,sentiment,40,log_return,63.66999816894531,63.74721102071462,-0.07721285176931048,0.07721285176931048
2022-08-05 00:00:00+00:00,KO,lightgbm_quantile,sentiment,40,log_return,63.380001068115234,63.49588586227122,-0.1158847941559884,0.1158847941559884
2022-08-08 00:00:00+00:00,KO,lightgbm_quantile,sentiment,40,log_return,62.970001220703125,63.193045468689455,-0.22304424798632994,0.22304424798632994
2022-08-09 00:00:00+00:00,KO,lightgbm_quantile,sentiment,40,log_return,63.04999923706055,62.826123452977846,0.2238757840827006,0.2238757840827006
2022-08-10 00:00:00+00:00,KO,lightgbm_quantile,sentiment,40,log_return,63.650001525878906,62.83869905856381,0.8113024673150946,0.8113024673150946
2022-08-11 00:00:00+00:00,KO,lightgbm_quantile,sentiment,40,log_return,63.220001220703125,63.47162052760822,-0.2516193069050985,0.2516193069050985
2022-08-12 00:00:00+00:00,KO,lightgbm_quantile,sentiment,40,log_return,63.70000076293945,62.96434656106093,0.7356542018785248,0.7356542018785248
2022-08-15 00:00:00+00:00,KO,lightgbm_quantile,sentiment,40,log_return,64.5,63.4588597942157,1.041140205784302,1.041140205784302
2022-08-16 00:00:00+00:00,KO,lightgbm_quantile,sentiment,40,log_return,65.02999877929688,64.25551336212284,0.7744854171740343,0.7744854171740343
2022-08-17 00:00:00+00:00,KO,lightgbm_quantile,sentiment,40,log_return,64.87999725341797,64.85807656635569,0.02192068706227701,0.02192068706227701
2022-08-18 00:00:00+00:00,KO,lightgbm_quantile,sentiment,40,log_return,65.22000122070312,64.67692223164096,0.5430789890621668,0.5430789890621668
2022-08-19 00:00:00+00:00,KO,lightgbm_quantile,sentiment,40,log_return,65.16999816894531,64.9923379499672,0.17766021897811868,0.17766021897811868
2022-08-22 00:00:00+00:00,KO,lightgbm_quantile,sentiment,40,log_return,64.19999694824219,64.91671211947957,-0.7167151712373823,0.7167151712373823
2022-08-23 00:00:00+00:00,KO,lightgbm_quantile,sentiment,40,log_return,64.2699966430664,63.95949016732412,0.3105064757422866,0.3105064757422866
2022-08-24 00:00:00+00:00,KO,lightgbm_quantile,sentiment,40,log_return,64.36000061035156,64.00480342252824,0.35519718782332177,0.35519718782332177
2022-08-25 00:00:00+00:00,KO,lightgbm_quantile,sentiment,40,log_return,64.66999816894531,64.079364152903,0.5906340160423156,0.5906340160423156
2022-08-26 00:00:00+00:00,KO,lightgbm_quantile,sentiment,40,log_return,63.11000061035156,64.42197179194056,-1.3119711815890014,1.3119711815890014
2022-08-29 00:00:00+00:00,KO,lightgbm_quantile,sentiment,40,log_return,62.72999954223633,62.86932375369253,-0.13932421145619855,0.13932421145619855
2022-08-30 00:00:00+00:00,KO,lightgbm_quantile,sentiment,40,log_return,62.150001525878906,62.51782433212791,-0.3678228062490021,0.3678228062490021
2022-08-31 00:00:00+00:00,KO,lightgbm_quantile,sentiment,40,log_return,61.709999084472656,61.954456551483645,-0.2444574670109887,0.2444574670109887
2022-09-01 00:00:00+00:00,KO,lightgbm_quantile,sentiment,40,log_return,62.0,61.46492345101744,0.5350765489825591,0.5350765489825591
2022-09-02 00:00:00+00:00,KO,lightgbm_quantile,sentiment,40,log_return,61.150001525878906,61.82065186218971,-0.670650336310807,0.670650336310807
2022-09-06 00:00:00+00:00,KO,lightgbm_quantile,sentiment,40,log_return,61.18000030517578,60.91418247450689,0.26581783066889386,0.26581783066889386
2022-09-07 00:00:00+00:00,KO,lightgbm_quantile,sentiment,40,log_return,62.310001373291016,60.94117051205332,1.3688308612376971,1.3688308612376971
2022-09-08 00:00:00+00:00,KO,lightgbm_quantile,sentiment,40,log_return,62.119998931884766,62.09821867727357,0.02178025461119404,0.02178025461119404
2022-09-09 00:00:00+00:00,KO,lightgbm_quantile,sentiment,40,log_return,62.31999969482422,62.00343806839874,0.31656162642548225,0.31656162642548225
2022-09-12 00:00:00+00:00,KO,lightgbm_quantile,sentiment,40,log_return,62.5,62.16132053750118,0.338679462498817,0.338679462498817
2022-09-13 00:00:00+00:00,KO,lightgbm_quantile,sentiment,40,log_return,60.470001220703125,62.36908817948712,-1.8990869587839967,1.8990869587839967
2022-09-14 00:00:00+00:00,KO,lightgbm_quantile,sentiment,40,log_return,60.790000915527344,60.27786268450432,0.5121382310230231,0.5121382310230231
2022-09-15 00:00:00+00:00,KO,lightgbm_quantile,sentiment,40,log_return,59.52999877929688,60.64283402929253,-1.1128352499956478,1.1128352499956478
2022-09-16 00:00:00+00:00,KO,lightgbm_quantile,sentiment,40,log_return,59.540000915527344,59.33567347960478,0.20432743592256486,0.20432743592256486
2022-09-19 00:00:00+00:00,KO,lightgbm_quantile,sentiment,40,log_return,59.9900016784668,59.37103427095155,0.6189674075152496,0.6189674075152496
2022-09-20 00:00:00+00:00,KO,lightgbm_quantile,sentiment,40,log_return,59.900001525878906,59.79096820174632,0.10903332413258937,0.10903332413258937
2022-09-21 00:00:00+00:00,KO,lightgbm_quantile,sentiment,40,log_return,59.400001525878906,59.732255923938126,-0.3322543980592201,0.3322543980592201
2022-09-22 00:00:00+00:00,KO,lightgbm_quantile,sentiment,40,log_return,59.2599983215332,59.19409287775586,0.0659054437773463,0.0659054437773463
2022-09-23 00:00:00+00:00,KO,lightgbm_quantile,sentiment,40,log_return,58.59999847412109,59.07503761832349,-0.47503914420240534,0.47503914420240534
2022-09-26 00:00:00+00:00,KO,lightgbm_quantile,sentiment,40,log_return,57.869998931884766,58.467173180605045,-0.5971742487202789,0.5971742487202789
2022-09-27 00:00:00+00:00,KO,lightgbm_quantile,sentiment,40,log_return,56.380001068115234,57.72155246229195,-1.3415513941767188,1.3415513941767188
2022-09-28 00:00:00+00:00,KO,lightgbm_quantile,sentiment,40,log_return,56.97999954223633,56.255573560751586,0.7244259814847425,0.7244259814847425
2022-09-29 00:00:00+00:00,KO,lightgbm_quantile,sentiment,40,log_return,56.56999969482422,56.78985690720842,-0.21985721238419842,0.21985721238419842
2022-09-30 00:00:00+00:00,KO,lightgbm_quantile,sentiment,40,log_return,56.02000045776367,56.34095308076907,-0.32095262300539673,0.32095262300539673
2022-10-03 00:00:00+00:00,KO,lightgbm_quantile,sentiment,40,log_return,56.650001525878906,55.88696335938471,0.7630381664941979,0.7630381664941979
2022-10-04 00:00:00+00:00,KO,lightgbm_quantile,sentiment,40,log_return,56.77999877929688,56.5506783664048,0.22932041289207916,0.22932041289207916
2022-10-05 00:00:00+00:00,KO,lightgbm_quantile,sentiment,40,log_return,56.2400016784668,56.72316897276521,-0.4831672942984113,0.4831672942984113
2022-10-06 00:00:00+00:00,KO,lightgbm_quantile,sentiment,40,log_return,55.02999877929688,56.10313384824436,-1.0731350689474795,1.0731350689474795
2022-10-07 00:00:00+00:00,KO,lightgbm_quantile,sentiment,40,log_return,54.5099983215332,54.86853889529544,-0.3585405737622338,0.3585405737622338
2022-10-10 00:00:00+00:00,KO,lightgbm_quantile,sentiment,40,log_return,54.38999938964844,54.31018053468198,0.07981885496645447,0.07981885496645447
2022-10-11 00:00:00+00:00,KO,lightgbm_quantile,sentiment,40,log_return,54.47999954223633,54.27780432639661,0.20219521583971556,0.20219521583971556
2022-10-12 00:00:00+00:00,KO,lightgbm_quantile,sentiment,40,log_return,55.13999938964844,54.31921544979595,0.8207839398524897,0.8207839398524897
2022-10-13 00:00:00+00:00,KO,lightgbm_quantile,sentiment,40,log_return,55.869998931884766,54.96977839987176,0.9002205320130088,0.9002205320130088
2022-10-14 00:00:00+00:00,KO,lightgbm_quantile,sentiment,40,log_return,54.97999954223633,55.7158236162556,-0.7358240740192699,0.7358240740192699
2022-10-17 00:00:00+00:00,KO,lightgbm_quantile,sentiment,40,log_return,55.68999862670898,54.80699156132679,0.8830070653821878,0.8830070653821878
2022-10-18 00:00:00+00:00,KO,lightgbm_quantile,sentiment,40,log_return,56.43999862670898,55.53082176884469,0.9091768578642885,0.9091768578642885
2022-10-19 00:00:00+00:00,KO,lightgbm_quantile,sentiment,40,log_return,55.959999084472656,56.27995896270858,-0.3199598782359203,0.3199598782359203
2022-10-20 00:00:00+00:00,KO,lightgbm_quantile,sentiment,40,log_return,55.08000183105469,55.9505257355157,-0.8705239044610096,0.8705239044610096
2022-10-21 00:00:00+00:00,KO,lightgbm_quantile,sentiment,40,log_return,55.959999084472656,55.01544091908896,0.9445581653836967,0.9445581653836967
2022-10-24 00:00:00+00:00,KO,lightgbm_quantile,sentiment,40,log_return,57.56999969482422,55.87572249249921,1.6942772023250114,1.6942772023250114
2022-10-25 00:00:00+00:00,KO,lightgbm_quantile,sentiment,40,log_return,58.95000076293945,57.46079373965034,1.4892070232891115,1.4892070232891115
2022-10-26 00:00:00+00:00,KO,lightgbm_quantile,sentiment,40,log_return,59.38999938964844,58.874716011300166,0.515283378348272,0.515283378348272
2022-10-27 00:00:00+00:00,KO,lightgbm_quantile,sentiment,40,log_return,59.52999877929688,59.1796052792268,0.3503935000700835,0.3503935000700835
2022-10-28 00:00:00+00:00,KO,lightgbm_quantile,sentiment,40,log_return,60.7599983215332,59.43503146326754,1.324966858265661,1.324966858265661
2022-10-31 00:00:00+00:00,KO,lightgbm_quantile,sentiment,40,log_return,59.84999847412109,60.67844517048529,-0.8284466963642032,0.8284466963642032
2022-11-01 00:00:00+00:00,KO,lightgbm_quantile,sentiment,40,log_return,59.63999938964844,59.78486250798408,-0.14486311833564258,0.14486311833564258
2022-11-02 00:00:00+00:00,KO,lightgbm_quantile,sentiment,40,log_return,58.810001373291016,59.533395986222935,-0.7233946129319193,0.7233946129319193
2022-11-03 00:00:00+00:00,KO,lightgbm_quantile,sentiment,40,log_return,58.77999877929688,58.65361600280543,0.1263827764914538,0.1263827764914538
2022-11-04 00:00:00+00:00,KO,lightgbm_quantile,sentiment,40,log_return,59.2599983215332,58.67793107400225,0.5820672475309507,0.5820672475309507
2022-11-07 00:00:00+00:00,KO,lightgbm_quantile,sentiment,40,log_return,59.4900016784668,59.17709570353684,0.3129059749299543,0.3129059749299543
2022-11-08 00:00:00+00:00,KO,lightgbm_quantile,sentiment,40,log_return,59.59999847412109,59.35320395703806,0.2467945170830248,0.2467945170830248
2022-11-09 00:00:00+00:00,KO,lightgbm_quantile,sentiment,40,log_return,58.77000045776367,59.50374660390078,-0.7337461461371078,0.7337461461371078
2022-11-10 00:00:00+00:00,KO,lightgbm_quantile,sentiment,40,log_return,60.880001068115234,58.6535844448595,2.226416623255737,2.226416623255737
2022-11-11 00:00:00+00:00,KO,lightgbm_quantile,sentiment,40,log_return,61.31999969482422,60.74090290457849,0.5790967902457282,0.5790967902457282
2022-11-14 00:00:00+00:00,KO,lightgbm_quantile,sentiment,40,log_return,60.72999954223633,61.23370533990096,-0.5037057976646295,0.5037057976646295
2022-11-15 00:00:00+00:00,KO,lightgbm_quantile,sentiment,40,log_return,60.630001068115234,60.66170190966831,-0.031700841553075065,0.031700841553075065
2022-11-16 00:00:00+00:00,KO,lightgbm_quantile,sentiment,40,log_return,60.52000045776367,60.4801124842157,0.03988797354796958,0.03988797354796958
2022-11-17 00:00:00+00:00,KO,lightgbm_quantile,sentiment,40,log_return,60.709999084472656,60.33063101634066,0.37936806813199553,0.37936806813199553
2022-11-18 00:00:00+00:00,KO,lightgbm_quantile,sentiment,40,log_return,61.13999938964844,60.464686764534456,0.6753126251139818,0.6753126251139818
2022-11-21 00:00:00+00:00,KO,lightgbm_quantile,sentiment,40,log_return,62.08000183105469,60.900816232699995,1.1791855983546924,1.1791855983546924
2022-11-22 00:00:00+00:00,KO,lightgbm_quantile,sentiment,40,log_return,62.34999847412109,61.91562087470382,0.4343775994172674,0.4343775994172674
2022-11-23 00:00:00+00:00,KO,lightgbm_quantile,sentiment,40,log_return,62.630001068115234,62.18334521603995,0.44665585207528125,0.44665585207528125
2022-11-25 00:00:00+00:00,KO,lightgbm_quantile,sentiment,40,log_return,62.68999862670898,62.49280304775787,0.19719557895110995,0.19719557895110995
2022-11-28 00:00:00+00:00,KO,lightgbm_quantile,sentiment,40,log_return,62.70000076293945,62.48528790402311,0.21471285891634295,0.21471285891634295
2022-11-29 00:00:00+00:00,KO,lightgbm_quantile,sentiment,40,log_return,62.47999954223633,62.513102648675385,-0.03310310643905723,0.03310310643905723
2022-11-30 00:00:00+00:00,KO,lightgbm_quantile,sentiment,40,log_return,63.61000061035156,62.37895175617573,1.2310488541758318,1.2310488541758318
2022-12-01 00:00:00+00:00,KO,lightgbm_quantile,sentiment,40,log_return,63.790000915527344,63.47232424323177,0.31767667229557617,0.31767667229557617
2022-12-02 00:00:00+00:00,KO,lightgbm_quantile,sentiment,40,log_return,64.3499984741211,63.532362525979195,0.8176359481418984,0.8176359481418984
2022-12-05 00:00:00+00:00,KO,lightgbm_quantile,sentiment,40,log_return,63.470001220703125,64.22405283011007,-0.7540516094069432,0.7540516094069432
2022-12-06 00:00:00+00:00,KO,lightgbm_quantile,sentiment,40,log_return,63.43999862670898,63.34549958465774,0.09449904205123971,0.09449904205123971
2022-12-07 00:00:00+00:00,KO,lightgbm_quantile,sentiment,40,log_return,63.540000915527344,63.2719276448979,0.2680732706294435,0.2680732706294435
2022-12-08 00:00:00+00:00,KO,lightgbm_quantile,sentiment,40,log_return,63.810001373291016,63.37753294009299,0.4324684331980251,0.4324684331980251
2022-12-09 00:00:00+00:00,KO,lightgbm_quantile,sentiment,40,log_return,63.13999938964844,63.5513070307056,-0.41130764105716366,0.41130764105716366
2022-12-12 00:00:00+00:00,KO,lightgbm_quantile,sentiment,40,log_return,63.970001220703125,63.00625370583613,0.963747514866995,0.963747514866995
2022-12-13 00:00:00+00:00,KO,lightgbm_quantile,sentiment,40,log_return,63.9900016784668,63.89172795501767,0.09827372344912533,0.09827372344912533
2022-12-14 00:00:00+00:00,KO,lightgbm_quantile,sentiment,40,log_return,63.9900016784668,63.806674650176,0.1833270282907975,0.1833270282907975
2022-12-15 00:00:00+00:00,KO,lightgbm_quantile,sentiment,40,log_return,63.11000061035156,63.777963734142354,-0.6679631237907913,0.6679631237907913
2022-12-16 00:00:00+00:00,KO,lightgbm_quantile,sentiment,40,log_return,62.75,62.93858022224757,-0.1885802222475732,0.1885802222475732
2022-12-19 00:00:00+00:00,KO,lightgbm_quantile,sentiment,40,log_return,62.84000015258789,62.51997312796208,0.32002702462580856,0.32002702462580856
2022-12-20 00:00:00+00:00,KO,lightgbm_quantile,sentiment,40,log_return,62.790000915527344,62.53697483976866,0.2530260757586831,0.2530260757586831
2022-12-21 00:00:00+00:00,KO,lightgbm_quantile,sentiment,40,log_return,63.79999923706055,62.58626746862876,1.213731768431785,1.213731768431785
2022-12-22 00:00:00+00:00,KO,lightgbm_quantile,sentiment,40,log_return,63.34000015258789,63.585676442052325,-0.2456762894644342,0.2456762894644342
2022-12-23 00:00:00+00:00,KO,lightgbm_quantile,sentiment,40,log_return,63.81999969482422,63.15692415994933,0.663075534874892,0.663075534874892
2022-12-27 00:00:00+00:00,KO,lightgbm_quantile,sentiment,40,log_return,64.20999908447266,63.63107666693435,0.5789224175383083,0.5789224175383083
2022-12-28 00:00:00+00:00,KO,lightgbm_quantile,sentiment,40,log_return,63.56999969482422,64.10293359977837,-0.5329339049541488,0.5329339049541488
2022-12-29 00:00:00+00:00,KO,lightgbm_quantile,sentiment,40,log_return,63.95000076293945,63.40128340890032,0.5487173540391339,0.5487173540391339
2022-12-30 00:00:00+00:00,KO,lightgbm_quantile,sentiment,40,log_return,63.61000061035156,63.79502930305576,-0.18502869270420064,0.18502869270420064
2023-01-03 00:00:00+00:00,KO,lightgbm_quantile,sentiment,40,log_return,62.95000076293945,63.33629195901206,-0.3862911960726052,0.3862911960726052
2023-01-04 00:00:00+00:00,KO,lightgbm_quantile,sentiment,40,log_return,62.91999816894531,62.71447677890751,0.20552139003780212,0.20552139003780212
2023-01-05 00:00:00+00:00,KO,lightgbm_quantile,sentiment,40,log_return,62.20000076293945,62.73010052757559,-0.5300997646361338,0.5300997646361338
2023-01-06 00:00:00+00:00,KO,lightgbm_quantile,sentiment,40,log_return,63.400001525878906,62.0069407097839,1.3930608160950086,1.3930608160950086
2023-01-09 00:00:00+00:00,KO,lightgbm_quantile,sentiment,40,log_return,62.61000061035156,63.173890879866086,-0.5638902695145234,0.5638902695145234
2023-01-10 00:00:00+00:00,KO,lightgbm_quantile,sentiment,40,log_return,62.130001068115234,62.360255175849865,-0.2302541077346305,0.2302541077346305
2023-01-11 00:00:00+00:00,KO,lightgbm_quantile,sentiment,40,log_return,62.0099983215332,61.927604746987974,0.08239357454522889,0.08239357454522889
2023-01-12 00:00:00+00:00,KO,lightgbm_quantile,sentiment,40,log_return,61.209999084472656,61.80783627599296,-0.5978371915203056,0.5978371915203056
2023-01-13 00:00:00+00:00,KO,lightgbm_quantile,sentiment,40,log_return,61.43000030517578,61.03345567448362,0.39654463069216206,0.39654463069216206
2023-01-17 00:00:00+00:00,KO,lightgbm_quantile,sentiment,40,log_return,61.68000030517578,61.27380942243994,0.40619088273584225,0.40619088273584225
2023-01-18 00:00:00+00:00,KO,lightgbm_quantile,sentiment,40,log_return,59.810001373291016,61.43568428772435,-1.6256829144333338,1.6256829144333338
2023-01-19 00:00:00+00:00,KO,lightgbm_quantile,sentiment,40,log_return,59.720001220703125,59.66701819729064,0.052983023412487285,0.052983023412487285
2023-01-20 00:00:00+00:00,KO,lightgbm_quantile,sentiment,40,log_return,60.08000183105469,59.517478881500395,0.5625229495542925,0.5625229495542925
2023-01-23 00:00:00+00:00,KO,lightgbm_quantile,sentiment,40,log_return,60.22999954223633,60.017601301599,0.21239824063732726,0.21239824063732726
2023-01-24 00:00:00+00:00,KO,lightgbm_quantile,sentiment,40,log_return,60.54999923706055,60.03978247766199,0.5102167593985598,0.5102167593985598
2023-01-25 00:00:00+00:00,KO,lightgbm_quantile,sentiment,40,log_return,60.93000030517578,60.36427522907623,0.5657250760995538,0.5657250760995538
2023-01-26 00:00:00+00:00,KO,lightgbm_quantile,sentiment,40,log_return,60.810001373291016,60.740915641787126,0.06908573150388975,0.06908573150388975
2023-01-27 00:00:00+00:00,KO,lightgbm_quantile,sentiment,40,log_return,60.4900016784668,60.63426822120729,-0.1442665427404961,0.1442665427404961
2023-01-30 00:00:00+00:00,KO,lightgbm_quantile,sentiment,40,log_return,60.63999938964844,60.33810193338322,0.30189745626521614,0.30189745626521614
2023-01-31 00:00:00+00:00,KO,lightgbm_quantile,sentiment,40,log_return,61.31999969482422,60.533855819965034,0.7861438748591851,0.7861438748591851
2023-02-01 00:00:00+00:00,KO,lightgbm_quantile,sentiment,40,log_return,61.33000183105469,61.25505191080177,0.07494992025291936,0.07494992025291936
2023-02-02 00:00:00+00:00,KO,lightgbm_quantile,sentiment,40,log_return,60.27999877929688,61.12174975973423,-0.8417509804373466,0.8417509804373466
2023-02-03 00:00:00+00:00,KO,lightgbm_quantile,sentiment,40,log_return,59.83000183105469,60.045446336543435,-0.2154445054887475,0.2154445054887475
2023-02-06 00:00:00+00:00,KO,lightgbm_quantile,sentiment,40,log_return,60.16999816894531,59.656939542472145,0.5130586264731676,0.5130586264731676
2023-02-07 00:00:00+00:00,KO,lightgbm_quantile,sentiment,40,log_return,60.06999969482422,60.02543121996336,0.04456847486085991,0.04456847486085991
2023-02-08 00:00:00+00:00,KO,lightgbm_quantile,sentiment,40,log_return,59.720001220703125,59.978419128802635,-0.25841790809950993,0.25841790809950993
2023-02-09 00:00:00+00:00,KO,lightgbm_quantile,sentiment,40,log_return,59.619998931884766,59.58870874802749,0.03129018385727278,0.03129018385727278
2023-02-10 00:00:00+00:00,KO,lightgbm_quantile,sentiment,40,log_return,59.619998931884766,59.43452593296777,0.18547299891699254,0.18547299891699254
2023-02-13 00:00:00+00:00,KO,lightgbm_quantile,sentiment,40,log_return,60.59999847412109,59.45644093289731,1.1435575412237782,1.1435575412237782
2023-02-14 00:00:00+00:00,KO,lightgbm_quantile,sentiment,40,log_return,59.59000015258789,60.457739281870516,-0.8677391292826258,0.8677391292826258
2023-02-15 00:00:00+00:00,KO,lightgbm_quantile,sentiment,40,log_return,59.59000015258789,59.429388671941666,0.16061148064622444,0.16061148064622444
2023-02-16 00:00:00+00:00,KO,lightgbm_quantile,sentiment,40,log_return,59.220001220703125,59.36129063718931,-0.1412894164861882,0.1412894164861882
2023-02-17 00:00:00+00:00,KO,lightgbm_quantile,sentiment,40,log_return,60.119998931884766,59.05112640460065,1.068872527284114,1.068872527284114
2023-02-21 00:00:00+00:00,KO,lightgbm_quantile,sentiment,40,log_return,59.79999923706055,59.99701193200752,-0.19701269494697016,0.19701269494697016
2023-02-22 00:00:00+00:00,KO,lightgbm_quantile,sentiment,40,log_return,59.97999954223633,59.64708124059443,0.3329183016418966,0.3329183016418966
2023-02-23 00:00:00+00:00,KO,lightgbm_quantile,sentiment,40,log_return,60.09000015258789,59.81035150494517,0.27964864764272335,0.27964864764272335
2023-02-24 00:00:00+00:00,KO,lightgbm_quantile,sentiment,40,log_return,59.84000015258789,59.9534322102831,-0.11343205769520637,0.11343205769520637
2023-02-27 00:00:00+00:00,KO,lightgbm_quantile,sentiment,40,log_return,59.81999969482422,59.676726290678275,0.14327340414594403,0.14327340414594403
2023-02-28 00:00:00+00:00,KO,lightgbm_quantile,sentiment,40,log_return,59.5099983215332,59.638824491081344,-0.12882616954814097,0.12882616954814097
2023-03-01 00:00:00+00:00,KO,lightgbm_quantile,sentiment,40,log_return,58.86000061035156,59.33907203284886,-0.4790714224972987,0.4790714224972987
2023-03-02 00:00:00+00:00,KO,lightgbm_quantile,sentiment,40,log_return,59.720001220703125,58.687750009751745,1.0322512109513795,1.0322512109513795
2023-03-03 00:00:00+00:00,KO,lightgbm_quantile,sentiment,40,log_return,59.43999862670898,59.55113538468008,-0.1111367579711029,0.1111367579711029
2023-03-06 00:00:00+00:00,KO,lightgbm_quantile,sentiment,40,log_return,60.36000061035156,59.22435519319748,1.1356454171540804,1.1356454171540804
2023-03-07 00:00:00+00:00,KO,lightgbm_quantile,sentiment,40,log_return,60.0099983215332,60.171419577892294,-0.1614212563590911,0.1614212563590911
2023-03-08 00:00:00+00:00,KO,lightgbm_quantile,sentiment,40,log_return,60.040000915527344,59.808373249059436,0.231627666467908,0.231627666467908
2023-03-09 00:00:00+00:00,KO,lightgbm_quantile,sentiment,40,log_return,59.459999084472656,59.83416465836208,-0.37416557388942095,0.37416557388942095
2023-03-10 00:00:00+00:00,KO,lightgbm_quantile,sentiment,40,log_return,59.209999084472656,59.24342880437439,-0.033429719901732824,0.033429719901732824
2023-03-13 00:00:00+00:00,KO,lightgbm_quantile,sentiment,40,log_return,59.810001373291016,59.02145938309061,0.7885419902004074,0.7885419902004074
2023-03-14 00:00:00+00:00,KO,lightgbm_quantile,sentiment,40,log_return,60.02999877929688,59.61472722255186,0.4152715567450187,0.4152715567450187
2023-03-15 00:00:00+00:00,KO,lightgbm_quantile,sentiment,40,log_return,60.43000030517578,59.80804369213735,0.621956613038428,0.621956613038428
2023-03-16 00:00:00+00:00,KO,lightgbm_quantile,sentiment,40,log_return,60.29999923706055,60.18471868706668,0.11528054999386939,0.11528054999386939
2023-03-17 00:00:00+00:00,KO,lightgbm_quantile,sentiment,40,log_return,60.02000045776367,60.04933111878781,-0.02933066102414017,0.02933066102414017
2023-03-20 00:00:00+00:00,KO,lightgbm_quantile,sentiment,40,log_return,60.59999847412109,59.87949541346786,0.720503060653229,0.720503060653229
2023-03-21 00:00:00+00:00,KO,lightgbm_quantile,sentiment,40,log_return,60.31999969482422,60.31149913093199,0.008500563892226864,0.008500563892226864
2023-03-22 00:00:00+00:00,KO,lightgbm_quantile,sentiment,40,log_return,60.04999923706055,60.12070904672385,-0.07070980966330609,0.07070980966330609
2023-03-23 00:00:00+00:00,KO,lightgbm_quantile,sentiment,40,log_return,59.91999816894531,59.8779963386864,0.042001830258911355,0.042001830258911355
2023-03-24 00:00:00+00:00,KO,lightgbm_quantile,sentiment,40,log_return,60.900001525878906,59.762802395799724,1.137199130079182,1.137199130079182
2023-03-27 00:00:00+00:00,KO,lightgbm_quantile,sentiment,40,log_return,61.34999847412109,60.72596675168043,0.6240317224406553,0.6240317224406553
2023-03-28 00:00:00+00:00,KO,lightgbm_quantile,sentiment,40,log_return,61.41999816894531,61.18140968642846,0.23858848251685316,0.23858848251685316
2023-03-29 00:00:00+00:00,KO,lightgbm_quantile,sentiment,40,log_return,61.86000061035156,61.27808407911258,0.5819165312389813,0.5819165312389813
2023-03-30 00:00:00+00:00,KO,lightgbm_quantile,sentiment,40,log_return,61.84999847412109,61.69272525886437,0.15727321525671556,0.15727321525671556
2023-03-31 00:00:00+00:00,KO,lightgbm_quantile,sentiment,40,log_return,62.02999877929688,61.67435524745495,0.35564353184193465,0.35564353184193465
2023-04-03 00:00:00+00:00,KO,lightgbm_quantile,sentiment,40,log_return,62.400001525878906,61.842603922479036,0.5573976033998704,0.5573976033998704
2023-04-04 00:00:00+00:00,KO,lightgbm_quantile,sentiment,40,log_return,62.209999084472656,62.158156998109554,0.05184208636310217,0.05184208636310217
2023-04-05 00:00:00+00:00,KO,lightgbm_quantile,sentiment,40,log_return,62.79999923706055,61.988910419272365,0.8110888177881819,0.8110888177881819
2023-04-06 00:00:00+00:00,KO,lightgbm_quantile,sentiment,40,log_return,62.84000015258789,62.51576748289306,0.32423266969482967,0.32423266969482967
2023-04-10 00:00:00+00:00,KO,lightgbm_quantile,sentiment,40,log_return,62.68999862670898,62.62794553861669,0.06205308809228427,0.06205308809228427
2023-04-11 00:00:00+00:00,KO,lightgbm_quantile,sentiment,40,log_return,62.58000183105469,62.48164220366623,0.09835962738845438,0.09835962738845438
2023-04-12 00:00:00+00:00,KO,lightgbm_quantile,sentiment,40,log_return,62.68999862670898,62.37345371080799,0.3165449159009839,0.3165449159009839
2023-04-13 00:00:00+00:00,KO,lightgbm_quantile,sentiment,40,log_return,63.150001525878906,62.45287214513197,0.6971293807469365,0.6971293807469365
2023-04-14 00:00:00+00:00,KO,lightgbm_quantile,sentiment,40,log_return,63.04999923706055,62.909291878141865,0.14070735891868225,0.14070735891868225
2023-04-17 00:00:00+00:00,KO,lightgbm_quantile,sentiment,40,log_return,63.459999084472656,62.91436018679892,0.545638897673733,0.545638897673733
2023-04-18 00:00:00+00:00,KO,lightgbm_quantile,sentiment,40,log_return,63.560001373291016,63.235668525991365,0.32433284729965095,0.32433284729965095
2023-04-19 00:00:00+00:00,KO,lightgbm_quantile,sentiment,40,log_return,63.68000030517578,63.32069966526976,0.35930063990602434,0.35930063990602434
2023-04-20 00:00:00+00:00,KO,lightgbm_quantile,sentiment,40,log_return,63.959999084472656,63.447922697357704,0.5120763871149521,0.5120763871149521
2023-04-21 00:00:00+00:00,KO,lightgbm_quantile,sentiment,40,log_return,64.05000305175781,63.68842043375761,0.36158261800020597,0.36158261800020597
2023-04-24 00:00:00+00:00,KO,lightgbm_quantile,sentiment,40,log_return,63.95000076293945,63.78384350449208,0.16615725844737028,0.16615725844737028
2023-04-25 00:00:00+00:00,KO,lightgbm_quantile,sentiment,40,log_return,63.84999847412109,63.71766062952373,0.13233784459735887,0.13233784459735887
2023-04-26 00:00:00+00:00,KO,lightgbm_quantile,sentiment,40,log_return,63.54999923706055,63.597688871460356,-0.04768963439980922,0.04768963439980922
2023-04-27 00:00:00+00:00,KO,lightgbm_quantile,sentiment,40,log_return,63.68000030517578,63.32793925974316,0.3520610454326203,0.3520610454326203
2023-04-28 00:00:00+00:00,KO,lightgbm_quantile,sentiment,40,log_return,64.1500015258789,63.45355658485988,0.6964449410190241,0.6964449410190241
2023-05-01 00:00:00+00:00,KO,lightgbm_quantile,sentiment,40,log_return,64.30000305175781,63.93978002892549,0.3602230228323222,0.3602230228323222
2023-05-02 00:00:00+00:00,KO,lightgbm_quantile,sentiment,40,log_return,64.01000213623047,64.07771691232563,-0.06771477609515841,0.06771477609515841
2023-05-03 00:00:00+00:00,KO,lightgbm_quantile,sentiment,40,log_return,63.650001525878906,63.89633755647667,-0.2463360305977602,0.2463360305977602
2023-05-04 00:00:00+00:00,KO,lightgbm_quantile,sentiment,40,log_return,63.720001220703125,63.43665232929071,0.28334889141241604,0.28334889141241604
2023-05-05 00:00:00+00:00,KO,lightgbm_quantile,sentiment,40,log_return,64.0199966430664,63.576668584046544,0.44332805901986205,0.44332805901986205
2023-05-08 00:00:00+00:00,KO,lightgbm_quantile,sentiment,40,log_return,63.91999816894531,63.86662577559102,0.053372393354294445,0.053372393354294445
2023-05-09 00:00:00+00:00,KO,lightgbm_quantile,sentiment,40,log_return,63.38999938964844,63.71982076584775,-0.3298213761993125,0.3298213761993125
2023-05-10 00:00:00+00:00,KO,lightgbm_quantile,sentiment,40,log_return,63.5,63.19141868188859,0.30858131811140765,0.30858131811140765
2023-05-11 00:00:00+00:00,KO,lightgbm_quantile,sentiment,40,log_return,63.86000061035156,63.26204325332933,0.5979573570222314,0.5979573570222314
2023-05-12 00:00:00+00:00,KO,lightgbm_quantile,sentiment,40,log_return,64.11000061035156,63.65037372327561,0.4596268870759559,0.4596268870759559
2023-05-15 00:00:00+00:00,KO,lightgbm_quantile,sentiment,40,log_return,63.93999862670898,63.93173315557976,0.008265471129220714,0.008265471129220714
2023-05-16 00:00:00+00:00,KO,lightgbm_quantile,sentiment,40,log_return,63.220001220703125,63.74602641940582,-0.5260251987026976,0.5260251987026976
2023-05-17 00:00:00+00:00,KO,lightgbm_quantile,sentiment,40,log_return,63.150001525878906,62.935040482841956,0.21496104303695063,0.21496104303695063
2023-05-18 00:00:00+00:00,KO,lightgbm_quantile,sentiment,40,log_return,62.79999923706055,62.8817166319151,-0.08171739485455021,0.08171739485455021
2023-05-19 00:00:00+00:00,KO,lightgbm_quantile,sentiment,40,log_return,62.83000183105469,62.57300018951787,0.25700164153681726,0.25700164153681726
2023-05-22 00:00:00+00:00,KO,lightgbm_quantile,sentiment,40,log_return,61.5099983215332,62.698268493043784,-1.188270171510581,1.188270171510581
2023-05-23 00:00:00+00:00,KO,lightgbm_quantile,sentiment,40,log_return,61.400001525878906,61.3096632901175,0.09033823576140776,0.09033823576140776
2023-05-24 00:00:00+00:00,KO,lightgbm_quantile,sentiment,40,log_return,60.880001068115234,61.14909483544751,-0.2690937673322722,0.2690937673322722
2023-05-25 00:00:00+00:00,KO,lightgbm_quantile,sentiment,40,log_return,60.40999984741211,60.65896604645234,-0.24896619904023254,0.24896619904023254
2023-05-26 00:00:00+00:00,KO,lightgbm_quantile,sentiment,40,log_return,60.2599983215332,60.215924377700155,0.04407394383304819,0.04407394383304819
2023-05-30 00:00:00+00:00,KO,lightgbm_quantile,sentiment,40,log_return,59.77999877929688,60.066591028065865,-0.2865922487689829,0.2865922487689829
2023-05-31 00:00:00+00:00,KO,lightgbm_quantile,sentiment,40,log_return,59.65999984741211,59.611136071282225,0.048863776129884684,0.048863776129884684
2023-06-01 00:00:00+00:00,KO,lightgbm_quantile,sentiment,40,log_return,60.0,59.4895523379612,0.5104476620387999,0.5104476620387999
2023-06-02 00:00:00+00:00,KO,lightgbm_quantile,sentiment,40,log_return,61.15999984741211,59.8836865532358,1.2763132941763118,1.2763132941763118
2023-06-05 00:00:00+00:00,KO,lightgbm_quantile,sentiment,40,log_return,60.75,60.95703577839607,-0.2070357783960688,0.2070357783960688
2023-06-06 00:00:00+00:00,KO,lightgbm_quantile,sentiment,40,log_return,60.310001373291016,60.4846765837885,-0.17467521049748314,0.17467521049748314
2023-06-07 00:00:00+00:00,KO,lightgbm_quantile,sentiment,40,log_return,60.220001220703125,60.08161494787695,0.13838627282617466,0.13838627282617466
2023-06-08 00:00:00+00:00,KO,lightgbm_quantile,sentiment,40,log_return,60.369998931884766,60.0552741802243,0.31472475166046365,0.31472475166046365
2023-06-09 00:00:00+00:00,KO,lightgbm_quantile,sentiment,40,log_return,60.470001220703125,60.22565661863669,0.24434460206643394,0.24434460206643394
2023-06-12 00:00:00+00:00,KO,lightgbm_quantile,sentiment,40,log_return,60.209999084472656,60.35045166731899,-0.14045258284633633,0.14045258284633633
2023-06-13 00:00:00+00:00,KO,lightgbm_quantile,sentiment,40,log_return,60.45000076293945,60.07063638070073,0.3793643822387196,0.3793643822387196
2023-06-14 00:00:00+00:00,KO,lightgbm_quantile,sentiment,40,log_return,60.86000061035156,60.25625571014574,0.6037449002058253,0.6037449002058253
2023-06-15 00:00:00+00:00,KO,lightgbm_quantile,sentiment,40,log_return,61.22999954223633,60.662742679614134,0.5672568626221945,0.5672568626221945
2023-06-16 00:00:00+00:00,KO,lightgbm_quantile,sentiment,40,log_return,61.66999816894531,61.111031006240246,0.5589671627050663,0.5589671627050663
2023-06-20 00:00:00+00:00,KO,lightgbm_quantile,sentiment,40,log_return,61.2599983215332,61.52159752802947,-0.261599206496264,0.261599206496264
2023-06-21 00:00:00+00:00,KO,lightgbm_quantile,sentiment,40,log_return,61.43000030517578,60.99399957622843,0.43600072894734865,0.43600072894734865
2023-06-22 00:00:00+00:00,KO,lightgbm_quantile,sentiment,40,log_return,61.84999847412109,61.29982456098245,0.5501739131386358,0.5501739131386358
2023-06-23 00:00:00+00:00,KO,lightgbm_quantile,sentiment,40,log_return,61.20000076293945,61.68850860113514,-0.4885078381956873,0.4885078381956873
2023-06-26 00:00:00+00:00,KO,lightgbm_quantile,sentiment,40,log_return,61.220001220703125,61.05689739378395,0.16310382691917624,0.16310382691917624
2023-06-27 00:00:00+00:00,KO,lightgbm_quantile,sentiment,40,log_return,61.09000015258789,61.011310243590536,0.07868990899735451,0.07868990899735451
2023-06-28 00:00:00+00:00,KO,lightgbm_quantile,sentiment,40,log_return,60.52000045776367,60.96346123489994,-0.4434607771362664,0.4434607771362664
2023-06-29 00:00:00+00:00,KO,lightgbm_quantile,sentiment,40,log_return,60.02000045776367,60.32921627702751,-0.3092158192638408,0.3092158192638408
2023-06-30 00:00:00+00:00,KO,lightgbm_quantile,sentiment,40,log_return,60.220001220703125,59.84865357911815,0.37134764158497546,0.37134764158497546
2023-07-03 00:00:00+00:00,KO,lightgbm_quantile,sentiment,40,log_return,60.58000183105469,60.051436101733245,0.5285657293214427,0.5285657293214427
2023-07-05 00:00:00+00:00,KO,lightgbm_quantile,sentiment,40,log_return,61.02999877929688,60.406660709301725,0.6233380699951567,0.6233380699951567
2023-07-06 00:00:00+00:00,KO,lightgbm_quantile,sentiment,40,log_return,60.560001373291016,60.94885745969514,-0.3888560864041253,0.3888560864041253
2023-07-07 00:00:00+00:00,KO,lightgbm_quantile,sentiment,40,log_return,59.7599983215332,60.37718884155166,-0.617190520018454,0.617190520018454
2023-07-10 00:00:00+00:00,KO,lightgbm_quantile,sentiment,40,log_return,59.310001373291016,59.57199024830924,-0.26198887501822554,0.26198887501822554
2023-07-11 00:00:00+00:00,KO,lightgbm_quantile,sentiment,40,log_return,59.52000045776367,59.156199581665284,0.36380087609838796,0.36380087609838796
2023-07-12 00:00:00+00:00,KO,lightgbm_quantile,sentiment,40,log_return,59.84000015258789,59.34761302489252,0.4923871276953733,0.4923871276953733
2023-07-13 00:00:00+00:00,KO,lightgbm_quantile,sentiment,40,log_return,60.34999847412109,59.64006546074579,0.7099330133752986,0.7099330133752986
2023-07-14 00:00:00+00:00,KO,lightgbm_quantile,sentiment,40,log_return,60.900001525878906,60.18019044609543,0.7198110797834758,0.7198110797834758
2023-07-17 00:00:00+00:00,KO,lightgbm_quantile,sentiment,40,log_return,60.810001373291016,60.74796695072799,0.062034422563023384,0.062034422563023384
2023-07-18 00:00:00+00:00,KO,lightgbm_quantile,sentiment,40,log_return,60.56999969482422,60.555694259023355,0.014305435800864075,0.014305435800864075
2023-07-19 00:00:00+00:00,KO,lightgbm_quantile,sentiment,40,log_return,61.63999938964844,60.2499625302525,1.3900368593959342,1.3900368593959342
2023-07-20 00:00:00+00:00,KO,lightgbm_quantile,sentiment,40,log_return,62.38999938964844,61.4328302653351,0.9571691243133387,0.9571691243133387
2023-07-21 00:00:00+00:00,KO,lightgbm_quantile,sentiment,40,log_return,62.43999862670898,62.2253123253061,0.21468630140287814,0.21468630140287814
2023-07-24 00:00:00+00:00,KO,lightgbm_quantile,sentiment,40,log_return,62.459999084472656,62.20647098490871,0.25352809956394395,0.25352809956394395
2023-07-25 00:00:00+00:00,KO,lightgbm_quantile,sentiment,40,log_return,62.25,62.28420184886444,-0.03420184886444133,0.03420184886444133
2023-07-26 00:00:00+00:00,KO,lightgbm_quantile,sentiment,40,log_return,63.04999923706055,62.02750000200545,1.0224992350550934,1.0224992350550934
2023-07-27 00:00:00+00:00,KO,lightgbm_quantile,sentiment,40,log_return,62.43999862670898,62.88408801072668,-0.44408938401770115,0.44408938401770115
2023-07-28 00:00:00+00:00,KO,lightgbm_quantile,sentiment,40,log_return,62.47999954223633,62.295951845752384,0.18404769648394392,0.18404769648394392
2023-07-31 00:00:00+00:00,KO,lightgbm_quantile,sentiment,40,log_return,61.93000030517578,62.28900752319457,-0.3590072180187889,0.3590072180187889
2023-08-01 00:00:00+00:00,KO,lightgbm_quantile,sentiment,40,log_return,61.77000045776367,61.65792504644325,0.11207541132041854,0.11207541132041854
2023-08-02 00:00:00+00:00,KO,lightgbm_quantile,sentiment,40,log_return,61.959999084472656,61.54745605320166,0.41254303127099945,0.41254303127099945
2023-08-03 00:00:00+00:00,KO,lightgbm_quantile,sentiment,40,log_return,61.63999938964844,61.77734072984727,-0.13734134019883015,0.13734134019883015
2023-08-04 00:00:00+00:00,KO,lightgbm_quantile,sentiment,40,log_return,60.709999084472656,61.48213245920406,-0.7721333747314034,0.7721333747314034
2023-08-07 00:00:00+00:00,KO,lightgbm_quantile,sentiment,40,log_return,61.18999862670898,60.50722737524861,0.6827712514603661,0.6827712514603661
2023-08-08 00:00:00+00:00,KO,lightgbm_quantile,sentiment,40,log_return,60.91999816894531,60.988863808983545,-0.06886564003823281,0.06886564003823281
2023-08-09 00:00:00+00:00,KO,lightgbm_quantile,sentiment,40,log_return,61.060001373291016,60.70423922251264,0.35576215077837503,0.35576215077837503
2023-08-10 00:00:00+00:00,KO,lightgbm_quantile,sentiment,40,log_return,60.91999816894531,60.7279129563404,0.1920852126049155,0.1920852126049155
2023-08-11 00:00:00+00:00,KO,lightgbm_quantile,sentiment,40,log_return,61.16999816894531,60.69268702180034,0.4773111471449738,0.4773111471449738
2023-08-14 00:00:00+00:00,KO,lightgbm_quantile,sentiment,40,log_return,60.880001068115234,60.93817647030604,-0.058175402190805414,0.058175402190805414
2023-08-15 00:00:00+00:00,KO,lightgbm_quantile,sentiment,40,log_return,60.470001220703125,60.59188547990315,-0.12188425920002288,0.12188425920002288
2023-08-16 00:00:00+00:00,KO,lightgbm_quantile,sentiment,40,log_return,60.47999954223633,60.25831205576873,0.2216874864676015,0.2216874864676015
2023-08-17 00:00:00+00:00,KO,lightgbm_quantile,sentiment,40,log_return,60.61000061035156,60.214670701558106,0.39532990879345675,0.39532990879345675
2023-08-18 00:00:00+00:00,KO,lightgbm_quantile,sentiment,40,log_return,60.95000076293945,60.35128781959395,0.5987129433455038,0.5987129433455038
2023-08-21 00:00:00+00:00,KO,lightgbm_quantile,sentiment,40,log_return,60.43000030517578,60.6943631097602,-0.2643628045844153,0.2643628045844153
2023-08-22 00:00:00+00:00,KO,lightgbm_quantile,sentiment,40,log_return,60.060001373291016,60.17724600307474,-0.11724462978372685,0.11724462978372685
2023-08-23 00:00:00+00:00,KO,lightgbm_quantile,sentiment,40,log_return,60.27000045776367,59.80490831373217,0.4650921440315017,0.4650921440315017
2023-08-24 00:00:00+00:00,KO,lightgbm_quantile,sentiment,40,log_return,60.11000061035156,60.044608203852796,0.06539240649876632,0.06539240649876632
2023-08-25 00:00:00+00:00,KO,lightgbm_quantile,sentiment,40,log_return,60.38999938964844,59.948631509751,0.44136787989743453,0.44136787989743453
2023-08-28 00:00:00+00:00,KO,lightgbm_quantile,sentiment,40,log_return,60.560001373291016,60.12275943554713,0.43724193774388453,0.43724193774388453
2023-08-29 00:00:00+00:00,KO,lightgbm_quantile,sentiment,40,log_return,60.5,60.37628407066823,0.12371592933177311,0.12371592933177311
2023-08-30 00:00:00+00:00,KO,lightgbm_quantile,sentiment,40,log_return,60.470001220703125,60.2429505774868,0.22705064321632307,0.22705064321632307
2023-08-31 00:00:00+00:00,KO,lightgbm_quantile,sentiment,40,log_return,59.83000183105469,60.29287602033616,-0.4628741892814716,0.4628741892814716
2023-09-01 00:00:00+00:00,KO,lightgbm_quantile,sentiment,40,log_return,59.310001373291016,59.639985099901075,-0.3299837266100596,0.3299837266100596
2023-09-05 00:00:00+00:00,KO,lightgbm_quantile,sentiment,40,log_return,58.81999969482422,59.19329584552077,-0.37329615069655375,0.37329615069655375
2023-09-06 00:00:00+00:00,KO,lightgbm_quantile,sentiment,40,log_return,58.77999877929688,58.71433099019497,0.06566778910190862,0.06566778910190862
2023-09-07 00:00:00+00:00,KO,lightgbm_quantile,sentiment,40,log_return,58.33000183105469,58.62614861145194,-0.29614678039725106,0.29614678039725106
2023-09-08 00:00:00+00:00,KO,lightgbm_quantile,sentiment,40,log_return,58.33000183105469,58.28091660789525,0.04908522315943742,0.04908522315943742
2023-09-11 00:00:00+00:00,KO,lightgbm_quantile,sentiment,40,log_return,58.880001068115234,58.10634440986456,0.7736566582506725,0.7736566582506725
2023-09-12 00:00:00+00:00,KO,lightgbm_quantile,sentiment,40,log_return,58.29999923706055,58.672279419807765,-0.3722801827472182,0.3722801827472182
2023-09-13 00:00:00+00:00,KO,lightgbm_quantile,sentiment,40,log_return,58.43999862670898,58.12900553854637,0.3109930881626042,0.3109930881626042
2023-09-14 00:00:00+00:00,KO,lightgbm_quantile,sentiment,40,log_return,58.459999084472656,58.276966720975615,0.18303236349704122,0.18303236349704122
2023-09-15 00:00:00+00:00,KO,lightgbm_quantile,sentiment,40,log_return,57.93999862670898,58.30816891591917,-0.368170289210191,0.368170289210191
2023-09-18 00:00:00+00:00,KO,lightgbm_quantile,sentiment,40,log_return,58.29999923706055,57.82857754681319,0.4714216902473538,0.4714216902473538
2023-09-19 00:00:00+00:00,KO,lightgbm_quantile,sentiment,40,log_return,58.18000030517578,58.13726894070031,0.04273136447547188,0.04273136447547188
2023-09-20 00:00:00+00:00,KO,lightgbm_quantile,sentiment,40,log_return,58.43999862670898,58.02390112474899,0.41609750195998885,0.41609750195998885
2023-09-21 00:00:00+00:00,KO,lightgbm_quantile,sentiment,40,log_return,57.540000915527344,58.26307020477061,-0.7230692892432629,0.7230692892432629
2023-09-22 00:00:00+00:00,KO,lightgbm_quantile,sentiment,40,log_return,57.59999847412109,57.37562749268016,0.22437098144092715,0.22437098144092715
2023-09-25 00:00:00+00:00,KO,lightgbm_quantile,sentiment,40,log_return,57.0,57.45307941567316,-0.4530794156731588,0.4530794156731588
2023-09-26 00:00:00+00:00,KO,lightgbm_quantile,sentiment,40,log_return,56.52999877929688,56.84807127016294,-0.31807249086605793,0.31807249086605793
2023-09-27 00:00:00+00:00,KO,lightgbm_quantile,sentiment,40,log_return,55.95000076293945,56.38557915410124,-0.43557839116178343,0.43557839116178343
2023-09-28 00:00:00+00:00,KO,lightgbm_quantile,sentiment,40,log_return,55.810001373291016,55.828246132077815,-0.018244758786799764,0.018244758786799764
2023-09-29 00:00:00+00:00,KO,lightgbm_quantile,sentiment,40,log_return,55.97999954223633,55.67642203518222,0.3035775070541078,0.3035775070541078
2023-10-02 00:00:00+00:00,KO,lightgbm_quantile,sentiment,40,log_return,55.47999954223633,55.864420952373095,-0.3844214101367669,0.3844214101367669
2023-10-03 00:00:00+00:00,KO,lightgbm_quantile,sentiment,40,log_return,54.880001068115234,55.33137564476461,-0.4513745766493784,0.4513745766493784
2023-10-04 00:00:00+00:00,KO,lightgbm_quantile,sentiment,40,log_return,55.040000915527344,54.735400912531844,0.3046000029954996,0.3046000029954996
2023-10-05 00:00:00+00:00,KO,lightgbm_quantile,sentiment,40,log_return,52.380001068115234,54.909430778496926,-2.5294297103816916,2.5294297103816916
2023-10-06 00:00:00+00:00,KO,lightgbm_quantile,sentiment,40,log_return,53.13999938964844,52.2312500248391,0.9087493648093385,0.9087493648093385
2023-10-09 00:00:00+00:00,KO,lightgbm_quantile,sentiment,40,log_return,52.880001068115234,52.9173166566304,-0.037315588515163256,0.037315588515163256
2023-10-10 00:00:00+00:00,KO,lightgbm_quantile,sentiment,40,log_return,54.02999877929688,52.642055559045836,1.3879432202510458,1.3879432202510458
2023-10-11 00:00:00+00:00,KO,lightgbm_quantile,sentiment,40,log_return,53.709999084472656,53.88478752210148,-0.1747884376288269,0.1747884376288269
2023-10-12 00:00:00+00:00,KO,lightgbm_quantile,sentiment,40,log_return,52.810001373291016,53.5077578337255,-0.6977564604344835,0.6977564604344835
2023-10-13 00:00:00+00:00,KO,lightgbm_quantile,sentiment,40,log_return,52.88999938964844,52.521920032828454,0.36807935681998316,0.36807935681998316
2023-10-16 00:00:00+00:00,KO,lightgbm_quantile,sentiment,40,log_return,53.43000030517578,52.74960859689206,0.6803917082837216,0.6803917082837216
2023-10-17 00:00:00+00:00,KO,lightgbm_quantile,sentiment,40,log_return,54.06999969482422,53.33455620522971,0.735443489594509,0.735443489594509
2023-10-18 00:00:00+00:00,KO,lightgbm_quantile,sentiment,40,log_return,54.04999923706055,53.951510242568034,0.09848899449251292,0.09848899449251292
2023-10-19 00:00:00+00:00,KO,lightgbm_quantile,sentiment,40,log_return,54.34999847412109,53.99512805580487,0.35487041831621724,0.35487041831621724
2023-10-20 00:00:00+00:00,KO,lightgbm_quantile,sentiment,40,log_return,54.56999969482422,54.348262030067275,0.2217376647569438,0.2217376647569438
2023-10-23 00:00:00+00:00,KO,lightgbm_quantile,sentiment,40,log_return,54.08000183105469,54.50947357859645,-0.4294717475417613,0.4294717475417613
2023-10-24 00:00:00+00:00,KO,lightgbm_quantile,sentiment,40,log_return,55.63999938964844,54.01925844091655,1.6207409487318856,1.6207409487318856
2023-10-25 00:00:00+00:00,KO,lightgbm_quantile,sentiment,40,log_return,56.119998931884766,55.52086739798113,0.5991315339036376,0.5991315339036376
2023-10-26 00:00:00+00:00,KO,lightgbm_quantile,sentiment,40,log_return,55.77999877929688,55.956539386043005,-0.17654060674612282,0.17654060674612282
2023-10-27 00:00:00+00:00,KO,lightgbm_quantile,sentiment,40,log_return,55.2400016784668,55.752020178211104,-0.5120184997443076,0.5120184997443076
2023-10-30 00:00:00+00:00,KO,lightgbm_quantile,sentiment,40,log_return,56.150001525878906,55.15676626339013,0.9932352624887741,0.9932352624887741
2023-10-31 00:00:00+00:00,KO,lightgbm_quantile,sentiment,40,log_return,56.4900016784668,56.055033533037175,0.4349681454296217,0.4349681454296217
2023-11-01 00:00:00+00:00,KO,lightgbm_quantile,sentiment,40,log_return,56.43999862670898,56.26242512669089,0.17757350001808447,0.17757350001808447
2023-11-02 00:00:00+00:00,KO,lightgbm_quantile,sentiment,40,log_return,57.09000015258789,56.39493048751189,0.695069665075998,0.695069665075998
2023-11-03 00:00:00+00:00,KO,lightgbm_quantile,sentiment,40,log_return,56.7400016784668,57.02115179258422,-0.2811501141174233,0.2811501141174233
2023-11-06 00:00:00+00:00,KO,lightgbm_quantile,sentiment,40,log_return,56.970001220703125,56.64418167059285,0.32581955011027475,0.32581955011027475
2023-11-07 00:00:00+00:00,KO,lightgbm_quantile,sentiment,40,log_return,57.18000030517578,56.89429655969762,0.285703745478159,0.285703745478159
2023-11-08 00:00:00+00:00,KO,lightgbm_quantile,sentiment,40,log_return,57.09000015258789,57.070921526349714,0.019078626238176355,0.019078626238176355
2023-11-09 00:00:00+00:00,KO,lightgbm_quantile,sentiment,40,log_return,56.65999984741211,57.03772867125639,-0.3777288238442793,0.3777288238442793
2023-11-10 00:00:00+00:00,KO,lightgbm_quantile,sentiment,40,log_return,56.720001220703125,56.591539264501165,0.12846195620196,0.12846195620196
2023-11-13 00:00:00+00:00,KO,lightgbm_quantile,sentiment,40,log_return,56.93000030517578,56.61022861560086,0.31977168957492097,0.31977168957492097
2023-11-14 00:00:00+00:00,KO,lightgbm_quantile,sentiment,40,log_return,57.09999847412109,56.796892613418365,0.30310586070272194,0.30310586070272194
2023-11-15 00:00:00+00:00,KO,lightgbm_quantile,sentiment,40,log_return,57.209999084472656,57.031160298956564,0.178838785516092,0.178838785516092
2023-11-16 00:00:00+00:00,KO,lightgbm_quantile,sentiment,40,log_return,57.150001525878906,57.14217368245369,0.007827843425218362,0.007827843425218362
2023-11-17 00:00:00+00:00,KO,lightgbm_quantile,sentiment,40,log_return,57.2599983215332,57.04915363168084,0.21084468985236526,0.21084468985236526
2023-11-20 00:00:00+00:00,KO,lightgbm_quantile,sentiment,40,log_return,57.400001525878906,57.124895067237176,0.27510645864173,0.27510645864173
2023-11-21 00:00:00+00:00,KO,lightgbm_quantile,sentiment,40,log_return,58.02999877929688,57.24337887880599,0.7866199004908907,0.7866199004908907
2023-11-22 00:00:00+00:00,KO,lightgbm_quantile,sentiment,40,log_return,58.41999816894531,57.92372468144799,0.49627348749731937,0.49627348749731937
2023-11-24 00:00:00+00:00,KO,lightgbm_quantile,sentiment,40,log_return,58.56999969482422,58.332577434632256,0.23742226019196266,0.23742226019196266
2023-11-27 00:00:00+00:00,KO,lightgbm_quantile,sentiment,40,log_return,58.459999084472656,58.479539129764994,-0.019540045292337993,0.019540045292337993
2023-11-28 00:00:00+00:00,KO,lightgbm_quantile,sentiment,40,log_return,58.58000183105469,58.3880415781509,0.19196025290379026,0.19196025290379026
2023-11-29 00:00:00+00:00,KO,lightgbm_quantile,sentiment,40,log_return,58.22999954223633,58.60598384511367,-0.37598430287734175,0.37598430287734175
2023-11-30 00:00:00+00:00,KO,lightgbm_quantile,sentiment,40,log_return,58.43999862670898,58.22422361661532,0.21577501009365818,0.21577501009365818
2023-12-01 00:00:00+00:00,KO,lightgbm_quantile,sentiment,40,log_return,58.63999938964844,58.40131683026105,0.23868255938738514,0.23868255938738514
2023-12-04 00:00:00+00:00,KO,lightgbm_quantile,sentiment,40,log_return,58.56999969482422,58.47673016366409,0.09326953116013215,0.09326953116013215
2023-12-05 00:00:00+00:00,KO,lightgbm_quantile,sentiment,40,log_return,58.65999984741211,58.5300479044813,0.12995194293080914,0.12995194293080914
2023-12-06 00:00:00+00:00,KO,lightgbm_quantile,sentiment,40,log_return,58.59999847412109,58.67110247011897,-0.07110399599788053,0.07110399599788053
2023-12-07 00:00:00+00:00,KO,lightgbm_quantile,sentiment,40,log_return,58.7400016784668,58.67914414218356,0.06085753628323687,0.06085753628323687
2023-12-08 00:00:00+00:00,KO,lightgbm_quantile,sentiment,40,log_return,58.61000061035156,58.67899890151618,-0.06899829116461831,0.06899829116461831
2023-12-11 00:00:00+00:00,KO,lightgbm_quantile,sentiment,40,log_return,59.040000915527344,58.57012102647379,0.4698798890535514,0.4698798890535514
2023-12-12 00:00:00+00:00,KO,lightgbm_quantile,sentiment,40,log_return,59.41999816894531,59.02865237675077,0.39134579219454224,0.39134579219454224
2023-12-13 00:00:00+00:00,KO,lightgbm_quantile,sentiment,40,log_return,59.93000030517578,59.45983762119072,0.470162683985059,0.470162683985059
2023-12-14 00:00:00+00:00,KO,lightgbm_quantile,sentiment,40,log_return,59.040000915527344,59.86955907042256,-0.8295581548952171,0.8295581548952171
2023-12-15 00:00:00+00:00,KO,lightgbm_quantile,sentiment,40,log_return,58.59999847412109,58.9197909824007,-0.3197925082796118,0.3197925082796118
