Date,Stock,Model,Mode,Lag_Count,Target_Transform,Actual,Predicted,Residual,Absolute_Error
2021-03-09 00:00:00+00:00,ORCL,lightgbm_quantile,nonsentiment,40,log_return,72.63999938964844,72.43817578081719,0.20182360883124772,0.20182360883124772
2021-03-10 00:00:00+00:00,ORCL,lightgbm_quantile,nonsentiment,40,log_return,72.12000274658203,72.8492780704961,-0.7292753239140666,0.7292753239140666
2021-03-11 00:00:00+00:00,ORCL,lightgbm_quantile,nonsentiment,40,log_return,67.41000366210938,72.44687377034653,-5.036870108237153,5.036870108237153
2021-03-12 00:00:00+00:00,ORCL,lightgbm_quantile,nonsentiment,40,log_return,67.16000366210938,67.59975627868315,-0.4397526165737702,0.4397526165737702
2021-03-15 00:00:00+00:00,ORCL,lightgbm_quantile,nonsentiment,40,log_return,67.7300033569336,67.32321384815441,0.40678950877918396,0.40678950877918396
2021-03-16 00:00:00+00:00,ORCL,lightgbm_quantile,nonsentiment,40,log_return,66.8499984741211,67.94815054166015,-1.0981520675390612,1.0981520675390612
2021-03-17 00:00:00+00:00,ORCL,lightgbm_quantile,nonsentiment,40,log_return,66.22000122070312,66.95323696147476,-0.733235740771633,0.733235740771633
2021-03-18 00:00:00+00:00,ORCL,lightgbm_quantile,nonsentiment,40,log_return,66.73999786376953,66.55180200428268,0.18819585948685358,0.18819585948685358
2021-03-19 00:00:00+00:00,ORCL,lightgbm_quantile,nonsentiment,40,log_return,66.26000213623047,67.08418076655401,-0.8241786303235443,0.8241786303235443
2021-03-22 00:00:00+00:00,ORCL,lightgbm_quantile,nonsentiment,40,log_return,66.31999969482422,66.43920155583723,-0.11920186101301056,0.11920186101301056
2021-03-23 00:00:00+00:00,ORCL,lightgbm_quantile,nonsentiment,40,log_return,67.2699966430664,66.55595651042015,0.7140401326462609,0.7140401326462609
2021-03-24 00:00:00+00:00,ORCL,lightgbm_quantile,nonsentiment,40,log_return,66.83000183105469,67.38861193149711,-0.5586101004424222,0.5586101004424222
2021-03-25 00:00:00+00:00,ORCL,lightgbm_quantile,nonsentiment,40,log_return,68.62999725341797,67.05605534740316,1.5739419060148094,1.5739419060148094
2021-03-26 00:00:00+00:00,ORCL,lightgbm_quantile,nonsentiment,40,log_return,70.25,68.86441083624791,1.385589163752087,1.385589163752087
2021-03-29 00:00:00+00:00,ORCL,lightgbm_quantile,nonsentiment,40,log_return,71.12999725341797,70.47587516582401,0.6541220875939615,0.6541220875939615
2021-03-30 00:00:00+00:00,ORCL,lightgbm_quantile,nonsentiment,40,log_return,70.55000305175781,71.32117466634678,-0.7711716145889653,0.7711716145889653
2021-03-31 00:00:00+00:00,ORCL,lightgbm_quantile,nonsentiment,40,log_return,70.16999816894531,70.8914325182464,-0.7214343493010915,0.7214343493010915
2021-04-01 00:00:00+00:00,ORCL,lightgbm_quantile,nonsentiment,40,log_return,71.80999755859375,70.38594399591555,1.4240535626781963,1.4240535626781963
2021-04-05 00:00:00+00:00,ORCL,lightgbm_quantile,nonsentiment,40,log_return,74.16000366210938,71.93455888627435,2.2254447758350295,2.2254447758350295
2021-04-06 00:00:00+00:00,ORCL,lightgbm_quantile,nonsentiment,40,log_return,74.27999877929688,74.4760598574496,-0.19606107815272367,0.19606107815272367
2021-04-07 00:00:00+00:00,ORCL,lightgbm_quantile,nonsentiment,40,log_return,74.06999969482422,74.50151836620087,-0.4315186713766508,0.4315186713766508
2021-04-08 00:00:00+00:00,ORCL,lightgbm_quantile,nonsentiment,40,log_return,75.27999877929688,74.21523231468778,1.064766464609093,1.064766464609093
2021-04-09 00:00:00+00:00,ORCL,lightgbm_quantile,nonsentiment,40,log_return,75.58000183105469,75.43225151433809,0.14775031671659633,0.14775031671659633
2021-04-12 00:00:00+00:00,ORCL,lightgbm_quantile,nonsentiment,40,log_return,76.12000274658203,75.8052766161963,0.31472613038573627,0.31472613038573627
2021-04-13 00:00:00+00:00,ORCL,lightgbm_quantile,nonsentiment,40,log_return,76.66999816894531,76.34617446433892,0.3238237046063972,0.3238237046063972
2021-04-14 00:00:00+00:00,ORCL,lightgbm_quantile,nonsentiment,40,log_return,76.81999969482422,76.64166481791813,0.17833487690609218,0.17833487690609218
2021-04-15 00:00:00+00:00,ORCL,lightgbm_quantile,nonsentiment,40,log_return,78.29000091552734,77.02900789164313,1.260993023884211,1.260993023884211
2021-04-16 00:00:00+00:00,ORCL,lightgbm_quantile,nonsentiment,40,log_return,78.94999694824219,78.43185093777961,0.5181460104625728,0.5181460104625728
2021-04-19 00:00:00+00:00,ORCL,lightgbm_quantile,nonsentiment,40,log_return,78.75,79.2311312611924,-0.48113126119240235,0.48113126119240235
2021-04-20 00:00:00+00:00,ORCL,lightgbm_quantile,nonsentiment,40,log_return,79.23999786376953,78.98105890986896,0.258938953900568,0.258938953900568
2021-04-21 00:00:00+00:00,ORCL,lightgbm_quantile,nonsentiment,40,log_return,76.66000366210938,79.43230900754811,-2.7723053454387383,2.7723053454387383
2021-04-22 00:00:00+00:00,ORCL,lightgbm_quantile,nonsentiment,40,log_return,74.87000274658203,76.8174729444895,-1.9474701979074638,1.9474701979074638
2021-04-23 00:00:00+00:00,ORCL,lightgbm_quantile,nonsentiment,40,log_return,74.97000122070312,74.9858400262703,-0.015838805567170766,0.015838805567170766
2021-04-26 00:00:00+00:00,ORCL,lightgbm_quantile,nonsentiment,40,log_return,74.5,75.1252521755568,-0.6252521755567955,0.6252521755567955
2021-04-27 00:00:00+00:00,ORCL,lightgbm_quantile,nonsentiment,40,log_return,75.22000122070312,74.66210573913543,0.557895481567698,0.557895481567698
2021-04-28 00:00:00+00:00,ORCL,lightgbm_quantile,nonsentiment,40,log_return,74.7699966430664,75.27104528955715,-0.5010486464907444,0.5010486464907444
2021-04-29 00:00:00+00:00,ORCL,lightgbm_quantile,nonsentiment,40,log_return,75.87000274658203,74.693415327985,1.1765874185970375,1.1765874185970375
2021-04-30 00:00:00+00:00,ORCL,lightgbm_quantile,nonsentiment,40,log_return,75.79000091552734,75.77962965557764,0.010371259949707223,0.010371259949707223
2021-05-03 00:00:00+00:00,ORCL,lightgbm_quantile,nonsentiment,40,log_return,77.33000183105469,75.82656982730458,1.503432003750106,1.503432003750106
2021-05-04 00:00:00+00:00,ORCL,lightgbm_quantile,nonsentiment,40,log_return,78.52999877929688,77.36476231877809,1.1652364605187842,1.1652364605187842
2021-05-05 00:00:00+00:00,ORCL,lightgbm_quantile,nonsentiment,40,log_return,79.19000244140625,78.73594997730214,0.4540524641041088,0.4540524641041088
2021-05-06 00:00:00+00:00,ORCL,lightgbm_quantile,nonsentiment,40,log_return,79.73999786376953,79.21534968877266,0.5246481749968694,0.5246481749968694
2021-05-07 00:00:00+00:00,ORCL,lightgbm_quantile,nonsentiment,40,log_return,80.4000015258789,79.97317358126091,0.42682794461799745,0.42682794461799745
2021-05-10 00:00:00+00:00,ORCL,lightgbm_quantile,nonsentiment,40,log_return,80.1500015258789,80.6279687177093,-0.4779671918303876,0.4779671918303876
2021-05-11 00:00:00+00:00,ORCL,lightgbm_quantile,nonsentiment,40,log_return,77.69000244140625,80.3405611029611,-2.6505586615548538,2.6505586615548538
2021-05-12 00:00:00+00:00,ORCL,lightgbm_quantile,nonsentiment,40,log_return,76.75,77.95478333385644,-1.2047833338564402,1.2047833338564402
2021-05-13 00:00:00+00:00,ORCL,lightgbm_quantile,nonsentiment,40,log_return,78.13999938964844,76.98067564460666,1.1593237450417746,1.1593237450417746
2021-05-14 00:00:00+00:00,ORCL,lightgbm_quantile,nonsentiment,40,log_return,78.88999938964844,78.34097834779452,0.5490210418539192,0.5490210418539192
2021-05-17 00:00:00+00:00,ORCL,lightgbm_quantile,nonsentiment,40,log_return,79.08000183105469,79.17951778419163,-0.09951595313694384,0.09951595313694384
2021-05-18 00:00:00+00:00,ORCL,lightgbm_quantile,nonsentiment,40,log_return,78.69000244140625,79.04292296145519,-0.35292052004894003,0.35292052004894003
2021-05-19 00:00:00+00:00,ORCL,lightgbm_quantile,nonsentiment,40,log_return,78.73999786376953,78.5271469313425,0.21285093242703113,0.21285093242703113
2021-05-20 00:00:00+00:00,ORCL,lightgbm_quantile,nonsentiment,40,log_return,78.72000122070312,78.68962565530185,0.030375565401271842,0.030375565401271842
2021-05-21 00:00:00+00:00,ORCL,lightgbm_quantile,nonsentiment,40,log_return,79.02999877929688,78.77597484558221,0.25402393371466303,0.25402393371466303
2021-05-24 00:00:00+00:00,ORCL,lightgbm_quantile,nonsentiment,40,log_return,79.37999725341797,79.05705502456291,0.3229422288550552,0.3229422288550552
2021-05-25 00:00:00+00:00,ORCL,lightgbm_quantile,nonsentiment,40,log_return,78.83000183105469,79.35343400919793,-0.5234321781432385,0.5234321781432385
2021-05-26 00:00:00+00:00,ORCL,lightgbm_quantile,nonsentiment,40,log_return,79.26000213623047,78.76638929734294,0.49361283888752894,0.49361283888752894
2021-05-27 00:00:00+00:00,ORCL,lightgbm_quantile,nonsentiment,40,log_return,78.9800033569336,79.49823904092419,-0.5182356839905964,0.5182356839905964
2021-05-28 00:00:00+00:00,ORCL,lightgbm_quantile,nonsentiment,40,log_return,78.73999786376953,79.20797268648684,-0.4679748227173093,0.4679748227173093
2021-06-01 00:00:00+00:00,ORCL,lightgbm_quantile,nonsentiment,40,log_return,79.56999969482422,78.82097039714472,0.749029297679499,0.749029297679499
2021-06-02 00:00:00+00:00,ORCL,lightgbm_quantile,nonsentiment,40,log_return,80.2699966430664,79.60444794740836,0.6655486956580461,0.6655486956580461
2021-06-03 00:00:00+00:00,ORCL,lightgbm_quantile,nonsentiment,40,log_return,81.08999633789062,80.31453662793324,0.7754597099573886,0.7754597099573886
2021-06-04 00:00:00+00:00,ORCL,lightgbm_quantile,nonsentiment,40,log_return,82.88999938964844,81.17564049199014,1.7143588976583004,1.7143588976583004
2021-06-07 00:00:00+00:00,ORCL,lightgbm_quantile,nonsentiment,40,log_return,83.94000244140625,83.27645468947756,0.6635477519286894,0.6635477519286894
2021-06-08 00:00:00+00:00,ORCL,lightgbm_quantile,nonsentiment,40,log_return,84.61000061035156,84.15454688917595,0.45545372117561556,0.45545372117561556
2021-06-09 00:00:00+00:00,ORCL,lightgbm_quantile,nonsentiment,40,log_return,84.5199966430664,84.7272102232355,-0.2072135801690962,0.2072135801690962
2021-06-10 00:00:00+00:00,ORCL,lightgbm_quantile,nonsentiment,40,log_return,82.30000305175781,84.67476131813183,-2.374758266374016,2.374758266374016
2021-06-11 00:00:00+00:00,ORCL,lightgbm_quantile,nonsentiment,40,log_return,82.9000015258789,82.46552879052916,0.4344727353497433,0.4344727353497433
2021-06-14 00:00:00+00:00,ORCL,lightgbm_quantile,nonsentiment,40,log_return,82.62000274658203,83.175194130002,-0.5551913834199667,0.5551913834199667
2021-06-15 00:00:00+00:00,ORCL,lightgbm_quantile,nonsentiment,40,log_return,81.63999938964844,82.92651473293056,-1.2865153432821188,1.2865153432821188
2021-06-16 00:00:00+00:00,ORCL,lightgbm_quantile,nonsentiment,40,log_return,77.08000183105469,81.74094030680776,-4.6609384757530705,4.6609384757530705
2021-06-17 00:00:00+00:00,ORCL,lightgbm_quantile,nonsentiment,40,log_return,77.55999755859375,77.26918871159576,0.29080884699799014,0.29080884699799014
2021-06-18 00:00:00+00:00,ORCL,lightgbm_quantile,nonsentiment,40,log_return,76.2300033569336,77.68722657074939,-1.4572232138157943,1.4572232138157943
2021-06-21 00:00:00+00:00,ORCL,lightgbm_quantile,nonsentiment,40,log_return,77.98999786376953,76.37894263596952,1.6110552278000085,1.6110552278000085
2021-06-22 00:00:00+00:00,ORCL,lightgbm_quantile,nonsentiment,40,log_return,78.68000030517578,78.19129378223944,0.4887065229363401,0.4887065229363401
2021-06-23 00:00:00+00:00,ORCL,lightgbm_quantile,nonsentiment,40,log_return,78.0999984741211,78.79150201453284,-0.6915035404117447,0.6915035404117447
2021-06-24 00:00:00+00:00,ORCL,lightgbm_quantile,nonsentiment,40,log_return,77.73999786376953,78.1955535419338,-0.45555567816427356,0.45555567816427356
2021-06-25 00:00:00+00:00,ORCL,lightgbm_quantile,nonsentiment,40,log_return,78.45999908447266,77.87396114153138,0.5860379429412745,0.5860379429412745
2021-06-28 00:00:00+00:00,ORCL,lightgbm_quantile,nonsentiment,40,log_return,78.5,78.59542215821145,-0.0954221582114485,0.0954221582114485
2021-06-29 00:00:00+00:00,ORCL,lightgbm_quantile,nonsentiment,40,log_return,78.0999984741211,78.43321965848818,-0.3332211843670905,0.3332211843670905
2021-06-30 00:00:00+00:00,ORCL,lightgbm_quantile,nonsentiment,40,log_return,77.83999633789062,77.91313259682099,-0.07313625893036146,0.07313625893036146
2021-07-01 00:00:00+00:00,ORCL,lightgbm_quantile,nonsentiment,40,log_return,79.54000091552734,77.6811406004602,1.8588603150671474,1.8588603150671474
2021-07-02 00:00:00+00:00,ORCL,lightgbm_quantile,nonsentiment,40,log_return,81.81999969482422,79.52479690762324,2.295202787200978,2.295202787200978
2021-07-06 00:00:00+00:00,ORCL,lightgbm_quantile,nonsentiment,40,log_return,83.08000183105469,82.04832191215407,1.0316799189006218,1.0316799189006218
2021-07-07 00:00:00+00:00,ORCL,lightgbm_quantile,nonsentiment,40,log_return,86.08999633789062,83.27724839550065,2.8127479423899757,2.8127479423899757
2021-07-08 00:00:00+00:00,ORCL,lightgbm_quantile,nonsentiment,40,log_return,85.58999633789062,86.29986522011511,-0.7098688822244839,0.7098688822244839
2021-07-09 00:00:00+00:00,ORCL,lightgbm_quantile,nonsentiment,40,log_return,87.76000213623047,85.94728136850016,1.8127207677303119,1.8127207677303119
2021-07-12 00:00:00+00:00,ORCL,lightgbm_quantile,nonsentiment,40,log_return,87.08000183105469,88.0522652148833,-0.9722633838286185,0.9722633838286185
2021-07-13 00:00:00+00:00,ORCL,lightgbm_quantile,nonsentiment,40,log_return,87.06999969482422,87.45089715690374,-0.3808974620795169,0.3808974620795169
2021-07-14 00:00:00+00:00,ORCL,lightgbm_quantile,nonsentiment,40,log_return,88.27999877929688,87.42969062276164,0.8503081565352346,0.8503081565352346
2021-07-15 00:00:00+00:00,ORCL,lightgbm_quantile,nonsentiment,40,log_return,86.23999786376953,88.59132800690027,-2.3513301431307383,2.3513301431307383
2021-07-16 00:00:00+00:00,ORCL,lightgbm_quantile,nonsentiment,40,log_return,87.48999786376953,86.5351751337183,0.9548227300512337,0.9548227300512337
2021-07-19 00:00:00+00:00,ORCL,lightgbm_quantile,nonsentiment,40,log_return,86.9800033569336,87.9085099563668,-0.9285065994332058,0.9285065994332058
2021-07-20 00:00:00+00:00,ORCL,lightgbm_quantile,nonsentiment,40,log_return,88.66000366210938,87.05898257986343,1.6010210822459499,1.6010210822459499
2021-07-21 00:00:00+00:00,ORCL,lightgbm_quantile,nonsentiment,40,log_return,89.69000244140625,88.81745066504946,0.8725517763567865,0.8725517763567865
2021-07-22 00:00:00+00:00,ORCL,lightgbm_quantile,nonsentiment,40,log_return,90.69000244140624,89.9165522230701,0.7734502183361371,0.7734502183361371
2021-07-23 00:00:00+00:00,ORCL,lightgbm_quantile,nonsentiment,40,log_return,87.69000244140625,90.94093117843563,-3.2509287370293833,3.2509287370293833
2021-07-26 00:00:00+00:00,ORCL,lightgbm_quantile,nonsentiment,40,log_return,87.86000061035156,87.95096472201621,-0.09096411166464691,0.09096411166464691
2021-07-27 00:00:00+00:00,ORCL,lightgbm_quantile,nonsentiment,40,log_return,87.80000305175781,88.17747842582352,-0.3774753740657104,0.3774753740657104
2021-07-28 00:00:00+00:00,ORCL,lightgbm_quantile,nonsentiment,40,log_return,87.18000030517578,88.08550536052752,-0.905505055351739,0.905505055351739
2021-07-29 00:00:00+00:00,ORCL,lightgbm_quantile,nonsentiment,40,log_return,87.62999725341797,87.29184353355633,0.3381537198616371,0.3381537198616371
2021-07-30 00:00:00+00:00,ORCL,lightgbm_quantile,nonsentiment,40,log_return,87.13999938964844,87.39233378437534,-0.2523343947269012,0.2523343947269012
2021-08-02 00:00:00+00:00,ORCL,lightgbm_quantile,nonsentiment,40,log_return,87.5999984741211,87.14283300463848,0.45716546948261794,0.45716546948261794
2021-08-03 00:00:00+00:00,ORCL,lightgbm_quantile,nonsentiment,40,log_return,89.73999786376953,87.48260705025228,2.2573908135172474,2.2573908135172474
2021-08-04 00:00:00+00:00,ORCL,lightgbm_quantile,nonsentiment,40,log_return,90.05000305175781,89.8490143886283,0.20098866312950747,0.20098866312950747
2021-08-05 00:00:00+00:00,ORCL,lightgbm_quantile,nonsentiment,40,log_return,89.43000030517578,89.84259540950251,-0.4125951043267264,0.4125951043267264
2021-08-06 00:00:00+00:00,ORCL,lightgbm_quantile,nonsentiment,40,log_return,89.5199966430664,89.49876634800226,0.02123029506414298,0.02123029506414298
2021-08-09 00:00:00+00:00,ORCL,lightgbm_quantile,nonsentiment,40,log_return,89.9000015258789,89.50549708791027,0.3945044379686351,0.3945044379686351
2021-08-10 00:00:00+00:00,ORCL,lightgbm_quantile,nonsentiment,40,log_return,89.63999938964844,89.58170314537375,0.05829624427468616,0.05829624427468616
2021-08-11 00:00:00+00:00,ORCL,lightgbm_quantile,nonsentiment,40,log_return,89.62999725341797,89.4879012255857,0.1420960278322667,0.1420960278322667
2021-08-12 00:00:00+00:00,ORCL,lightgbm_quantile,nonsentiment,40,log_return,89.80999755859375,89.62623618045015,0.1837613781436005,0.1837613781436005
2021-08-13 00:00:00+00:00,ORCL,lightgbm_quantile,nonsentiment,40,log_return,90.37999725341795,89.57238942007221,0.8076078333457417,0.8076078333457417
2021-08-16 00:00:00+00:00,ORCL,lightgbm_quantile,nonsentiment,40,log_return,90.81999969482422,90.31587906853575,0.5041206262884685,0.5041206262884685
2021-08-17 00:00:00+00:00,ORCL,lightgbm_quantile,nonsentiment,40,log_return,90.9499969482422,90.62666999305726,0.3233269551849389,0.3233269551849389
2021-08-18 00:00:00+00:00,ORCL,lightgbm_quantile,nonsentiment,40,log_return,88.94000244140625,90.93445672794263,-1.9944542865363815,1.9944542865363815
2021-08-19 00:00:00+00:00,ORCL,lightgbm_quantile,nonsentiment,40,log_return,88.70999908447266,88.90884316008496,-0.19884407561229978,0.19884407561229978
2021-08-20 00:00:00+00:00,ORCL,lightgbm_quantile,nonsentiment,40,log_return,88.94000244140625,88.87447062412855,0.06553181727770152,0.06553181727770152
2021-08-23 00:00:00+00:00,ORCL,lightgbm_quantile,nonsentiment,40,log_return,89.12000274658203,89.1415247829491,-0.021522036367073838,0.021522036367073838
2021-08-24 00:00:00+00:00,ORCL,lightgbm_quantile,nonsentiment,40,log_return,88.55000305175781,89.35228187878408,-0.8022788270262708,0.8022788270262708
2021-08-25 00:00:00+00:00,ORCL,lightgbm_quantile,nonsentiment,40,log_return,88.62000274658203,88.54398828140101,0.07601446518101795,0.07601446518101795
2021-08-26 00:00:00+00:00,ORCL,lightgbm_quantile,nonsentiment,40,log_return,88.72000122070312,88.42799543334601,0.29200578735711247,0.29200578735711247
2021-08-27 00:00:00+00:00,ORCL,lightgbm_quantile,nonsentiment,40,log_return,89.3499984741211,89.0136632976143,0.33633517650679323,0.33633517650679323
2021-08-30 00:00:00+00:00,ORCL,lightgbm_quantile,nonsentiment,40,log_return,89.44999694824219,89.03162972774632,0.41836722049586683,0.41836722049586683
2021-08-31 00:00:00+00:00,ORCL,lightgbm_quantile,nonsentiment,40,log_return,89.12999725341797,89.33152994503715,-0.2015326916191782,0.2015326916191782
2021-09-01 00:00:00+00:00,ORCL,lightgbm_quantile,nonsentiment,40,log_return,89.94999694824219,89.05583408426017,0.894162863982018,0.894162863982018
2021-09-02 00:00:00+00:00,ORCL,lightgbm_quantile,nonsentiment,40,log_return,89.80000305175781,89.68292467522099,0.11707837653682418,0.11707837653682418
2021-09-03 00:00:00+00:00,ORCL,lightgbm_quantile,nonsentiment,40,log_return,90.0,89.87238411222253,0.12761588777746624,0.12761588777746624
2021-09-07 00:00:00+00:00,ORCL,lightgbm_quantile,nonsentiment,40,log_return,88.72000122070312,90.26710610742687,-1.5471048867237442,1.5471048867237442
2021-09-08 00:00:00+00:00,ORCL,lightgbm_quantile,nonsentiment,40,log_return,89.47000122070312,88.9250146168201,0.544986603883018,0.544986603883018
2021-09-09 00:00:00+00:00,ORCL,lightgbm_quantile,nonsentiment,40,log_return,89.54000091552734,89.93882715250844,-0.398826236981094,0.398826236981094
2021-09-10 00:00:00+00:00,ORCL,lightgbm_quantile,nonsentiment,40,log_return,89.68000030517578,89.74725645125062,-0.06725614607483976,0.06725614607483976
2021-09-13 00:00:00+00:00,ORCL,lightgbm_quantile,nonsentiment,40,log_return,88.88999938964844,90.06886828532474,-1.1788688956763025,1.1788688956763025
2021-09-14 00:00:00+00:00,ORCL,lightgbm_quantile,nonsentiment,40,log_return,86.38999938964844,89.03267336408973,-2.642673974441294,2.642673974441294
2021-09-15 00:00:00+00:00,ORCL,lightgbm_quantile,nonsentiment,40,log_return,87.7300033569336,86.62220586283193,1.1077974941016606,1.1077974941016606
2021-09-16 00:00:00+00:00,ORCL,lightgbm_quantile,nonsentiment,40,log_return,87.25,87.70857082348167,-0.458570823481665,0.458570823481665
2021-09-17 00:00:00+00:00,ORCL,lightgbm_quantile,nonsentiment,40,log_return,86.38999938964844,87.55538985022517,-1.165390460576731,1.165390460576731
2021-09-20 00:00:00+00:00,ORCL,lightgbm_quantile,nonsentiment,40,log_return,86.16999816894531,86.3550192374379,-0.18502106849258837,0.18502106849258837
2021-09-21 00:00:00+00:00,ORCL,lightgbm_quantile,nonsentiment,40,log_return,86.91999816894531,86.18077238984914,0.7392257790961736,0.7392257790961736
2021-09-22 00:00:00+00:00,ORCL,lightgbm_quantile,nonsentiment,40,log_return,88.44000244140625,87.03933050967913,1.4006719317271177,1.4006719317271177
2021-09-23 00:00:00+00:00,ORCL,lightgbm_quantile,nonsentiment,40,log_return,89.41999816894531,88.72618080997863,0.6938173589666832,0.6938173589666832
2021-09-24 00:00:00+00:00,ORCL,lightgbm_quantile,nonsentiment,40,log_return,89.94000244140625,89.74808950575263,0.1919129356536189,0.1919129356536189
2021-09-27 00:00:00+00:00,ORCL,lightgbm_quantile,nonsentiment,40,log_return,91.04000091552734,89.97640226034792,1.063598655179419,1.063598655179419
2021-09-28 00:00:00+00:00,ORCL,lightgbm_quantile,nonsentiment,40,log_return,90.48999786376952,91.36811070616287,-0.8781128423933495,0.8781128423933495
2021-09-29 00:00:00+00:00,ORCL,lightgbm_quantile,nonsentiment,40,log_return,91.25,91.05844982526892,0.19155017473107705,0.19155017473107705
2021-09-30 00:00:00+00:00,ORCL,lightgbm_quantile,nonsentiment,40,log_return,87.12999725341797,91.50744476972758,-4.377447516309616,4.377447516309616
2021-10-01 00:00:00+00:00,ORCL,lightgbm_quantile,nonsentiment,40,log_return,89.73999786376953,87.40749900104674,2.3324988627227867,2.3324988627227867
2021-10-04 00:00:00+00:00,ORCL,lightgbm_quantile,nonsentiment,40,log_return,89.26000213623047,89.99620200759726,-0.736199871366793,0.736199871366793
2021-10-05 00:00:00+00:00,ORCL,lightgbm_quantile,nonsentiment,40,log_return,91.48999786376952,89.5622085028723,1.927789360897222,1.927789360897222
2021-10-06 00:00:00+00:00,ORCL,lightgbm_quantile,nonsentiment,40,log_return,91.33999633789062,91.68383520667606,-0.3438388687854399,0.3438388687854399
2021-10-07 00:00:00+00:00,ORCL,lightgbm_quantile,nonsentiment,40,log_return,92.30999755859376,91.49174885427092,0.8182487043228406,0.8182487043228406
2021-10-08 00:00:00+00:00,ORCL,lightgbm_quantile,nonsentiment,40,log_return,94.38999938964844,92.46056947969447,1.9294299099539671,1.9294299099539671
2021-10-11 00:00:00+00:00,ORCL,lightgbm_quantile,nonsentiment,40,log_return,95.29000091552734,94.57071928002854,0.7192816354988025,0.7192816354988025
2021-10-12 00:00:00+00:00,ORCL,lightgbm_quantile,nonsentiment,40,log_return,95.56999969482422,95.60451336070358,-0.03451366587935922,0.03451366587935922
2021-10-13 00:00:00+00:00,ORCL,lightgbm_quantile,nonsentiment,40,log_return,96.4000015258789,95.89330880222637,0.5066927236525345,0.5066927236525345
2021-10-14 00:00:00+00:00,ORCL,lightgbm_quantile,nonsentiment,40,log_return,95.27999877929688,96.62871524964227,-1.3487164703453942,1.3487164703453942
2021-10-15 00:00:00+00:00,ORCL,lightgbm_quantile,nonsentiment,40,log_return,95.33000183105467,95.39455739983629,-0.06455556878161417,0.06455556878161417
2021-10-18 00:00:00+00:00,ORCL,lightgbm_quantile,nonsentiment,40,log_return,96.51000213623048,95.48493938872393,1.0250627475065528,1.0250627475065528
2021-10-19 00:00:00+00:00,ORCL,lightgbm_quantile,nonsentiment,40,log_return,97.05999755859376,96.70524461976588,0.35475293882788606,0.35475293882788606
2021-10-20 00:00:00+00:00,ORCL,lightgbm_quantile,nonsentiment,40,log_return,96.63999938964844,96.84373157075706,-0.20373218110862013,0.20373218110862013
2021-10-21 00:00:00+00:00,ORCL,lightgbm_quantile,nonsentiment,40,log_return,96.3000030517578,96.47819120969014,-0.17818815793233966,0.17818815793233966
2021-10-22 00:00:00+00:00,ORCL,lightgbm_quantile,nonsentiment,40,log_return,98.25,95.79359877239169,2.4564012276083105,2.4564012276083105
2021-10-25 00:00:00+00:00,ORCL,lightgbm_quantile,nonsentiment,40,log_return,97.88999938964844,98.15321836266504,-0.26321897301660613,0.26321897301660613
2021-10-26 00:00:00+00:00,ORCL,lightgbm_quantile,nonsentiment,40,log_return,96.9800033569336,97.67354738328264,-0.6935440263490449,0.6935440263490449
2021-10-27 00:00:00+00:00,ORCL,lightgbm_quantile,nonsentiment,40,log_return,96.02999877929688,96.97112833062927,-0.941129551332395,0.941129551332395
2021-10-28 00:00:00+00:00,ORCL,lightgbm_quantile,nonsentiment,40,log_return,96.2300033569336,95.77268340181988,0.4573199551137179,0.4573199551137179
2021-10-29 00:00:00+00:00,ORCL,lightgbm_quantile,nonsentiment,40,log_return,95.94000244140624,96.03977702085226,-0.09977457944602008,0.09977457944602008
2021-11-01 00:00:00+00:00,ORCL,lightgbm_quantile,nonsentiment,40,log_return,94.37999725341795,95.82017015125102,-1.4401728978330652,1.4401728978330652
2021-11-02 00:00:00+00:00,ORCL,lightgbm_quantile,nonsentiment,40,log_return,95.87000274658205,94.35613624242195,1.5138665041600916,1.5138665041600916
2021-11-03 00:00:00+00:00,ORCL,lightgbm_quantile,nonsentiment,40,log_return,96.1500015258789,95.85045881745069,0.29954270842821984,0.29954270842821984
2021-11-04 00:00:00+00:00,ORCL,lightgbm_quantile,nonsentiment,40,log_return,95.62999725341795,95.92317261895604,-0.2931753655380902,0.2931753655380902
2021-11-05 00:00:00+00:00,ORCL,lightgbm_quantile,nonsentiment,40,log_return,94.9499969482422,95.48133077605787,-0.5313338278156721,0.5313338278156721
2021-11-08 00:00:00+00:00,ORCL,lightgbm_quantile,nonsentiment,40,log_return,95.13999938964844,94.7231678052643,0.41683158438414125,0.41683158438414125
2021-11-09 00:00:00+00:00,ORCL,lightgbm_quantile,nonsentiment,40,log_return,94.58999633789062,94.73145616038826,-0.14145982249763733,0.14145982249763733
2021-11-10 00:00:00+00:00,ORCL,lightgbm_quantile,nonsentiment,40,log_return,93.83000183105467,94.54842072814121,-0.7184188970865364,0.7184188970865364
2021-11-11 00:00:00+00:00,ORCL,lightgbm_quantile,nonsentiment,40,log_return,94.04000091552734,93.42245802865632,0.6175428868710213,0.6175428868710213
2021-11-12 00:00:00+00:00,ORCL,lightgbm_quantile,nonsentiment,40,log_return,93.54000091552734,93.91817607614988,-0.37817516062253276,0.37817516062253276
2021-11-15 00:00:00+00:00,ORCL,lightgbm_quantile,nonsentiment,40,log_return,94.0199966430664,93.25888054956827,0.7611160934981314,0.7611160934981314
2021-11-16 00:00:00+00:00,ORCL,lightgbm_quantile,nonsentiment,40,log_return,95.61000061035156,93.79395079622121,1.816049814130352,1.816049814130352
2021-11-17 00:00:00+00:00,ORCL,lightgbm_quantile,nonsentiment,40,log_return,95.33000183105467,95.83860404370058,-0.5086022126459113,0.5086022126459113
2021-11-18 00:00:00+00:00,ORCL,lightgbm_quantile,nonsentiment,40,log_return,94.66000366210938,95.12955596251042,-0.46955230040104823,0.46955230040104823
2021-11-19 00:00:00+00:00,ORCL,lightgbm_quantile,nonsentiment,40,log_return,93.97000122070312,94.67609425075794,-0.7060930300548165,0.7060930300548165
2021-11-22 00:00:00+00:00,ORCL,lightgbm_quantile,nonsentiment,40,log_return,94.61000061035156,93.94182832664934,0.6681722837022193,0.6681722837022193
2021-11-23 00:00:00+00:00,ORCL,lightgbm_quantile,nonsentiment,40,log_return,92.94000244140624,94.42635766722957,-1.4863552258233312,1.4863552258233312
2021-11-24 00:00:00+00:00,ORCL,lightgbm_quantile,nonsentiment,40,log_return,93.58000183105467,92.90721935090433,0.6727824801503459,0.6727824801503459
2021-11-26 00:00:00+00:00,ORCL,lightgbm_quantile,nonsentiment,40,log_return,92.33000183105467,93.768226635826,-1.4382248047713233,1.4382248047713233
2021-11-29 00:00:00+00:00,ORCL,lightgbm_quantile,nonsentiment,40,log_return,92.94000244140624,92.27138303904744,0.6686194023588001,0.6686194023588001
2021-11-30 00:00:00+00:00,ORCL,lightgbm_quantile,nonsentiment,40,log_return,90.73999786376952,92.83490042615922,-2.0949025623897057,2.0949025623897057
2021-12-01 00:00:00+00:00,ORCL,lightgbm_quantile,nonsentiment,40,log_return,89.75,90.50565803518269,-0.7556580351826909,0.7556580351826909
2021-12-02 00:00:00+00:00,ORCL,lightgbm_quantile,nonsentiment,40,log_return,89.98999786376953,90.00026901375101,-0.010271149981477379,0.010271149981477379
2021-12-03 00:00:00+00:00,ORCL,lightgbm_quantile,nonsentiment,40,log_return,88.23999786376953,90.19864314999926,-1.958645286229725,1.958645286229725
2021-12-06 00:00:00+00:00,ORCL,lightgbm_quantile,nonsentiment,40,log_return,88.94000244140625,88.37561800079666,0.5643844406095866,0.5643844406095866
2021-12-07 00:00:00+00:00,ORCL,lightgbm_quantile,nonsentiment,40,log_return,90.05000305175781,89.15333542992605,0.8966676218317673,0.8966676218317673
2021-12-08 00:00:00+00:00,ORCL,lightgbm_quantile,nonsentiment,40,log_return,88.94000244140625,90.26851599868334,-1.3285135572770912,1.3285135572770912
2021-12-09 00:00:00+00:00,ORCL,lightgbm_quantile,nonsentiment,40,log_return,88.7699966430664,89.06054894894152,-0.29055230587511005,0.29055230587511005
2021-12-10 00:00:00+00:00,ORCL,lightgbm_quantile,nonsentiment,40,log_return,102.62999725341795,88.76396733722245,13.866029916195501,13.866029916195501
2021-12-13 00:00:00+00:00,ORCL,lightgbm_quantile,nonsentiment,40,log_return,100.88999938964844,102.98113171376218,-2.091132324113744,2.091132324113744
2021-12-14 00:00:00+00:00,ORCL,lightgbm_quantile,nonsentiment,40,log_return,99.88999938964844,101.14573181559473,-1.2557324259462916,1.2557324259462916
2021-12-15 00:00:00+00:00,ORCL,lightgbm_quantile,nonsentiment,40,log_return,103.6500015258789,100.12140921155161,3.528592314327298,3.528592314327298
2021-12-16 00:00:00+00:00,ORCL,lightgbm_quantile,nonsentiment,40,log_return,103.22000122070312,103.87176661854889,-0.6517653978457645,0.6517653978457645
2021-12-17 00:00:00+00:00,ORCL,lightgbm_quantile,nonsentiment,40,log_return,96.62000274658205,103.57469015989275,-6.954687413310708,6.954687413310708
2021-12-20 00:00:00+00:00,ORCL,lightgbm_quantile,nonsentiment,40,log_return,91.63999938964844,96.94069265807279,-5.300693268424354,5.300693268424354
2021-12-21 00:00:00+00:00,ORCL,lightgbm_quantile,nonsentiment,40,log_return,91.51000213623048,91.66956548011284,-0.15956334388235405,0.15956334388235405
2021-12-22 00:00:00+00:00,ORCL,lightgbm_quantile,nonsentiment,40,log_return,89.86000061035156,91.83593618984828,-1.9759355794967206,1.9759355794967206
2021-12-23 00:00:00+00:00,ORCL,lightgbm_quantile,nonsentiment,40,log_return,89.72000122070312,90.15852288251925,-0.4385216618161252,0.4385216618161252
2021-12-27 00:00:00+00:00,ORCL,lightgbm_quantile,nonsentiment,40,log_return,89.54000091552734,89.72985380567236,-0.18985289014501916,0.18985289014501916
2021-12-28 00:00:00+00:00,ORCL,lightgbm_quantile,nonsentiment,40,log_return,88.6500015258789,89.75208075628449,-1.1020792304055789,1.1020792304055789
2021-12-29 00:00:00+00:00,ORCL,lightgbm_quantile,nonsentiment,40,log_return,88.20999908447266,88.69986134749897,-0.48986226302631053,0.48986226302631053
2021-12-30 00:00:00+00:00,ORCL,lightgbm_quantile,nonsentiment,40,log_return,88.01000213623047,88.07458855257701,-0.06458641634654327,0.06458641634654327
2021-12-31 00:00:00+00:00,ORCL,lightgbm_quantile,nonsentiment,40,log_return,87.20999908447266,87.96316386991593,-0.7531647854432748,0.7531647854432748
2022-01-03 00:00:00+00:00,ORCL,lightgbm_quantile,nonsentiment,40,log_return,87.9000015258789,87.09668406512144,0.8033174607574693,0.8033174607574693
2022-01-04 00:00:00+00:00,ORCL,lightgbm_quantile,nonsentiment,40,log_return,88.83999633789062,88.02600913506434,0.8139872028262829,0.8139872028262829
2022-01-05 00:00:00+00:00,ORCL,lightgbm_quantile,nonsentiment,40,log_return,86.45999908447266,88.75263605415509,-2.292636969682434,2.292636969682434
2022-01-06 00:00:00+00:00,ORCL,lightgbm_quantile,nonsentiment,40,log_return,86.33999633789062,86.71401767177983,-0.37402133388920333,0.37402133388920333
2022-01-07 00:00:00+00:00,ORCL,lightgbm_quantile,nonsentiment,40,log_return,87.51000213623047,86.67977349290382,0.8302286433266488,0.8302286433266488
2022-01-10 00:00:00+00:00,ORCL,lightgbm_quantile,nonsentiment,40,log_return,89.27999877929688,87.6357975139983,1.6442012652985767,1.6442012652985767
2022-01-11 00:00:00+00:00,ORCL,lightgbm_quantile,nonsentiment,40,log_return,88.4800033569336,89.54836790226143,-1.0683645453278388,1.0683645453278388
2022-01-12 00:00:00+00:00,ORCL,lightgbm_quantile,nonsentiment,40,log_return,88.30999755859375,88.65281472207357,-0.34281716347982183,0.34281716347982183
2022-01-13 00:00:00+00:00,ORCL,lightgbm_quantile,nonsentiment,40,log_return,87.79000091552734,88.16527133349189,-0.3752704179645434,0.3752704179645434
2022-01-14 00:00:00+00:00,ORCL,lightgbm_quantile,nonsentiment,40,log_return,87.69000244140625,87.69086931679405,-0.000866875387799837,0.000866875387799837
2022-01-18 00:00:00+00:00,ORCL,lightgbm_quantile,nonsentiment,40,log_return,85.55000305175781,87.32987451030915,-1.7798714585513409,1.7798714585513409
2022-01-19 00:00:00+00:00,ORCL,lightgbm_quantile,nonsentiment,40,log_return,83.37999725341797,85.28467617873088,-1.9046789253129077,1.9046789253129077
2022-01-20 00:00:00+00:00,ORCL,lightgbm_quantile,nonsentiment,40,log_return,82.72000122070312,83.37719291795513,-0.6571916972520029,0.6571916972520029
2022-01-21 00:00:00+00:00,ORCL,lightgbm_quantile,nonsentiment,40,log_return,82.22000122070312,82.72560896738815,-0.5056077466850297,0.5056077466850297
2022-01-24 00:00:00+00:00,ORCL,lightgbm_quantile,nonsentiment,40,log_return,82.41999816894531,82.23127211643538,0.18872605250993502,0.18872605250993502
2022-01-25 00:00:00+00:00,ORCL,lightgbm_quantile,nonsentiment,40,log_return,81.06999969482422,82.60749976499899,-1.5375000701747723,1.5375000701747723
2022-01-26 00:00:00+00:00,ORCL,lightgbm_quantile,nonsentiment,40,log_return,79.58999633789062,81.2382861862057,-1.6482898483150734,1.6482898483150734
2022-01-27 00:00:00+00:00,ORCL,lightgbm_quantile,nonsentiment,40,log_return,79.77999877929688,80.01256116313078,-0.23256238383390837,0.23256238383390837
2022-01-28 00:00:00+00:00,ORCL,lightgbm_quantile,nonsentiment,40,log_return,80.4800033569336,80.26837321081615,0.21163014611744302,0.21163014611744302
2022-01-31 00:00:00+00:00,ORCL,lightgbm_quantile,nonsentiment,40,log_return,81.16000366210938,80.67059601853634,0.48940764357303124,0.48940764357303124
2022-02-01 00:00:00+00:00,ORCL,lightgbm_quantile,nonsentiment,40,log_return,81.04000091552734,81.42803809363564,-0.3880371781082914,0.3880371781082914
2022-02-02 00:00:00+00:00,ORCL,lightgbm_quantile,nonsentiment,40,log_return,82.5,81.22600642185729,1.2739935781427079,1.2739935781427079
2022-02-03 00:00:00+00:00,ORCL,lightgbm_quantile,nonsentiment,40,log_return,81.94000244140625,82.37165655943451,-0.4316541180282627,0.4316541180282627
2022-02-04 00:00:00+00:00,ORCL,lightgbm_quantile,nonsentiment,40,log_return,82.11000061035156,81.86661353593011,0.2433870744214488,0.2433870744214488
2022-02-07 00:00:00+00:00,ORCL,lightgbm_quantile,nonsentiment,40,log_return,80.73999786376953,82.02683018772242,-1.2868323239528934,1.2868323239528934
2022-02-08 00:00:00+00:00,ORCL,lightgbm_quantile,nonsentiment,40,log_return,80.79000091552734,80.54838478155737,0.24161613396996984,0.24161613396996984
2022-02-09 00:00:00+00:00,ORCL,lightgbm_quantile,nonsentiment,40,log_return,83.44999694824219,80.58782517533184,2.8621717729103437,2.8621717729103437
2022-02-10 00:00:00+00:00,ORCL,lightgbm_quantile,nonsentiment,40,log_return,81.8499984741211,83.51002496353469,-1.660026489413596,1.660026489413596
2022-02-11 00:00:00+00:00,ORCL,lightgbm_quantile,nonsentiment,40,log_return,79.75,82.10051139771065,-2.3505113977106475,2.3505113977106475
2022-02-14 00:00:00+00:00,ORCL,lightgbm_quantile,nonsentiment,40,log_return,78.94999694824219,79.82621337575142,-0.8762164275092346,0.8762164275092346
2022-02-15 00:00:00+00:00,ORCL,lightgbm_quantile,nonsentiment,40,log_return,79.7699966430664,78.99371144312926,0.7762851999371492,0.7762851999371492
2022-02-16 00:00:00+00:00,ORCL,lightgbm_quantile,nonsentiment,40,log_return,79.19000244140625,79.49627970100344,-0.306277259597195,0.306277259597195
2022-02-17 00:00:00+00:00,ORCL,lightgbm_quantile,nonsentiment,40,log_return,75.52999877929688,78.92659632086405,-3.396597541567175,3.396597541567175
2022-02-18 00:00:00+00:00,ORCL,lightgbm_quantile,nonsentiment,40,log_return,74.56999969482422,75.3760351905002,-0.8060354956759852,0.8060354956759852
2022-02-22 00:00:00+00:00,ORCL,lightgbm_quantile,nonsentiment,40,log_return,74.12000274658203,74.75298080017228,-0.6329780535902501,0.6329780535902501
2022-02-23 00:00:00+00:00,ORCL,lightgbm_quantile,nonsentiment,40,log_return,72.47000122070312,74.13155910631029,-1.6615578856071664,1.6615578856071664
2022-02-24 00:00:00+00:00,ORCL,lightgbm_quantile,nonsentiment,40,log_return,74.80999755859375,72.47134287470234,2.3386546838914057,2.3386546838914057
2022-02-25 00:00:00+00:00,ORCL,lightgbm_quantile,nonsentiment,40,log_return,76.3499984741211,74.97826486136043,1.3717336127606643,1.3717336127606643
2022-02-28 00:00:00+00:00,ORCL,lightgbm_quantile,nonsentiment,40,log_return,75.97000122070312,76.55925115554206,-0.5892499348389322,0.5892499348389322
2022-03-01 00:00:00+00:00,ORCL,lightgbm_quantile,nonsentiment,40,log_return,76.01000213623047,76.21546510116295,-0.2054629649324795,0.2054629649324795
2022-03-02 00:00:00+00:00,ORCL,lightgbm_quantile,nonsentiment,40,log_return,78.27999877929688,76.24219156242768,2.037807216869197,2.037807216869197
2022-03-03 00:00:00+00:00,ORCL,lightgbm_quantile,nonsentiment,40,log_return,78.25,78.45184457460263,-0.2018445746026316,0.2018445746026316
2022-03-04 00:00:00+00:00,ORCL,lightgbm_quantile,nonsentiment,40,log_return,76.48999786376953,78.34890558876259,-1.8589077249930597,1.8589077249930597
2022-03-07 00:00:00+00:00,ORCL,lightgbm_quantile,nonsentiment,40,log_return,74.31999969482422,76.63969188423584,-2.319692189411626,2.319692189411626
2022-03-08 00:00:00+00:00,ORCL,lightgbm_quantile,nonsentiment,40,log_return,73.33000183105469,74.52129332262228,-1.191291491567597,1.191291491567597
2022-03-09 00:00:00+00:00,ORCL,lightgbm_quantile,nonsentiment,40,log_return,76.0999984741211,73.41165594353275,2.6883425305883435,2.6883425305883435
2022-03-10 00:00:00+00:00,ORCL,lightgbm_quantile,nonsentiment,40,log_return,76.6500015258789,76.12121676267776,0.5287847632011449,0.5287847632011449
2022-03-11 00:00:00+00:00,ORCL,lightgbm_quantile,nonsentiment,40,log_return,77.81999969482422,76.76891385307825,1.051085841745973,1.051085841745973
2022-03-14 00:00:00+00:00,ORCL,lightgbm_quantile,nonsentiment,40,log_return,77.06999969482422,78.04881351095139,-0.9788138161271718,0.9788138161271718
2022-03-15 00:00:00+00:00,ORCL,lightgbm_quantile,nonsentiment,40,log_return,80.5999984741211,77.34094214808697,3.259056326034127,3.259056326034127
2022-03-16 00:00:00+00:00,ORCL,lightgbm_quantile,nonsentiment,40,log_return,79.95999908447266,80.82911480683826,-0.8691157223656063,0.8691157223656063
2022-03-17 00:00:00+00:00,ORCL,lightgbm_quantile,nonsentiment,40,log_return,80.5999984741211,80.33831435392193,0.2616841201991633,0.2616841201991633
2022-03-18 00:00:00+00:00,ORCL,lightgbm_quantile,nonsentiment,40,log_return,81.68000030517578,80.97190525242142,0.7080950527543592,0.7080950527543592
2022-03-21 00:00:00+00:00,ORCL,lightgbm_quantile,nonsentiment,40,log_return,80.95999908447266,81.68076885536776,-0.7207697708951031,0.7207697708951031
2022-03-22 00:00:00+00:00,ORCL,lightgbm_quantile,nonsentiment,40,log_return,81.80000305175781,81.14903825025343,0.6509648015043865,0.6509648015043865
2022-03-23 00:00:00+00:00,ORCL,lightgbm_quantile,nonsentiment,40,log_return,80.38999938964844,81.92049246200581,-1.5304930723573733,1.5304930723573733
2022-03-24 00:00:00+00:00,ORCL,lightgbm_quantile,nonsentiment,40,log_return,82.23999786376953,80.50113794071956,1.7388599230499722,1.7388599230499722
2022-03-25 00:00:00+00:00,ORCL,lightgbm_quantile,nonsentiment,40,log_return,81.7300033569336,82.37340671423362,-0.6434033573000306,0.6434033573000306
2022-03-28 00:00:00+00:00,ORCL,lightgbm_quantile,nonsentiment,40,log_return,83.5999984741211,81.6487260218914,1.9512724522296878,1.9512724522296878
2022-03-29 00:00:00+00:00,ORCL,lightgbm_quantile,nonsentiment,40,log_return,84.29000091552734,83.55279900936546,0.7372019061618857,0.7372019061618857
2022-03-30 00:00:00+00:00,ORCL,lightgbm_quantile,nonsentiment,40,log_return,83.36000061035156,83.99811834640212,-0.6381177360505603,0.6381177360505603
2022-03-31 00:00:00+00:00,ORCL,lightgbm_quantile,nonsentiment,40,log_return,82.7300033569336,83.24138271178482,-0.5113793548512291,0.5113793548512291
2022-04-01 00:00:00+00:00,ORCL,lightgbm_quantile,nonsentiment,40,log_return,82.01000213623047,82.7705582907698,-0.76055615453933,0.76055615453933
2022-04-04 00:00:00+00:00,ORCL,lightgbm_quantile,nonsentiment,40,log_return,84.06999969482422,81.8108549513917,2.2591447434325147,2.2591447434325147
2022-04-05 00:00:00+00:00,ORCL,lightgbm_quantile,nonsentiment,40,log_return,82.94000244140625,84.14395088226303,-1.2039484408567773,1.2039484408567773
2022-04-06 00:00:00+00:00,ORCL,lightgbm_quantile,nonsentiment,40,log_return,82.12000274658203,82.86613558299734,-0.7461328364153132,0.7461328364153132
2022-04-07 00:00:00+00:00,ORCL,lightgbm_quantile,nonsentiment,40,log_return,81.54000091552734,82.01441108313574,-0.47441016760839716,0.47441016760839716
2022-04-08 00:00:00+00:00,ORCL,lightgbm_quantile,nonsentiment,40,log_return,80.94000244140625,81.50337263562339,-0.5633701942171427,0.5633701942171427
2022-04-11 00:00:00+00:00,ORCL,lightgbm_quantile,nonsentiment,40,log_return,79.76000213623047,80.86641866067444,-1.106416524443972,1.106416524443972
2022-04-12 00:00:00+00:00,ORCL,lightgbm_quantile,nonsentiment,40,log_return,79.33000183105469,79.78160739637097,-0.45160556531628515,0.45160556531628515
2022-04-13 00:00:00+00:00,ORCL,lightgbm_quantile,nonsentiment,40,log_return,79.75,79.25265770798075,0.49734229201925473,0.49734229201925473
2022-04-14 00:00:00+00:00,ORCL,lightgbm_quantile,nonsentiment,40,log_return,79.44999694824219,79.55209272963386,-0.10209578139166808,0.10209578139166808
2022-04-18 00:00:00+00:00,ORCL,lightgbm_quantile,nonsentiment,40,log_return,78.22000122070312,79.1739247817032,-0.9539235610000816,0.9539235610000816
2022-04-19 00:00:00+00:00,ORCL,lightgbm_quantile,nonsentiment,40,log_return,79.55999755859375,78.0286905458245,1.531307012769247,1.531307012769247
2022-04-20 00:00:00+00:00,ORCL,lightgbm_quantile,nonsentiment,40,log_return,80.29000091552734,79.21679198643189,1.0732089290954576,1.0732089290954576
2022-04-21 00:00:00+00:00,ORCL,lightgbm_quantile,nonsentiment,40,log_return,79.4800033569336,80.21966076228452,-0.7396574053509255,0.7396574053509255
2022-04-22 00:00:00+00:00,ORCL,lightgbm_quantile,nonsentiment,40,log_return,76.20999908447266,79.31539992266477,-3.1054008381921108,3.1054008381921108
2022-04-25 00:00:00+00:00,ORCL,lightgbm_quantile,nonsentiment,40,log_return,76.9800033569336,76.20220427358751,0.7777990833460819,0.7777990833460819
2022-04-26 00:00:00+00:00,ORCL,lightgbm_quantile,nonsentiment,40,log_return,74.51000213623047,77.17440552762739,-2.6644033913969167,2.6644033913969167
2022-04-27 00:00:00+00:00,ORCL,lightgbm_quantile,nonsentiment,40,log_return,74.76000213623047,74.60667276964992,0.15332936658055019,0.15332936658055019
2022-04-28 00:00:00+00:00,ORCL,lightgbm_quantile,nonsentiment,40,log_return,76.13999938964844,75.05769536195602,1.082304027692416,1.082304027692416
2022-04-29 00:00:00+00:00,ORCL,lightgbm_quantile,nonsentiment,40,log_return,73.4000015258789,76.2263594019892,-2.8263578761102934,2.8263578761102934
2022-05-02 00:00:00+00:00,ORCL,lightgbm_quantile,nonsentiment,40,log_return,74.0,73.30994023167781,0.6900597683221861,0.6900597683221861
2022-05-03 00:00:00+00:00,ORCL,lightgbm_quantile,nonsentiment,40,log_return,73.29000091552734,74.1286975458453,-0.8386966303179548,0.8386966303179548
2022-05-04 00:00:00+00:00,ORCL,lightgbm_quantile,nonsentiment,40,log_return,75.20999908447266,73.12318082925682,2.0868182552158316,2.0868182552158316
2022-05-05 00:00:00+00:00,ORCL,lightgbm_quantile,nonsentiment,40,log_return,72.80000305175781,75.09788822573327,-2.297885173975459,2.297885173975459
2022-05-06 00:00:00+00:00,ORCL,lightgbm_quantile,nonsentiment,40,log_return,72.48999786376953,72.58552210413721,-0.09552424036768059,0.09552424036768059
2022-05-09 00:00:00+00:00,ORCL,lightgbm_quantile,nonsentiment,40,log_return,71.54000091552734,72.39429022549447,-0.8542893099671289,0.8542893099671289
2022-05-10 00:00:00+00:00,ORCL,lightgbm_quantile,nonsentiment,40,log_return,72.52999877929688,71.48809411149718,1.0419046677996988,1.0419046677996988
2022-05-11 00:00:00+00:00,ORCL,lightgbm_quantile,nonsentiment,40,log_return,71.02999877929688,72.80000662188614,-1.7700078425892656,1.7700078425892656
2022-05-12 00:00:00+00:00,ORCL,lightgbm_quantile,nonsentiment,40,log_return,70.7300033569336,71.07233445349233,-0.3423310965587376,0.3423310965587376
2022-05-13 00:00:00+00:00,ORCL,lightgbm_quantile,nonsentiment,40,log_return,71.16999816894531,70.8401336156981,0.3298645532472193,0.3298645532472193
2022-05-16 00:00:00+00:00,ORCL,lightgbm_quantile,nonsentiment,40,log_return,69.70999908447266,71.36297982877758,-1.6529807443049265,1.6529807443049265
2022-05-17 00:00:00+00:00,ORCL,lightgbm_quantile,nonsentiment,40,log_return,71.87999725341797,69.68971444779723,2.1902828056207397,2.1902828056207397
2022-05-18 00:00:00+00:00,ORCL,lightgbm_quantile,nonsentiment,40,log_return,68.30000305175781,71.91405124011375,-3.6140481883559374,3.6140481883559374
2022-05-19 00:00:00+00:00,ORCL,lightgbm_quantile,nonsentiment,40,log_return,67.04000091552734,68.13819429496269,-1.0981933794353438,1.0981933794353438
2022-05-20 00:00:00+00:00,ORCL,lightgbm_quantile,nonsentiment,40,log_return,68.62999725341797,67.06697306415354,1.563024189264425,1.563024189264425
2022-05-23 00:00:00+00:00,ORCL,lightgbm_quantile,nonsentiment,40,log_return,70.04000091552734,68.66922079730033,1.3707801182270174,1.3707801182270174
2022-05-24 00:00:00+00:00,ORCL,lightgbm_quantile,nonsentiment,40,log_return,69.02999877929688,69.9293176470862,-0.8993188677893187,0.8993188677893187
2022-05-25 00:00:00+00:00,ORCL,lightgbm_quantile,nonsentiment,40,log_return,69.83000183105469,68.94436672297174,0.8856351080829512,0.8856351080829512
2022-05-26 00:00:00+00:00,ORCL,lightgbm_quantile,nonsentiment,40,log_return,71.66000366210938,69.94628513890311,1.7137185232062677,1.7137185232062677
2022-05-27 00:00:00+00:00,ORCL,lightgbm_quantile,nonsentiment,40,log_return,72.77999877929688,71.69566289310688,1.08433588618999,1.08433588618999
2022-05-31 00:00:00+00:00,ORCL,lightgbm_quantile,nonsentiment,40,log_return,71.91999816894531,72.82632689814815,-0.9063287292028406,0.9063287292028406
2022-06-01 00:00:00+00:00,ORCL,lightgbm_quantile,nonsentiment,40,log_return,71.5999984741211,71.9969502774502,-0.3969518033291024,0.3969518033291024
2022-06-02 00:00:00+00:00,ORCL,lightgbm_quantile,nonsentiment,40,log_return,73.13999938964844,71.8019082589896,1.3380911306588388,1.3380911306588388
2022-06-03 00:00:00+00:00,ORCL,lightgbm_quantile,nonsentiment,40,log_return,71.79000091552734,72.93366593187302,-1.143665016345679,1.143665016345679
2022-06-06 00:00:00+00:00,ORCL,lightgbm_quantile,nonsentiment,40,log_return,72.97000122070312,71.6016668348189,1.368334385884225,1.368334385884225
2022-06-07 00:00:00+00:00,ORCL,lightgbm_quantile,nonsentiment,40,log_return,72.69000244140625,73.05328924119094,-0.3632867997846887,0.3632867997846887
2022-06-08 00:00:00+00:00,ORCL,lightgbm_quantile,nonsentiment,40,log_return,71.37999725341797,72.4569478030762,-1.0769505496582354,1.0769505496582354
2022-06-09 00:00:00+00:00,ORCL,lightgbm_quantile,nonsentiment,40,log_return,69.22000122070312,70.99944366435206,-1.7794424436489322,1.7794424436489322
2022-06-10 00:00:00+00:00,ORCL,lightgbm_quantile,nonsentiment,40,log_return,67.13999938964844,69.01333878558697,-1.8733393959385296,1.8733393959385296
2022-06-13 00:00:00+00:00,ORCL,lightgbm_quantile,nonsentiment,40,log_return,64.05000305175781,67.09183629915651,-3.0418332473986993,3.0418332473986993
2022-06-14 00:00:00+00:00,ORCL,lightgbm_quantile,nonsentiment,40,log_return,70.72000122070312,64.10970040275318,6.610300817949948,6.610300817949948
2022-06-15 00:00:00+00:00,ORCL,lightgbm_quantile,nonsentiment,40,log_return,69.69999694824219,70.90047603962098,-1.2004790913787957,1.2004790913787957
2022-06-16 00:00:00+00:00,ORCL,lightgbm_quantile,nonsentiment,40,log_return,68.70999908447266,70.12562740827939,-1.4156283238067289,1.4156283238067289
2022-06-17 00:00:00+00:00,ORCL,lightgbm_quantile,nonsentiment,40,log_return,67.72000122070312,68.93331304567319,-1.213311824970063,1.213311824970063
2022-06-21 00:00:00+00:00,ORCL,lightgbm_quantile,nonsentiment,40,log_return,67.68000030517578,67.90794602218146,-0.22794571700568156,0.22794571700568156
2022-06-22 00:00:00+00:00,ORCL,lightgbm_quantile,nonsentiment,40,log_return,66.52999877929688,67.8950680079379,-1.365069228641019,1.365069228641019
2022-06-23 00:00:00+00:00,ORCL,lightgbm_quantile,nonsentiment,40,log_return,67.62999725341797,66.52654854494571,1.103448708472257,1.103448708472257
2022-06-24 00:00:00+00:00,ORCL,lightgbm_quantile,nonsentiment,40,log_return,70.69999694824219,67.56273630621405,3.1372606420281386,3.1372606420281386
2022-06-27 00:00:00+00:00,ORCL,lightgbm_quantile,nonsentiment,40,log_return,70.41000366210938,70.96751952806633,-0.5575158659569581,0.5575158659569581
2022-06-28 00:00:00+00:00,ORCL,lightgbm_quantile,nonsentiment,40,log_return,68.58000183105469,70.50371815704482,-1.923716325990128,1.923716325990128
2022-06-29 00:00:00+00:00,ORCL,lightgbm_quantile,nonsentiment,40,log_return,69.20999908447266,68.60646465842109,0.6035344260515672,0.6035344260515672
2022-06-30 00:00:00+00:00,ORCL,lightgbm_quantile,nonsentiment,40,log_return,69.87000274658203,69.27880454464184,0.5911982019401876,0.5911982019401876
2022-07-01 00:00:00+00:00,ORCL,lightgbm_quantile,nonsentiment,40,log_return,70.87000274658203,70.09494025422798,0.7750624923540528,0.7750624923540528
2022-07-05 00:00:00+00:00,ORCL,lightgbm_quantile,nonsentiment,40,log_return,71.98999786376953,71.07858813760029,0.9114097261692393,0.9114097261692393
2022-07-06 00:00:00+00:00,ORCL,lightgbm_quantile,nonsentiment,40,log_return,71.66000366210938,72.0554137624841,-0.39541010037471835,0.39541010037471835
2022-07-07 00:00:00+00:00,ORCL,lightgbm_quantile,nonsentiment,40,log_return,71.83000183105469,71.79948697702832,0.030514854026364446,0.030514854026364446
2022-07-08 00:00:00+00:00,ORCL,lightgbm_quantile,nonsentiment,40,log_return,71.87000274658203,72.02476921791748,-0.1547664713354493,0.1547664713354493
2022-07-11 00:00:00+00:00,ORCL,lightgbm_quantile,nonsentiment,40,log_return,71.56999969482422,71.83668720213248,-0.2666875073082622,0.2666875073082622
2022-07-12 00:00:00+00:00,ORCL,lightgbm_quantile,nonsentiment,40,log_return,70.41000366210938,71.26623643203328,-0.8562327699239063,0.8562327699239063
2022-07-13 00:00:00+00:00,ORCL,lightgbm_quantile,nonsentiment,40,log_return,70.02999877929688,70.33942211907042,-0.3094233397735451,0.3094233397735451
2022-07-14 00:00:00+00:00,ORCL,lightgbm_quantile,nonsentiment,40,log_return,69.44999694824219,69.94537873330569,-0.4953817850635005,0.4953817850635005
2022-07-15 00:00:00+00:00,ORCL,lightgbm_quantile,nonsentiment,40,log_return,70.73999786376953,69.34268676847556,1.397311095293972,1.397311095293972
2022-07-18 00:00:00+00:00,ORCL,lightgbm_quantile,nonsentiment,40,log_return,70.20999908447266,70.54593623030127,-0.3359371458286091,0.3359371458286091
2022-07-19 00:00:00+00:00,ORCL,lightgbm_quantile,nonsentiment,40,log_return,72.23999786376953,69.95454983207904,2.2854480316904926,2.2854480316904926
2022-07-20 00:00:00+00:00,ORCL,lightgbm_quantile,nonsentiment,40,log_return,72.58999633789062,72.22750247419691,0.3624938636937145,0.3624938636937145
2022-07-21 00:00:00+00:00,ORCL,lightgbm_quantile,nonsentiment,40,log_return,74.54000091552734,72.4506472448728,2.089353670654546,2.089353670654546
2022-07-22 00:00:00+00:00,ORCL,lightgbm_quantile,nonsentiment,40,log_return,74.9000015258789,74.68774869376558,0.2122528321133217,0.2122528321133217
2022-07-25 00:00:00+00:00,ORCL,lightgbm_quantile,nonsentiment,40,log_return,74.86000061035156,74.84194001303344,0.018060597318125815,0.018060597318125815
2022-07-26 00:00:00+00:00,ORCL,lightgbm_quantile,nonsentiment,40,log_return,74.02999877929688,74.67741111327886,-0.6474123339819897,0.6474123339819897
2022-07-27 00:00:00+00:00,ORCL,lightgbm_quantile,nonsentiment,40,log_return,75.87000274658203,74.04293140327373,1.8270713433083046,1.8270713433083046
2022-07-28 00:00:00+00:00,ORCL,lightgbm_quantile,nonsentiment,40,log_return,77.04000091552734,75.91121361796688,1.1287872975604643,1.1287872975604643
2022-07-29 00:00:00+00:00,ORCL,lightgbm_quantile,nonsentiment,40,log_return,77.83999633789062,76.83781671148202,1.002179626408605,1.002179626408605
2022-08-01 00:00:00+00:00,ORCL,lightgbm_quantile,nonsentiment,40,log_return,77.44000244140625,77.60306177720784,-0.1630593358015915,0.1630593358015915
2022-08-02 00:00:00+00:00,ORCL,lightgbm_quantile,nonsentiment,40,log_return,76.3499984741211,77.30053471408222,-0.9505362399611244,0.9505362399611244
2022-08-03 00:00:00+00:00,ORCL,lightgbm_quantile,nonsentiment,40,log_return,77.37000274658203,76.18411201866907,1.1858907279129625,1.1858907279129625
2022-08-04 00:00:00+00:00,ORCL,lightgbm_quantile,nonsentiment,40,log_return,77.4000015258789,76.8995754956534,0.5004260302255119,0.5004260302255119
2022-08-05 00:00:00+00:00,ORCL,lightgbm_quantile,nonsentiment,40,log_return,77.3499984741211,77.2858424460502,0.06415602807089726,0.06415602807089726
2022-08-08 00:00:00+00:00,ORCL,lightgbm_quantile,nonsentiment,40,log_return,76.47000122070312,77.25013535315442,-0.7801341324512947,0.7801341324512947
2022-08-09 00:00:00+00:00,ORCL,lightgbm_quantile,nonsentiment,40,log_return,76.7699966430664,76.22683628706432,0.5431603560020903,0.5431603560020903
2022-08-10 00:00:00+00:00,ORCL,lightgbm_quantile,nonsentiment,40,log_return,77.54000091552734,76.42137111895303,1.1186297965743108,1.1186297965743108
2022-08-11 00:00:00+00:00,ORCL,lightgbm_quantile,nonsentiment,40,log_return,77.16000366210938,77.26309394071717,-0.10309027860779452,0.10309027860779452
2022-08-12 00:00:00+00:00,ORCL,lightgbm_quantile,nonsentiment,40,log_return,79.1500015258789,77.13779320757048,2.0122083183084243,2.0122083183084243
2022-08-15 00:00:00+00:00,ORCL,lightgbm_quantile,nonsentiment,40,log_return,79.11000061035156,78.75215271299173,0.35784789735983225,0.35784789735983225
2022-08-16 00:00:00+00:00,ORCL,lightgbm_quantile,nonsentiment,40,log_return,79.5199966430664,78.89153155926151,0.6284650838048975,0.6284650838048975
2022-08-17 00:00:00+00:00,ORCL,lightgbm_quantile,nonsentiment,40,log_return,79.25,79.29859027852194,-0.04859027852194231,0.04859027852194231
2022-08-18 00:00:00+00:00,ORCL,lightgbm_quantile,nonsentiment,40,log_return,79.31999969482422,78.94209359922479,0.3779060955994282,0.3779060955994282
2022-08-19 00:00:00+00:00,ORCL,lightgbm_quantile,nonsentiment,40,log_return,78.66000366210938,79.04079092690168,-0.3807872647923034,0.3807872647923034
2022-08-22 00:00:00+00:00,ORCL,lightgbm_quantile,nonsentiment,40,log_return,76.45999908447266,78.28152622359535,-1.8215271391226935,1.8215271391226935
2022-08-23 00:00:00+00:00,ORCL,lightgbm_quantile,nonsentiment,40,log_return,76.41000366210938,76.28639275310904,0.12361090900033389,0.12361090900033389
2022-08-24 00:00:00+00:00,ORCL,lightgbm_quantile,nonsentiment,40,log_return,76.16999816894531,76.03111299985915,0.13888516908616566,0.13888516908616566
2022-08-25 00:00:00+00:00,ORCL,lightgbm_quantile,nonsentiment,40,log_return,76.88999938964844,75.71879940580331,1.1711999838451277,1.1711999838451277
2022-08-26 00:00:00+00:00,ORCL,lightgbm_quantile,nonsentiment,40,log_return,74.6500015258789,76.6057547525401,-1.9557532266611872,1.9557532266611872
2022-08-29 00:00:00+00:00,ORCL,lightgbm_quantile,nonsentiment,40,log_return,74.19000244140625,74.38023637913763,-0.19023393773137798,0.19023393773137798
2022-08-30 00:00:00+00:00,ORCL,lightgbm_quantile,nonsentiment,40,log_return,74.13999938964844,73.913779702289,0.226219687359432,0.226219687359432
2022-08-31 00:00:00+00:00,ORCL,lightgbm_quantile,nonsentiment,40,log_return,74.1500015258789,73.76426140942431,0.38574011645459905,0.38574011645459905
2022-09-01 00:00:00+00:00,ORCL,lightgbm_quantile,nonsentiment,40,log_return,75.30000305175781,74.06769557320521,1.232307478552599,1.232307478552599
2022-09-02 00:00:00+00:00,ORCL,lightgbm_quantile,nonsentiment,40,log_return,74.68000030517578,75.35898654178285,-0.6789862366070736,0.6789862366070736
2022-09-06 00:00:00+00:00,ORCL,lightgbm_quantile,nonsentiment,40,log_return,73.83000183105469,74.7952141558315,-0.9652123247768145,0.9652123247768145
2022-09-07 00:00:00+00:00,ORCL,lightgbm_quantile,nonsentiment,40,log_return,74.48999786376953,73.92274769017183,0.5672501735976994,0.5672501735976994
2022-09-08 00:00:00+00:00,ORCL,lightgbm_quantile,nonsentiment,40,log_return,74.6500015258789,74.45977837596624,0.19022314991266853,0.19022314991266853
2022-09-09 00:00:00+00:00,ORCL,lightgbm_quantile,nonsentiment,40,log_return,75.91000366210938,74.63763172544901,1.2723719366603632,1.2723719366603632
2022-09-12 00:00:00+00:00,ORCL,lightgbm_quantile,nonsentiment,40,log_return,77.08000183105469,75.85634579436825,1.2236560366864353,1.2236560366864353
2022-09-13 00:00:00+00:00,ORCL,lightgbm_quantile,nonsentiment,40,log_return,76.04000091552734,77.03137186288497,-0.9913709473576233,0.9913709473576233
2022-09-14 00:00:00+00:00,ORCL,lightgbm_quantile,nonsentiment,40,log_return,72.12000274658203,76.17137480111738,-4.051372054535349,4.051372054535349
2022-09-15 00:00:00+00:00,ORCL,lightgbm_quantile,nonsentiment,40,log_return,70.23999786376953,72.24436275405316,-2.0043648902836253,2.0043648902836253
2022-09-16 00:00:00+00:00,ORCL,lightgbm_quantile,nonsentiment,40,log_return,68.83000183105469,70.33456167687575,-1.5045598458210634,1.5045598458210634
2022-09-19 00:00:00+00:00,ORCL,lightgbm_quantile,nonsentiment,40,log_return,69.06999969482422,69.00272037066031,0.06727932416390559,0.06727932416390559
2022-09-20 00:00:00+00:00,ORCL,lightgbm_quantile,nonsentiment,40,log_return,68.11000061035156,69.3625089312854,-1.252508320933842,1.252508320933842
2022-09-21 00:00:00+00:00,ORCL,lightgbm_quantile,nonsentiment,40,log_return,66.75,68.14676481397174,-1.3967648139717426,1.3967648139717426
2022-09-22 00:00:00+00:00,ORCL,lightgbm_quantile,nonsentiment,40,log_return,66.02999877929688,66.93092288231766,-0.9009241030207846,0.9009241030207846
2022-09-23 00:00:00+00:00,ORCL,lightgbm_quantile,nonsentiment,40,log_return,64.55000305175781,66.02605029499854,-1.4760472432407283,1.4760472432407283
2022-09-26 00:00:00+00:00,ORCL,lightgbm_quantile,nonsentiment,40,log_return,63.45000076293945,64.69298003629724,-1.2429792733577898,1.2429792733577898
2022-09-27 00:00:00+00:00,ORCL,lightgbm_quantile,nonsentiment,40,log_return,62.41999816894531,63.575541420545385,-1.155543251600072,1.155543251600072
2022-09-28 00:00:00+00:00,ORCL,lightgbm_quantile,nonsentiment,40,log_return,63.06999969482422,62.42684814898822,0.6431515458359982,0.6431515458359982
2022-09-29 00:00:00+00:00,ORCL,lightgbm_quantile,nonsentiment,40,log_return,61.400001525878906,63.23735545732485,-1.8373539314459464,1.8373539314459464
2022-09-30 00:00:00+00:00,ORCL,lightgbm_quantile,nonsentiment,40,log_return,61.06999969482422,61.49583656250601,-0.4258368676817881,0.4258368676817881
2022-10-03 00:00:00+00:00,ORCL,lightgbm_quantile,nonsentiment,40,log_return,63.08000183105469,61.1637452879394,1.9162565431152885,1.9162565431152885
2022-10-04 00:00:00+00:00,ORCL,lightgbm_quantile,nonsentiment,40,log_return,65.69000244140625,63.23647495130836,2.4535274900978905,2.4535274900978905
2022-10-05 00:00:00+00:00,ORCL,lightgbm_quantile,nonsentiment,40,log_return,66.63999938964844,65.8007755453636,0.839223844284831,0.839223844284831
2022-10-06 00:00:00+00:00,ORCL,lightgbm_quantile,nonsentiment,40,log_return,65.30000305175781,66.96684147332013,-1.6668384215623178,1.6668384215623178
2022-10-07 00:00:00+00:00,ORCL,lightgbm_quantile,nonsentiment,40,log_return,63.290000915527344,65.41897862686291,-2.1289777113355655,2.1289777113355655
2022-10-10 00:00:00+00:00,ORCL,lightgbm_quantile,nonsentiment,40,log_return,62.56999969482422,63.39116879423752,-0.8211690994133036,0.8211690994133036
2022-10-11 00:00:00+00:00,ORCL,lightgbm_quantile,nonsentiment,40,log_return,62.40999984741211,62.69389306944228,-0.28389322203017286,0.28389322203017286
2022-10-12 00:00:00+00:00,ORCL,lightgbm_quantile,nonsentiment,40,log_return,63.77999877929688,62.43016372931341,1.3498350499834686,1.3498350499834686
2022-10-13 00:00:00+00:00,ORCL,lightgbm_quantile,nonsentiment,40,log_return,65.19999694824219,63.84314308192816,1.356853866314026,1.356853866314026
2022-10-14 00:00:00+00:00,ORCL,lightgbm_quantile,nonsentiment,40,log_return,64.30999755859375,65.30212965514038,-0.9921320965466265,0.9921320965466265
2022-10-17 00:00:00+00:00,ORCL,lightgbm_quantile,nonsentiment,40,log_return,67.0199966430664,64.39604459308175,2.623952049984652,2.623952049984652
2022-10-18 00:00:00+00:00,ORCL,lightgbm_quantile,nonsentiment,40,log_return,67.02999877929688,67.07885580747758,-0.0488570281807057,0.0488570281807057
2022-10-19 00:00:00+00:00,ORCL,lightgbm_quantile,nonsentiment,40,log_return,66.30000305175781,67.18388293142088,-0.8838798796630698,0.8838798796630698
2022-10-20 00:00:00+00:00,ORCL,lightgbm_quantile,nonsentiment,40,log_return,69.25,66.11335366269861,3.1366463373013858,3.1366463373013858
2022-10-21 00:00:00+00:00,ORCL,lightgbm_quantile,nonsentiment,40,log_return,72.69999694824219,69.34384710777557,3.356149840466614,3.356149840466614
2022-10-24 00:00:00+00:00,ORCL,lightgbm_quantile,nonsentiment,40,log_return,72.91999816894531,72.79503089700303,0.12496727194228185,0.12496727194228185
2022-10-25 00:00:00+00:00,ORCL,lightgbm_quantile,nonsentiment,40,log_return,73.13999938964844,73.15068983836156,-0.010690448713120304,0.010690448713120304
2022-10-26 00:00:00+00:00,ORCL,lightgbm_quantile,nonsentiment,40,log_return,74.81999969482422,73.36684770212706,1.4531519926971583,1.4531519926971583
2022-10-27 00:00:00+00:00,ORCL,lightgbm_quantile,nonsentiment,40,log_return,75.1500015258789,74.7767371534438,0.37326437243510213,0.37326437243510213
2022-10-28 00:00:00+00:00,ORCL,lightgbm_quantile,nonsentiment,40,log_return,77.36000061035156,75.17071431859364,2.1892862917579237,2.1892862917579237
2022-10-31 00:00:00+00:00,ORCL,lightgbm_quantile,nonsentiment,40,log_return,78.06999969482422,77.58765148214434,0.4823482126798808,0.4823482126798808
2022-11-01 00:00:00+00:00,ORCL,lightgbm_quantile,nonsentiment,40,log_return,77.11000061035156,78.17288626485838,-1.0628856545068146,1.0628856545068146
2022-11-02 00:00:00+00:00,ORCL,lightgbm_quantile,nonsentiment,40,log_return,75.12000274658203,77.41457374791668,-2.2945710013346456,2.2945710013346456
2022-11-03 00:00:00+00:00,ORCL,lightgbm_quantile,nonsentiment,40,log_return,75.02999877929688,75.25978188164551,-0.22978310234863386,0.22978310234863386
2022-11-04 00:00:00+00:00,ORCL,lightgbm_quantile,nonsentiment,40,log_return,76.0,75.0591923813516,0.9408076186484067,0.9408076186484067
2022-11-07 00:00:00+00:00,ORCL,lightgbm_quantile,nonsentiment,40,log_return,76.73999786376953,76.02329745016262,0.7167004136069153,0.7167004136069153
2022-11-08 00:00:00+00:00,ORCL,lightgbm_quantile,nonsentiment,40,log_return,75.63999938964844,76.69762446969278,-1.057625080044346,1.057625080044346
2022-11-09 00:00:00+00:00,ORCL,lightgbm_quantile,nonsentiment,40,log_return,75.66000366210938,75.58997863799507,0.070025024114301,0.070025024114301
2022-11-10 00:00:00+00:00,ORCL,lightgbm_quantile,nonsentiment,40,log_return,77.16999816894531,75.44258094953626,1.7274172194090482,1.7274172194090482
2022-11-11 00:00:00+00:00,ORCL,lightgbm_quantile,nonsentiment,40,log_return,77.73999786376953,77.1743901499019,0.5656077138676352,0.5656077138676352
2022-11-14 00:00:00+00:00,ORCL,lightgbm_quantile,nonsentiment,40,log_return,78.52999877929688,77.69921016325712,0.8307886160397544,0.8307886160397544
2022-11-15 00:00:00+00:00,ORCL,lightgbm_quantile,nonsentiment,40,log_return,79.18000030517578,78.50076288888911,0.6792374162866679,0.6792374162866679
2022-11-16 00:00:00+00:00,ORCL,lightgbm_quantile,nonsentiment,40,log_return,79.88999938964844,79.34026722607747,0.5497321635709653,0.5497321635709653
2022-11-17 00:00:00+00:00,ORCL,lightgbm_quantile,nonsentiment,40,log_return,79.19999694824219,79.9960618254818,-0.7960648772396155,0.7960648772396155
2022-11-18 00:00:00+00:00,ORCL,lightgbm_quantile,nonsentiment,40,log_return,79.7300033569336,79.14664580494093,0.5833575519926626,0.5833575519926626
2022-11-21 00:00:00+00:00,ORCL,lightgbm_quantile,nonsentiment,40,log_return,79.81999969482422,79.51643103770094,0.30356865712327874,0.30356865712327874
2022-11-22 00:00:00+00:00,ORCL,lightgbm_quantile,nonsentiment,40,log_return,82.12000274658203,79.7109946451322,2.409008101449828,2.409008101449828
2022-11-23 00:00:00+00:00,ORCL,lightgbm_quantile,nonsentiment,40,log_return,82.55999755859375,82.16955746763837,0.39044009095538,0.39044009095538
2022-11-25 00:00:00+00:00,ORCL,lightgbm_quantile,nonsentiment,40,log_return,82.72000122070312,82.36385559919081,0.35614562151231155,0.35614562151231155
2022-11-28 00:00:00+00:00,ORCL,lightgbm_quantile,nonsentiment,40,log_return,81.38999938964844,82.4735258699893,-1.0835264803408649,1.0835264803408649
2022-11-29 00:00:00+00:00,ORCL,lightgbm_quantile,nonsentiment,40,log_return,80.8499984741211,81.21938323466705,-0.36938476054595526,0.36938476054595526
2022-11-30 00:00:00+00:00,ORCL,lightgbm_quantile,nonsentiment,40,log_return,83.02999877929688,80.6218534339099,2.40814534538697,2.40814534538697
2022-12-01 00:00:00+00:00,ORCL,lightgbm_quantile,nonsentiment,40,log_return,84.11000061035156,83.01548191881767,1.0945186915338923,1.0945186915338923
2022-12-02 00:00:00+00:00,ORCL,lightgbm_quantile,nonsentiment,40,log_return,83.3499984741211,84.10963014317912,-0.7596316690580238,0.7596316690580238
2022-12-05 00:00:00+00:00,ORCL,lightgbm_quantile,nonsentiment,40,log_return,79.43000030517578,83.17354799318012,-3.743547688004341,3.743547688004341
2022-12-06 00:00:00+00:00,ORCL,lightgbm_quantile,nonsentiment,40,log_return,78.91000366210938,79.5042080242243,-0.5942043621149224,0.5942043621149224
2022-12-07 00:00:00+00:00,ORCL,lightgbm_quantile,nonsentiment,40,log_return,78.77999877929688,79.11766333295046,-0.33766455365358183,0.33766455365358183
2022-12-08 00:00:00+00:00,ORCL,lightgbm_quantile,nonsentiment,40,log_return,80.06999969482422,78.82604025112285,1.243959443701371,1.243959443701371
2022-12-09 00:00:00+00:00,ORCL,lightgbm_quantile,nonsentiment,40,log_return,79.86000061035156,80.03766931564687,-0.17766870529530365,0.17766870529530365
2022-12-12 00:00:00+00:00,ORCL,lightgbm_quantile,nonsentiment,40,log_return,81.27999877929688,79.66670857230548,1.613290206991394,1.613290206991394
2022-12-13 00:00:00+00:00,ORCL,lightgbm_quantile,nonsentiment,40,log_return,80.55999755859375,81.02031727680749,-0.4603197182137393,0.4603197182137393
2022-12-14 00:00:00+00:00,ORCL,lightgbm_quantile,nonsentiment,40,log_return,81.81999969482422,80.76379293593887,1.0562067588853523,1.0562067588853523
2022-12-15 00:00:00+00:00,ORCL,lightgbm_quantile,nonsentiment,40,log_return,80.06999969482422,82.14073666901173,-2.0707369741875112,2.0707369741875112
2022-12-16 00:00:00+00:00,ORCL,lightgbm_quantile,nonsentiment,40,log_return,79.58000183105469,80.20296226539513,-0.6229604343404418,0.6229604343404418
2022-12-19 00:00:00+00:00,ORCL,lightgbm_quantile,nonsentiment,40,log_return,80.5,79.78810225134606,0.7118977486539393,0.7118977486539393
2022-12-20 00:00:00+00:00,ORCL,lightgbm_quantile,nonsentiment,40,log_return,80.94000244140625,80.83111607015948,0.10888637124676848,0.10888637124676848
2022-12-21 00:00:00+00:00,ORCL,lightgbm_quantile,nonsentiment,40,log_return,81.5,81.08076244544928,0.419237554550719,0.419237554550719
2022-12-22 00:00:00+00:00,ORCL,lightgbm_quantile,nonsentiment,40,log_return,80.48999786376953,81.17028564688962,-0.6802877831200931,0.6802877831200931
2022-12-23 00:00:00+00:00,ORCL,lightgbm_quantile,nonsentiment,40,log_return,80.8499984741211,80.24591079926277,0.6040876748583202,0.6040876748583202
2022-12-27 00:00:00+00:00,ORCL,lightgbm_quantile,nonsentiment,40,log_return,80.9800033569336,80.7118733497323,0.2681300072012931,0.2681300072012931
2022-12-28 00:00:00+00:00,ORCL,lightgbm_quantile,nonsentiment,40,log_return,80.33000183105469,80.82836425060263,-0.498362419547945,0.498362419547945
2022-12-29 00:00:00+00:00,ORCL,lightgbm_quantile,nonsentiment,40,log_return,81.4000015258789,79.93100499857755,1.468996527301357,1.468996527301357
2022-12-30 00:00:00+00:00,ORCL,lightgbm_quantile,nonsentiment,40,log_return,81.73999786376953,81.00269662538403,0.7373012383854984,0.7373012383854984
2023-01-03 00:00:00+00:00,ORCL,lightgbm_quantile,nonsentiment,40,log_return,83.72000122070312,81.54756407442993,2.1724371462731966,2.1724371462731966
2023-01-04 00:00:00+00:00,ORCL,lightgbm_quantile,nonsentiment,40,log_return,84.4800033569336,83.8154811238427,0.6645222330908922,0.6645222330908922
2023-01-05 00:00:00+00:00,ORCL,lightgbm_quantile,nonsentiment,40,log_return,84.30999755859375,84.38854435963873,-0.07854680104497902,0.07854680104497902
2023-01-06 00:00:00+00:00,ORCL,lightgbm_quantile,nonsentiment,40,log_return,85.66000366210938,84.46211920232957,1.1978844597798002,1.1978844597798002
2023-01-09 00:00:00+00:00,ORCL,lightgbm_quantile,nonsentiment,40,log_return,86.41999816894531,85.99777448333434,0.4222236856109731,0.4222236856109731
2023-01-10 00:00:00+00:00,ORCL,lightgbm_quantile,nonsentiment,40,log_return,86.5,86.6146602646678,-0.11466026466780477,0.11466026466780477
2023-01-11 00:00:00+00:00,ORCL,lightgbm_quantile,nonsentiment,40,log_return,88.5999984741211,86.47425702305944,2.125741451061657,2.125741451061657
2023-01-12 00:00:00+00:00,ORCL,lightgbm_quantile,nonsentiment,40,log_return,88.77999877929688,88.89959844583986,-0.11959966654298171,0.11959966654298171
2023-01-13 00:00:00+00:00,ORCL,lightgbm_quantile,nonsentiment,40,log_return,89.19999694824219,88.68246995316727,0.5175269950749168,0.5175269950749168
2023-01-17 00:00:00+00:00,ORCL,lightgbm_quantile,nonsentiment,40,log_return,88.5999984741211,88.96002862857635,-0.3600301544552593,0.3600301544552593
2023-01-18 00:00:00+00:00,ORCL,lightgbm_quantile,nonsentiment,40,log_return,86.70999908447266,88.17449460859504,-1.464495524122384,1.464495524122384
2023-01-19 00:00:00+00:00,ORCL,lightgbm_quantile,nonsentiment,40,log_return,85.94000244140625,86.24289038498695,-0.3028879435806999,0.3028879435806999
2023-01-20 00:00:00+00:00,ORCL,lightgbm_quantile,nonsentiment,40,log_return,87.25,85.7175372045363,1.532462795463701,1.532462795463701
2023-01-23 00:00:00+00:00,ORCL,lightgbm_quantile,nonsentiment,40,log_return,88.97000122070312,87.07618755468208,1.893813666021046,1.893813666021046
2023-01-24 00:00:00+00:00,ORCL,lightgbm_quantile,nonsentiment,40,log_return,89.69999694824219,88.919547269703,0.7804496785391848,0.7804496785391848
2023-01-25 00:00:00+00:00,ORCL,lightgbm_quantile,nonsentiment,40,log_return,89.63999938964844,89.69118029094524,-0.05118090129680297,0.05118090129680297
2023-01-26 00:00:00+00:00,ORCL,lightgbm_quantile,nonsentiment,40,log_return,89.83000183105469,89.83901444107883,-0.009012610024143441,0.009012610024143441
2023-01-27 00:00:00+00:00,ORCL,lightgbm_quantile,nonsentiment,40,log_return,88.98999786376953,90.01840730540472,-1.0284094416351905,1.0284094416351905
2023-01-30 00:00:00+00:00,ORCL,lightgbm_quantile,nonsentiment,40,log_return,87.3499984741211,88.79981971161973,-1.4498212374986394,1.4498212374986394
2023-01-31 00:00:00+00:00,ORCL,lightgbm_quantile,nonsentiment,40,log_return,88.45999908447266,87.32777813976222,1.1322209447104399,1.1322209447104399
2023-02-01 00:00:00+00:00,ORCL,lightgbm_quantile,nonsentiment,40,log_return,90.05000305175781,88.3636379359778,1.6863651157800064,1.6863651157800064
2023-02-02 00:00:00+00:00,ORCL,lightgbm_quantile,nonsentiment,40,log_return,89.37999725341797,89.84308920245547,-0.46309194903750495,0.46309194903750495
2023-02-03 00:00:00+00:00,ORCL,lightgbm_quantile,nonsentiment,40,log_return,89.62000274658203,89.2059921737635,0.41401057281852616,0.41401057281852616
2023-02-06 00:00:00+00:00,ORCL,lightgbm_quantile,nonsentiment,40,log_return,88.52999877929688,89.43399664201262,-0.903997862715741,0.903997862715741
2023-02-07 00:00:00+00:00,ORCL,lightgbm_quantile,nonsentiment,40,log_return,87.73999786376953,88.38265714595903,-0.6426592821894985,0.6426592821894985
2023-02-08 00:00:00+00:00,ORCL,lightgbm_quantile,nonsentiment,40,log_return,86.69000244140625,87.60017250318123,-0.9101700617749771,0.9101700617749771
2023-02-09 00:00:00+00:00,ORCL,lightgbm_quantile,nonsentiment,40,log_return,86.6500015258789,86.78946717795293,-0.13946565207402273,0.13946565207402273
2023-02-10 00:00:00+00:00,ORCL,lightgbm_quantile,nonsentiment,40,log_return,87.13999938964844,86.68032250819084,0.45967688145759666,0.45967688145759666
2023-02-13 00:00:00+00:00,ORCL,lightgbm_quantile,nonsentiment,40,log_return,89.41999816894531,87.27943150152723,2.140566667418085,2.140566667418085
2023-02-14 00:00:00+00:00,ORCL,lightgbm_quantile,nonsentiment,40,log_return,89.08999633789062,89.27774381981824,-0.18774748192761592,0.18774748192761592
2023-02-15 00:00:00+00:00,ORCL,lightgbm_quantile,nonsentiment,40,log_return,88.33999633789062,88.9762436024471,-0.6362472645564736,0.6362472645564736
2023-02-16 00:00:00+00:00,ORCL,lightgbm_quantile,nonsentiment,40,log_return,87.72000122070312,88.07404241824419,-0.3540411975410649,0.3540411975410649
2023-02-17 00:00:00+00:00,ORCL,lightgbm_quantile,nonsentiment,40,log_return,87.27999877929688,87.69729953740489,-0.4173007581080128,0.4173007581080128
2023-02-21 00:00:00+00:00,ORCL,lightgbm_quantile,nonsentiment,40,log_return,86.19999694824219,86.94045911039191,-0.7404621621497256,0.7404621621497256
2023-02-22 00:00:00+00:00,ORCL,lightgbm_quantile,nonsentiment,40,log_return,86.31999969482422,85.65129490673625,0.6687047880879646,0.6687047880879646
2023-02-23 00:00:00+00:00,ORCL,lightgbm_quantile,nonsentiment,40,log_return,88.58000183105469,85.95943172846673,2.620570102587962,2.620570102587962
2023-02-24 00:00:00+00:00,ORCL,lightgbm_quantile,nonsentiment,40,log_return,88.66000366210938,88.61128015274032,0.04872350936905434,0.04872350936905434
2023-02-27 00:00:00+00:00,ORCL,lightgbm_quantile,nonsentiment,40,log_return,87.95999908447266,88.6454887216192,-0.6854896371465458,0.6854896371465458
2023-02-28 00:00:00+00:00,ORCL,lightgbm_quantile,nonsentiment,40,log_return,87.4000015258789,88.03231713199058,-0.6323156061116748,0.6323156061116748
2023-03-01 00:00:00+00:00,ORCL,lightgbm_quantile,nonsentiment,40,log_return,86.33999633789062,87.4782019543442,-1.1382056164535754,1.1382056164535754
2023-03-02 00:00:00+00:00,ORCL,lightgbm_quantile,nonsentiment,40,log_return,86.97000122070312,86.42131316188998,0.5486880588131413,0.5486880588131413
2023-03-03 00:00:00+00:00,ORCL,lightgbm_quantile,nonsentiment,40,log_return,89.25,86.73782958521053,2.512170414789466,2.512170414789466
2023-03-06 00:00:00+00:00,ORCL,lightgbm_quantile,nonsentiment,40,log_return,89.73999786376953,88.78035813732069,0.9596397264488417,0.9596397264488417
2023-03-07 00:00:00+00:00,ORCL,lightgbm_quantile,nonsentiment,40,log_return,88.36000061035156,89.51341588346547,-1.1534152731139073,1.1534152731139073
2023-03-08 00:00:00+00:00,ORCL,lightgbm_quantile,nonsentiment,40,log_return,88.48999786376953,88.27311814230005,0.21687972146948198,0.21687972146948198
2023-03-09 00:00:00+00:00,ORCL,lightgbm_quantile,nonsentiment,40,log_return,86.87000274658203,88.0768934828158,-1.206890736233774,1.206890736233774
2023-03-10 00:00:00+00:00,ORCL,lightgbm_quantile,nonsentiment,40,log_return,84.06999969482422,86.57730680906167,-2.507307114237449,2.507307114237449
2023-03-13 00:00:00+00:00,ORCL,lightgbm_quantile,nonsentiment,40,log_return,84.93000030517578,84.26466666841145,0.6653336367643305,0.6653336367643305
2023-03-14 00:00:00+00:00,ORCL,lightgbm_quantile,nonsentiment,40,log_return,84.55999755859375,85.34119342132091,-0.7811958627271594,0.7811958627271594
2023-03-15 00:00:00+00:00,ORCL,lightgbm_quantile,nonsentiment,40,log_return,82.9800033569336,84.6763349059161,-1.6963315489824993,1.6963315489824993
2023-03-16 00:00:00+00:00,ORCL,lightgbm_quantile,nonsentiment,40,log_return,84.81999969482422,83.16750918653487,1.6524905082893468,1.6524905082893468
2023-03-17 00:00:00+00:00,ORCL,lightgbm_quantile,nonsentiment,40,log_return,85.26000213623047,85.31470819679288,-0.054706060562409675,0.054706060562409675
2023-03-20 00:00:00+00:00,ORCL,lightgbm_quantile,nonsentiment,40,log_return,86.95999908447266,85.53741806846992,1.422581016002738,1.422581016002738
2023-03-21 00:00:00+00:00,ORCL,lightgbm_quantile,nonsentiment,40,log_return,87.58000183105469,87.14930003986333,0.4307017911913533,0.4307017911913533
2023-03-22 00:00:00+00:00,ORCL,lightgbm_quantile,nonsentiment,40,log_return,87.9000015258789,87.57637974426139,0.3236217816175184,0.3236217816175184
2023-03-23 00:00:00+00:00,ORCL,lightgbm_quantile,nonsentiment,40,log_return,87.77999877929688,87.98003738252656,-0.20003860322968592,0.20003860322968592
2023-03-24 00:00:00+00:00,ORCL,lightgbm_quantile,nonsentiment,40,log_return,88.01000213623047,87.62907123723146,0.38093089899901145,0.38093089899901145
2023-03-27 00:00:00+00:00,ORCL,lightgbm_quantile,nonsentiment,40,log_return,90.13999938964844,87.84672809927277,2.293271290375671,2.293271290375671
2023-03-28 00:00:00+00:00,ORCL,lightgbm_quantile,nonsentiment,40,log_return,89.8499984741211,90.14882259171054,-0.29882411758944727,0.29882411758944727
2023-03-29 00:00:00+00:00,ORCL,lightgbm_quantile,nonsentiment,40,log_return,90.62000274658205,89.64724524867721,0.972757497904837,0.972757497904837
2023-03-30 00:00:00+00:00,ORCL,lightgbm_quantile,nonsentiment,40,log_return,90.51000213623048,90.53187268099839,-0.021870544767907063,0.021870544767907063
2023-03-31 00:00:00+00:00,ORCL,lightgbm_quantile,nonsentiment,40,log_return,92.91999816894533,90.4353506668118,2.4846475021335266,2.4846475021335266
2023-04-03 00:00:00+00:00,ORCL,lightgbm_quantile,nonsentiment,40,log_return,93.91999816894533,92.9870426132669,0.9329555556784328,0.9329555556784328
2023-04-04 00:00:00+00:00,ORCL,lightgbm_quantile,nonsentiment,40,log_return,94.0,93.89299469880434,0.10700530119565599,0.10700530119565599
2023-04-05 00:00:00+00:00,ORCL,lightgbm_quantile,nonsentiment,40,log_return,94.88999938964844,94.16061143278591,0.7293879568625243,0.7293879568625243
2023-04-06 00:00:00+00:00,ORCL,lightgbm_quantile,nonsentiment,40,log_return,95.91999816894533,95.11477164500509,0.8052265239402345,0.8052265239402345
2023-04-10 00:00:00+00:00,ORCL,lightgbm_quantile,nonsentiment,40,log_return,93.76000213623048,95.89275105431595,-2.1327489180854684,2.1327489180854684
2023-04-11 00:00:00+00:00,ORCL,lightgbm_quantile,nonsentiment,40,log_return,93.97000122070312,93.83553200957193,0.13446921113119004,0.13446921113119004
2023-04-12 00:00:00+00:00,ORCL,lightgbm_quantile,nonsentiment,40,log_return,93.9000015258789,94.25867801725414,-0.3586764913752347,0.3586764913752347
2023-04-13 00:00:00+00:00,ORCL,lightgbm_quantile,nonsentiment,40,log_return,95.5500030517578,93.98387282809377,1.5661302236640324,1.5661302236640324
2023-04-14 00:00:00+00:00,ORCL,lightgbm_quantile,nonsentiment,40,log_return,95.70999908447266,95.57186458485783,0.1381344996148215,0.1381344996148215
2023-04-17 00:00:00+00:00,ORCL,lightgbm_quantile,nonsentiment,40,log_return,95.58999633789062,95.5423719912036,0.047624346687030084,0.047624346687030084
2023-04-18 00:00:00+00:00,ORCL,lightgbm_quantile,nonsentiment,40,log_return,96.47000122070312,95.58571890765113,0.8842823130519974,0.8842823130519974
2023-04-19 00:00:00+00:00,ORCL,lightgbm_quantile,nonsentiment,40,log_return,95.80999755859376,96.60907396486363,-0.7990764062698616,0.7990764062698616
2023-04-20 00:00:00+00:00,ORCL,lightgbm_quantile,nonsentiment,40,log_return,94.83000183105467,95.48790116202156,-0.6578993309668846,0.6578993309668846
2023-04-21 00:00:00+00:00,ORCL,lightgbm_quantile,nonsentiment,40,log_return,95.1500015258789,94.5403304797774,0.6096710461015107,0.6096710461015107
2023-04-24 00:00:00+00:00,ORCL,lightgbm_quantile,nonsentiment,40,log_return,95.44000244140624,94.95604354381948,0.4839588975867599,0.4839588975867599
2023-04-25 00:00:00+00:00,ORCL,lightgbm_quantile,nonsentiment,40,log_return,94.05999755859376,95.38143102909449,-1.3214334705007218,1.3214334705007218
2023-04-26 00:00:00+00:00,ORCL,lightgbm_quantile,nonsentiment,40,log_return,93.70999908447266,93.94618239313283,-0.23618330866017345,0.23618330866017345
2023-04-27 00:00:00+00:00,ORCL,lightgbm_quantile,nonsentiment,40,log_return,95.04000091552734,93.45831048759375,1.5816904279335944,1.5816904279335944
2023-04-28 00:00:00+00:00,ORCL,lightgbm_quantile,nonsentiment,40,log_return,94.72000122070312,94.69822654006109,0.021774680642039357,0.021774680642039357
2023-05-01 00:00:00+00:00,ORCL,lightgbm_quantile,nonsentiment,40,log_return,94.87000274658205,94.96874499446163,-0.09874224787958497,0.09874224787958497
2023-05-02 00:00:00+00:00,ORCL,lightgbm_quantile,nonsentiment,40,log_return,94.8000030517578,94.51354396168286,0.28645909007494197,0.28645909007494197
2023-05-03 00:00:00+00:00,ORCL,lightgbm_quantile,nonsentiment,40,log_return,94.77999877929688,94.67785441555786,0.10214436373901492,0.10214436373901492
2023-05-04 00:00:00+00:00,ORCL,lightgbm_quantile,nonsentiment,40,log_return,94.97000122070312,94.46046955070973,0.5095316699933932,0.5095316699933932
2023-05-05 00:00:00+00:00,ORCL,lightgbm_quantile,nonsentiment,40,log_return,96.97000122070312,94.58462815709161,2.3853730636115102,2.3853730636115102
2023-05-08 00:00:00+00:00,ORCL,lightgbm_quantile,nonsentiment,40,log_return,96.79000091552734,96.85408119853942,-0.0640802830120748,0.0640802830120748
2023-05-09 00:00:00+00:00,ORCL,lightgbm_quantile,nonsentiment,40,log_return,96.13999938964844,96.76828711439664,-0.6282877247482048,0.6282877247482048
2023-05-10 00:00:00+00:00,ORCL,lightgbm_quantile,nonsentiment,40,log_return,97.5199966430664,96.0659961975125,1.454000445553902,1.454000445553902
2023-05-11 00:00:00+00:00,ORCL,lightgbm_quantile,nonsentiment,40,log_return,97.44000244140624,96.93907372401019,0.5009287173960502,0.5009287173960502
2023-05-12 00:00:00+00:00,ORCL,lightgbm_quantile,nonsentiment,40,log_return,97.8499984741211,97.48858361843098,0.3614148556901142,0.3614148556901142
2023-05-15 00:00:00+00:00,ORCL,lightgbm_quantile,nonsentiment,40,log_return,97.26000213623048,97.57630165215991,-0.31629951592942973,0.31629951592942973
2023-05-16 00:00:00+00:00,ORCL,lightgbm_quantile,nonsentiment,40,log_return,98.25,96.95600139210259,1.2939986078974073,1.2939986078974073
2023-05-17 00:00:00+00:00,ORCL,lightgbm_quantile,nonsentiment,40,log_return,99.7699966430664,98.1209558061364,1.6490408369300127,1.6490408369300127
2023-05-18 00:00:00+00:00,ORCL,lightgbm_quantile,nonsentiment,40,log_return,102.33999633789062,99.76674622705791,2.573250110832717,2.573250110832717
2023-05-19 00:00:00+00:00,ORCL,lightgbm_quantile,nonsentiment,40,log_return,102.83999633789062,102.6209438235553,0.21905251433533124,0.21905251433533124
2023-05-22 00:00:00+00:00,ORCL,lightgbm_quantile,nonsentiment,40,log_return,101.7699966430664,102.76741043991298,-0.9974137968465726,0.9974137968465726
2023-05-23 00:00:00+00:00,ORCL,lightgbm_quantile,nonsentiment,40,log_return,98.54000091552734,101.71157309620006,-3.1715721806727117,3.1715721806727117
2023-05-24 00:00:00+00:00,ORCL,lightgbm_quantile,nonsentiment,40,log_return,98.31999969482422,98.71881686402078,-0.39881716919656185,0.39881716919656185
2023-05-25 00:00:00+00:00,ORCL,lightgbm_quantile,nonsentiment,40,log_return,104.29000091552734,98.1210253940288,6.168975521498538,6.168975521498538
2023-05-26 00:00:00+00:00,ORCL,lightgbm_quantile,nonsentiment,40,log_return,104.08000183105467,104.49881990616575,-0.4188180751110764,0.4188180751110764
2023-05-30 00:00:00+00:00,ORCL,lightgbm_quantile,nonsentiment,40,log_return,105.1500015258789,104.12233000193703,1.0276715239418763,1.0276715239418763
2023-05-31 00:00:00+00:00,ORCL,lightgbm_quantile,nonsentiment,40,log_return,105.94000244140624,105.41746436234011,0.5225380790661234,0.5225380790661234
2023-06-01 00:00:00+00:00,ORCL,lightgbm_quantile,nonsentiment,40,log_return,105.98999786376952,106.082398116735,-0.09240025296548993,0.09240025296548993
2023-06-02 00:00:00+00:00,ORCL,lightgbm_quantile,nonsentiment,40,log_return,105.88999938964844,105.95793208949546,-0.06793269984702022,0.06793269984702022
2023-06-05 00:00:00+00:00,ORCL,lightgbm_quantile,nonsentiment,40,log_return,106.93000030517578,105.99729845303123,0.9327018521445467,0.9327018521445467
2023-06-06 00:00:00+00:00,ORCL,lightgbm_quantile,nonsentiment,40,log_return,107.0999984741211,107.03022418873941,0.0697742853816834,0.0697742853816834
2023-06-07 00:00:00+00:00,ORCL,lightgbm_quantile,nonsentiment,40,log_return,105.25,107.42946331957414,-2.1794633195741397,2.1794633195741397
2023-06-08 00:00:00+00:00,ORCL,lightgbm_quantile,nonsentiment,40,log_return,107.4800033569336,105.39424626126208,2.085757095671511,2.085757095671511
2023-06-09 00:00:00+00:00,ORCL,lightgbm_quantile,nonsentiment,40,log_return,109.8499984741211,107.72730397136223,2.1226945027588613,2.1226945027588613
2023-06-12 00:00:00+00:00,ORCL,lightgbm_quantile,nonsentiment,40,log_return,116.43000030517578,110.23581351748459,6.194186787691194,6.194186787691194
2023-06-13 00:00:00+00:00,ORCL,lightgbm_quantile,nonsentiment,40,log_return,116.68000030517578,116.91560182234952,-0.235601517173734,0.235601517173734
2023-06-14 00:00:00+00:00,ORCL,lightgbm_quantile,nonsentiment,40,log_return,122.2699966430664,117.14146470817276,5.128531934893644,5.128531934893644
2023-06-15 00:00:00+00:00,ORCL,lightgbm_quantile,nonsentiment,40,log_return,126.5500030517578,122.55545505533571,3.994547996422085,3.994547996422085
2023-06-16 00:00:00+00:00,ORCL,lightgbm_quantile,nonsentiment,40,log_return,125.45999908447266,127.06161295908589,-1.6016138746132356,1.6016138746132356
2023-06-20 00:00:00+00:00,ORCL,lightgbm_quantile,nonsentiment,40,log_return,122.04000091552734,125.77317429189708,-3.7331733763697343,3.7331733763697343
2023-06-21 00:00:00+00:00,ORCL,lightgbm_quantile,nonsentiment,40,log_return,122.0999984741211,122.24808428635815,-0.1480858122370563,0.1480858122370563
2023-06-22 00:00:00+00:00,ORCL,lightgbm_quantile,nonsentiment,40,log_return,120.58000183105467,122.71632619279666,-2.136324361741984,2.136324361741984
2023-06-23 00:00:00+00:00,ORCL,lightgbm_quantile,nonsentiment,40,log_return,118.63999938964844,120.77627797853373,-2.1362785888852898,2.1362785888852898
2023-06-26 00:00:00+00:00,ORCL,lightgbm_quantile,nonsentiment,40,log_return,116.77999877929688,119.07467098366358,-2.294672204366705,2.294672204366705
2023-06-27 00:00:00+00:00,ORCL,lightgbm_quantile,nonsentiment,40,log_return,117.83999633789062,117.18271773594641,0.6572786019442134,0.6572786019442134
2023-06-28 00:00:00+00:00,ORCL,lightgbm_quantile,nonsentiment,40,log_return,116.52999877929688,118.01235638151626,-1.4823576022193805,1.4823576022193805
2023-06-29 00:00:00+00:00,ORCL,lightgbm_quantile,nonsentiment,40,log_return,117.77999877929688,116.76692612840722,1.0130726508896544,1.0130726508896544
2023-06-30 00:00:00+00:00,ORCL,lightgbm_quantile,nonsentiment,40,log_return,119.08999633789062,118.08812271262504,1.0018736252655884,1.0018736252655884
2023-07-03 00:00:00+00:00,ORCL,lightgbm_quantile,nonsentiment,40,log_return,117.1500015258789,119.26571181603096,-2.1157102901520517,2.1157102901520517
2023-07-05 00:00:00+00:00,ORCL,lightgbm_quantile,nonsentiment,40,log_return,115.95999908447266,117.22097613869104,-1.2609770542183867,1.2609770542183867
2023-07-06 00:00:00+00:00,ORCL,lightgbm_quantile,nonsentiment,40,log_return,115.4499969482422,115.94975496458513,-0.4997580163429234,0.4997580163429234
2023-07-07 00:00:00+00:00,ORCL,lightgbm_quantile,nonsentiment,40,log_return,114.61000061035156,115.45243860321752,-0.8424379928659533,0.8424379928659533
2023-07-10 00:00:00+00:00,ORCL,lightgbm_quantile,nonsentiment,40,log_return,114.37999725341795,114.83573447798366,-0.4557372245657092,0.4557372245657092
2023-07-11 00:00:00+00:00,ORCL,lightgbm_quantile,nonsentiment,40,log_return,114.87999725341795,114.37731884079464,0.502678412623311,0.502678412623311
2023-07-12 00:00:00+00:00,ORCL,lightgbm_quantile,nonsentiment,40,log_return,116.0199966430664,114.68194521929412,1.338051423772285,1.338051423772285
2023-07-13 00:00:00+00:00,ORCL,lightgbm_quantile,nonsentiment,40,log_return,117.4499969482422,116.18762655053806,1.2623703977041458,1.2623703977041458
2023-07-14 00:00:00+00:00,ORCL,lightgbm_quantile,nonsentiment,40,log_return,119.2699966430664,117.7230461342778,1.546950508788612,1.546950508788612
2023-07-17 00:00:00+00:00,ORCL,lightgbm_quantile,nonsentiment,40,log_return,118.88999938964844,119.34605253883278,-0.45605314918434203,0.45605314918434203
2023-07-18 00:00:00+00:00,ORCL,lightgbm_quantile,nonsentiment,40,log_return,120.7699966430664,118.9295685370411,1.8404281060252998,1.8404281060252998
2023-07-19 00:00:00+00:00,ORCL,lightgbm_quantile,nonsentiment,40,log_return,118.69000244140624,120.69186734593471,-2.0018649045284747,2.0018649045284747
2023-07-20 00:00:00+00:00,ORCL,lightgbm_quantile,nonsentiment,40,log_return,115.87999725341795,118.70738784347596,-2.827390590058002,2.827390590058002
2023-07-21 00:00:00+00:00,ORCL,lightgbm_quantile,nonsentiment,40,log_return,117.6500015258789,116.13084826749406,1.519153258384847,1.519153258384847
2023-07-24 00:00:00+00:00,ORCL,lightgbm_quantile,nonsentiment,40,log_return,118.06999969482422,117.91024685801825,0.1597528368059642,0.1597528368059642
2023-07-25 00:00:00+00:00,ORCL,lightgbm_quantile,nonsentiment,40,log_return,117.9499969482422,117.92205841550918,0.027938532733017496,0.027938532733017496
2023-07-26 00:00:00+00:00,ORCL,lightgbm_quantile,nonsentiment,40,log_return,115.5,117.60632617382441,-2.1063261738244137,2.1063261738244137
2023-07-27 00:00:00+00:00,ORCL,lightgbm_quantile,nonsentiment,40,log_return,116.4000015258789,115.43794525840985,0.9620562674690518,0.9620562674690518
2023-07-28 00:00:00+00:00,ORCL,lightgbm_quantile,nonsentiment,40,log_return,115.98999786376952,116.69783506114042,-0.7078371973709068,0.7078371973709068
2023-07-31 00:00:00+00:00,ORCL,lightgbm_quantile,nonsentiment,40,log_return,117.2300033569336,116.14637644034113,1.0836269165924648,1.0836269165924648
2023-08-01 00:00:00+00:00,ORCL,lightgbm_quantile,nonsentiment,40,log_return,117.91000366210938,117.16283413346402,0.7471695286453581,0.7471695286453581
2023-08-02 00:00:00+00:00,ORCL,lightgbm_quantile,nonsentiment,40,log_return,115.70999908447266,117.72174501492033,-2.011745930447674,2.011745930447674
2023-08-03 00:00:00+00:00,ORCL,lightgbm_quantile,nonsentiment,40,log_return,114.5500030517578,115.3967300293828,-0.8467269776249964,0.8467269776249964
2023-08-04 00:00:00+00:00,ORCL,lightgbm_quantile,nonsentiment,40,log_return,114.44000244140624,114.1717766845526,0.2682257568536386,0.2682257568536386
2023-08-07 00:00:00+00:00,ORCL,lightgbm_quantile,nonsentiment,40,log_return,116.0999984741211,114.28594716478794,1.814051309333152,1.814051309333152
2023-08-08 00:00:00+00:00,ORCL,lightgbm_quantile,nonsentiment,40,log_return,115.2300033569336,115.95835626830136,-0.7283529113677645,0.7283529113677645
2023-08-09 00:00:00+00:00,ORCL,lightgbm_quantile,nonsentiment,40,log_return,113.0999984741211,115.09639930318072,-1.996400829059624,1.996400829059624
2023-08-10 00:00:00+00:00,ORCL,lightgbm_quantile,nonsentiment,40,log_return,112.98999786376952,112.98307698464262,0.006920879126894874,0.006920879126894874
2023-08-11 00:00:00+00:00,ORCL,lightgbm_quantile,nonsentiment,40,log_return,113.05999755859376,112.55756293095324,0.5024346276405254,0.5024346276405254
2023-08-14 00:00:00+00:00,ORCL,lightgbm_quantile,nonsentiment,40,log_return,115.56999969482422,112.60597733866541,2.9640223561588073,2.9640223561588073
2023-08-15 00:00:00+00:00,ORCL,lightgbm_quantile,nonsentiment,40,log_return,117.29000091552734,115.03113166082188,2.258869254705459,2.258869254705459
2023-08-16 00:00:00+00:00,ORCL,lightgbm_quantile,nonsentiment,40,log_return,115.33999633789062,117.17629800365673,-1.8363016657661007,1.8363016657661007
2023-08-17 00:00:00+00:00,ORCL,lightgbm_quantile,nonsentiment,40,log_return,114.87999725341795,115.48395917144488,-0.6039619180269256,0.6039619180269256
2023-08-18 00:00:00+00:00,ORCL,lightgbm_quantile,nonsentiment,40,log_return,116.45999908447266,114.92415664348967,1.5358424409829894,1.5358424409829894
2023-08-21 00:00:00+00:00,ORCL,lightgbm_quantile,nonsentiment,40,log_return,116.58999633789062,116.60640310344735,-0.016406765556723713,0.016406765556723713
2023-08-22 00:00:00+00:00,ORCL,lightgbm_quantile,nonsentiment,40,log_return,116.54000091552734,116.53398856869656,0.006012346830786441,0.006012346830786441
2023-08-23 00:00:00+00:00,ORCL,lightgbm_quantile,nonsentiment,40,log_return,117.83999633789062,116.66186733684145,1.1781290010491716,1.1781290010491716
2023-08-24 00:00:00+00:00,ORCL,lightgbm_quantile,nonsentiment,40,log_return,112.91000366210938,117.73225249176805,-4.822248829658676,4.822248829658676
2023-08-25 00:00:00+00:00,ORCL,lightgbm_quantile,nonsentiment,40,log_return,116.05999755859376,112.86538687607978,3.194610682513982,3.194610682513982
2023-08-28 00:00:00+00:00,ORCL,lightgbm_quantile,nonsentiment,40,log_return,116.83999633789062,116.46009488973637,0.3799014481542571,0.3799014481542571
2023-08-29 00:00:00+00:00,ORCL,lightgbm_quantile,nonsentiment,40,log_return,120.6500015258789,116.57421037937517,4.075791146503732,4.075791146503732
2023-08-30 00:00:00+00:00,ORCL,lightgbm_quantile,nonsentiment,40,log_return,121.12000274658205,120.83040132265259,0.2896014239294544,0.2896014239294544
2023-08-31 00:00:00+00:00,ORCL,lightgbm_quantile,nonsentiment,40,log_return,120.38999938964844,120.89059758228413,-0.5005981926356924,0.5005981926356924
2023-09-01 00:00:00+00:00,ORCL,lightgbm_quantile,nonsentiment,40,log_return,120.93000030517578,120.65450025246764,0.27550005270813926,0.27550005270813926
2023-09-05 00:00:00+00:00,ORCL,lightgbm_quantile,nonsentiment,40,log_return,123.9800033569336,120.71866049862382,3.2613428583097743,3.2613428583097743
2023-09-06 00:00:00+00:00,ORCL,lightgbm_quantile,nonsentiment,40,log_return,124.33000183105467,123.82441709938037,0.5055847316743041,0.5055847316743041
2023-09-07 00:00:00+00:00,ORCL,lightgbm_quantile,nonsentiment,40,log_return,125.08999633789062,124.78607349107078,0.3039228468198445,0.3039228468198445
2023-09-08 00:00:00+00:00,ORCL,lightgbm_quantile,nonsentiment,40,log_return,126.31999969482422,124.94788716221953,1.3721125326046888,1.3721125326046888
2023-09-11 00:00:00+00:00,ORCL,lightgbm_quantile,nonsentiment,40,log_return,126.70999908447266,126.80213934380413,-0.09214025933147241,0.09214025933147241
2023-09-12 00:00:00+00:00,ORCL,lightgbm_quantile,nonsentiment,40,log_return,109.61000061035156,126.77476006675171,-17.164759456400148,17.164759456400148
2023-09-13 00:00:00+00:00,ORCL,lightgbm_quantile,nonsentiment,40,log_return,111.83999633789062,109.85368557121947,1.9863107666711528,1.9863107666711528
2023-09-14 00:00:00+00:00,ORCL,lightgbm_quantile,nonsentiment,40,log_return,113.66000366210938,112.1552847216448,1.5047189404645707,1.5047189404645707
2023-09-15 00:00:00+00:00,ORCL,lightgbm_quantile,nonsentiment,40,log_return,113.91000366210938,113.97718503536504,-0.06718137325566431,0.06718137325566431
2023-09-18 00:00:00+00:00,ORCL,lightgbm_quantile,nonsentiment,40,log_return,112.20999908447266,114.46488391230123,-2.254884827828576,2.254884827828576
2023-09-19 00:00:00+00:00,ORCL,lightgbm_quantile,nonsentiment,40,log_return,112.7699966430664,112.24765792400657,0.5223387190598316,0.5223387190598316
2023-09-20 00:00:00+00:00,ORCL,lightgbm_quantile,nonsentiment,40,log_return,112.87000274658205,113.23410835517576,-0.364105608593718,0.364105608593718
2023-09-21 00:00:00+00:00,ORCL,lightgbm_quantile,nonsentiment,40,log_return,109.43000030517578,113.19793359064256,-3.767933285466782,3.767933285466782
2023-09-22 00:00:00+00:00,ORCL,lightgbm_quantile,nonsentiment,40,log_return,109.02999877929688,109.64811756631839,-0.6181187870215155,0.6181187870215155
2023-09-25 00:00:00+00:00,ORCL,lightgbm_quantile,nonsentiment,40,log_return,108.3000030517578,109.16074773111303,-0.8607446793552356,0.8607446793552356
2023-09-26 00:00:00+00:00,ORCL,lightgbm_quantile,nonsentiment,40,log_return,104.87999725341795,108.60487026216892,-3.7248730087509614,3.7248730087509614
2023-09-27 00:00:00+00:00,ORCL,lightgbm_quantile,nonsentiment,40,log_return,104.62000274658205,105.37432924282844,-0.7543264962463923,0.7543264962463923
2023-09-28 00:00:00+00:00,ORCL,lightgbm_quantile,nonsentiment,40,log_return,106.1500015258789,105.00387827831035,1.1461232475685534,1.1461232475685534
2023-09-29 00:00:00+00:00,ORCL,lightgbm_quantile,nonsentiment,40,log_return,105.91999816894533,106.5159404498542,-0.5959422809088721,0.5959422809088721
2023-10-02 00:00:00+00:00,ORCL,lightgbm_quantile,nonsentiment,40,log_return,106.70999908447266,106.11029771716434,0.5997013673083131,0.5997013673083131
2023-10-03 00:00:00+00:00,ORCL,lightgbm_quantile,nonsentiment,40,log_return,104.5199966430664,106.78782209133723,-2.267825448270827,2.267825448270827
2023-10-04 00:00:00+00:00,ORCL,lightgbm_quantile,nonsentiment,40,log_return,107.08000183105467,104.573877713902,2.5061241171526802,2.5061241171526802
2023-10-05 00:00:00+00:00,ORCL,lightgbm_quantile,nonsentiment,40,log_return,108.3499984741211,107.00448692087268,1.3455115532484143,1.3455115532484143
2023-10-06 00:00:00+00:00,ORCL,lightgbm_quantile,nonsentiment,40,log_return,109.95999908447266,108.4935399962233,1.4664590882493513,1.4664590882493513
2023-10-09 00:00:00+00:00,ORCL,lightgbm_quantile,nonsentiment,40,log_return,110.31999969482422,109.92492053386768,0.3950791609565414,0.3950791609565414
2023-10-10 00:00:00+00:00,ORCL,lightgbm_quantile,nonsentiment,40,log_return,109.70999908447266,110.27747063940977,-0.5674715549371143,0.5674715549371143
2023-10-11 00:00:00+00:00,ORCL,lightgbm_quantile,nonsentiment,40,log_return,109.63999938964844,109.70819212737399,-0.06819273772555334,0.06819273772555334
2023-10-12 00:00:00+00:00,ORCL,lightgbm_quantile,nonsentiment,40,log_return,109.11000061035156,109.34762984201866,-0.23762923166709982,0.23762923166709982
2023-10-13 00:00:00+00:00,ORCL,lightgbm_quantile,nonsentiment,40,log_return,108.25,109.05100280121538,-0.8010028012153754,0.8010028012153754
2023-10-16 00:00:00+00:00,ORCL,lightgbm_quantile,nonsentiment,40,log_return,108.70999908447266,107.75966631647898,0.9503327679936717,0.9503327679936717
2023-10-17 00:00:00+00:00,ORCL,lightgbm_quantile,nonsentiment,40,log_return,109.04000091552734,108.49570436976825,0.5442965457590958,0.5442965457590958
2023-10-18 00:00:00+00:00,ORCL,lightgbm_quantile,nonsentiment,40,log_return,108.25,108.52591174368204,-0.27591174368204463,0.27591174368204463
2023-10-19 00:00:00+00:00,ORCL,lightgbm_quantile,nonsentiment,40,log_return,108.33999633789062,107.85073797945063,0.4892583584399972,0.4892583584399972
2023-10-20 00:00:00+00:00,ORCL,lightgbm_quantile,nonsentiment,40,log_return,101.8499984741211,108.2676636863163,-6.417665212195203,6.417665212195203
2023-10-23 00:00:00+00:00,ORCL,lightgbm_quantile,nonsentiment,40,log_return,103.66000366210938,101.76821391835183,1.891789743757542,1.891789743757542
2023-10-24 00:00:00+00:00,ORCL,lightgbm_quantile,nonsentiment,40,log_return,103.1999969482422,103.93504790737396,-0.7350509591317547,0.7350509591317547
2023-10-25 00:00:00+00:00,ORCL,lightgbm_quantile,nonsentiment,40,log_return,101.43000030517578,103.23352717212379,-1.8035268669480047,1.8035268669480047
2023-10-26 00:00:00+00:00,ORCL,lightgbm_quantile,nonsentiment,40,log_return,100.4000015258789,101.54947694984122,-1.1494754239623148,1.1494754239623148
2023-10-27 00:00:00+00:00,ORCL,lightgbm_quantile,nonsentiment,40,log_return,100.98999786376952,100.71040846096096,0.27958940280855415,0.27958940280855415
2023-10-30 00:00:00+00:00,ORCL,lightgbm_quantile,nonsentiment,40,log_return,101.6500015258789,101.05748451442666,0.5925170114522444,0.5925170114522444
2023-10-31 00:00:00+00:00,ORCL,lightgbm_quantile,nonsentiment,40,log_return,103.4000015258789,101.74154992465172,1.6584516012271848,1.6584516012271848
2023-11-01 00:00:00+00:00,ORCL,lightgbm_quantile,nonsentiment,40,log_return,105.75,103.06627774749451,2.68372225250549,2.68372225250549
2023-11-02 00:00:00+00:00,ORCL,lightgbm_quantile,nonsentiment,40,log_return,106.87000274658205,105.54270224258205,1.327300503999993,1.327300503999993
2023-11-03 00:00:00+00:00,ORCL,lightgbm_quantile,nonsentiment,40,log_return,108.0500030517578,106.36688467826124,1.683118373496555,1.683118373496555
2023-11-06 00:00:00+00:00,ORCL,lightgbm_quantile,nonsentiment,40,log_return,109.11000061035156,107.85954536516068,1.250455245190878,1.250455245190878
2023-11-07 00:00:00+00:00,ORCL,lightgbm_quantile,nonsentiment,40,log_return,108.98999786376952,108.97571871629252,0.014279147476997878,0.014279147476997878
2023-11-08 00:00:00+00:00,ORCL,lightgbm_quantile,nonsentiment,40,log_return,112.33000183105467,108.85494707316839,3.4750547578862836,3.4750547578862836
2023-11-09 00:00:00+00:00,ORCL,lightgbm_quantile,nonsentiment,40,log_return,112.18000030517578,112.48866760803874,-0.3086673028629576,0.3086673028629576
2023-11-10 00:00:00+00:00,ORCL,lightgbm_quantile,nonsentiment,40,log_return,113.06999969482422,112.5142803249683,0.5557193698559217,0.5557193698559217
2023-11-13 00:00:00+00:00,ORCL,lightgbm_quantile,nonsentiment,40,log_return,114.1500015258789,113.21977551440574,0.9302260114731666,0.9302260114731666
2023-11-14 00:00:00+00:00,ORCL,lightgbm_quantile,nonsentiment,40,log_return,116.0999984741211,113.79458349326113,2.3054149808599647,2.3054149808599647
2023-11-15 00:00:00+00:00,ORCL,lightgbm_quantile,nonsentiment,40,log_return,114.05999755859376,115.98544456517908,-1.9254470065853155,1.9254470065853155
2023-11-16 00:00:00+00:00,ORCL,lightgbm_quantile,nonsentiment,40,log_return,114.66999816894533,113.90218285071096,0.7678153182343692,0.7678153182343692
2023-11-17 00:00:00+00:00,ORCL,lightgbm_quantile,nonsentiment,40,log_return,115.36000061035156,114.51734589062497,0.8426547197265961,0.8426547197265961
2023-11-20 00:00:00+00:00,ORCL,lightgbm_quantile,nonsentiment,40,log_return,116.91999816894533,115.275087834696,1.6449103342493316,1.6449103342493316
2023-11-21 00:00:00+00:00,ORCL,lightgbm_quantile,nonsentiment,40,log_return,116.08000183105467,116.37874365011481,-0.2987418190601403,0.2987418190601403
2023-11-22 00:00:00+00:00,ORCL,lightgbm_quantile,nonsentiment,40,log_return,116.23999786376952,115.719702765232,0.5202950985375168,0.5202950985375168
2023-11-24 00:00:00+00:00,ORCL,lightgbm_quantile,nonsentiment,40,log_return,116.25,115.72760916706268,0.5223908329373188,0.5223908329373188
2023-11-27 00:00:00+00:00,ORCL,lightgbm_quantile,nonsentiment,40,log_return,116.47000122070312,115.96759102480532,0.5024101958978093,0.5024101958978093
2023-11-28 00:00:00+00:00,ORCL,lightgbm_quantile,nonsentiment,40,log_return,116.23999786376952,116.1852530623309,0.054744801438616264,0.054744801438616264
2023-11-29 00:00:00+00:00,ORCL,lightgbm_quantile,nonsentiment,40,log_return,116.20999908447266,115.99905670585427,0.21094237861838394,0.21094237861838394
2023-11-30 00:00:00+00:00,ORCL,lightgbm_quantile,nonsentiment,40,log_return,116.20999908447266,115.78657403695875,0.4234250475139021,0.4234250475139021
2023-12-01 00:00:00+00:00,ORCL,lightgbm_quantile,nonsentiment,40,log_return,117.16000366210938,116.06814372369062,1.0918599384187502,1.0918599384187502
2023-12-04 00:00:00+00:00,ORCL,lightgbm_quantile,nonsentiment,40,log_return,115.77999877929688,117.4069640531162,-1.626965273819323,1.626965273819323
2023-12-05 00:00:00+00:00,ORCL,lightgbm_quantile,nonsentiment,40,log_return,114.52999877929688,115.4531402048619,-0.9231414255650208,0.9231414255650208
2023-12-06 00:00:00+00:00,ORCL,lightgbm_quantile,nonsentiment,40,log_return,112.02999877929688,114.22534654589553,-2.1953477665986583,2.1953477665986583
2023-12-07 00:00:00+00:00,ORCL,lightgbm_quantile,nonsentiment,40,log_return,112.87000274658205,111.88959463121,0.9804081153720432,0.9804081153720432
2023-12-08 00:00:00+00:00,ORCL,lightgbm_quantile,nonsentiment,40,log_return,113.61000061035156,113.06478204397102,0.5452185663805409,0.5452185663805409
2023-12-11 00:00:00+00:00,ORCL,lightgbm_quantile,nonsentiment,40,log_return,115.12999725341795,113.40846980929486,1.7215274441230974,1.7215274441230974
2023-12-12 00:00:00+00:00,ORCL,lightgbm_quantile,nonsentiment,40,log_return,100.80999755859376,115.2999758612406,-14.489978302646833,14.489978302646833
2023-12-13 00:00:00+00:00,ORCL,lightgbm_quantile,nonsentiment,40,log_return,102.98999786376952,100.97697631347742,2.0130215502920947,2.0130215502920947
2023-12-14 00:00:00+00:00,ORCL,lightgbm_quantile,nonsentiment,40,log_return,100.30999755859376,103.03436517675024,-2.724367618156478,2.724367618156478
2023-12-15 00:00:00+00:00,ORCL,lightgbm_quantile,nonsentiment,40,log_return,103.31999969482422,100.51491128849987,2.8050884063243444,2.8050884063243444
