Date,Stock,Model,Mode,Lag_Count,Target_Transform,Actual,Predicted,Residual,Absolute_Error
2021-03-01 00:00:00+00:00,KO,lightgbm_quantile,nonsentiment,40,log_return,49.900001525878906,48.967300881008384,0.932700644870522,0.932700644870522
2021-03-02 00:00:00+00:00,KO,lightgbm_quantile,nonsentiment,40,log_return,50.09999847412109,49.84332049127229,0.2566779828487995,0.2566779828487995
2021-03-03 00:00:00+00:00,KO,lightgbm_quantile,nonsentiment,40,log_return,49.97999954223633,50.04581274293775,-0.06581320070142027,0.06581320070142027
2021-03-04 00:00:00+00:00,KO,lightgbm_quantile,nonsentiment,40,log_return,49.93999862670898,49.99996951334093,-0.059970886631951714,0.059970886631951714
2021-03-05 00:00:00+00:00,KO,lightgbm_quantile,nonsentiment,40,log_return,50.790000915527344,49.9592569923903,0.8307439231370424,0.8307439231370424
2021-03-08 00:00:00+00:00,KO,lightgbm_quantile,nonsentiment,40,log_return,51.63999938964844,50.77207592885872,0.8679234607897186,0.8679234607897186
2021-03-09 00:00:00+00:00,KO,lightgbm_quantile,nonsentiment,40,log_return,50.86000061035156,51.67207496088027,-0.8120743505287109,0.8120743505287109
2021-03-10 00:00:00+00:00,KO,lightgbm_quantile,nonsentiment,40,log_return,51.43999862670898,50.82780163207913,0.6121969946298478,0.6121969946298478
2021-03-11 00:00:00+00:00,KO,lightgbm_quantile,nonsentiment,40,log_return,50.880001068115234,51.402134198898395,-0.5221331307831605,0.5221331307831605
2021-03-12 00:00:00+00:00,KO,lightgbm_quantile,nonsentiment,40,log_return,50.36000061035156,50.85947855401785,-0.4994779436662853,0.4994779436662853
2021-03-15 00:00:00+00:00,KO,lightgbm_quantile,nonsentiment,40,log_return,51.02999877929688,50.380598592408234,0.6494001868886485,0.6494001868886485
2021-03-16 00:00:00+00:00,KO,lightgbm_quantile,nonsentiment,40,log_return,51.220001220703125,51.05195967060695,0.16804155009617716,0.16804155009617716
2021-03-17 00:00:00+00:00,KO,lightgbm_quantile,nonsentiment,40,log_return,51.2400016784668,51.24711244128296,-0.007110762816161298,0.007110762816161298
2021-03-18 00:00:00+00:00,KO,lightgbm_quantile,nonsentiment,40,log_return,50.56999969482422,51.27939183345658,-0.7093921386323601,0.7093921386323601
2021-03-19 00:00:00+00:00,KO,lightgbm_quantile,nonsentiment,40,log_return,50.810001373291016,50.60448508579718,0.2055162874938361,0.2055162874938361
2021-03-22 00:00:00+00:00,KO,lightgbm_quantile,nonsentiment,40,log_return,51.0,50.84670253350795,0.15329746649204878,0.15329746649204878
2021-03-23 00:00:00+00:00,KO,lightgbm_quantile,nonsentiment,40,log_return,51.38999938964844,51.00875543640353,0.3812439532449048,0.3812439532449048
2021-03-24 00:00:00+00:00,KO,lightgbm_quantile,nonsentiment,40,log_return,51.52000045776367,51.41701674701601,0.10298371074766521,0.10298371074766521
2021-03-25 00:00:00+00:00,KO,lightgbm_quantile,nonsentiment,40,log_return,52.02000045776367,51.56764981543071,0.4523506423329593,0.4523506423329593
2021-03-26 00:00:00+00:00,KO,lightgbm_quantile,nonsentiment,40,log_return,53.040000915527344,52.05724063047413,0.9827602850532102,0.9827602850532102
2021-03-29 00:00:00+00:00,KO,lightgbm_quantile,nonsentiment,40,log_return,53.84999847412109,53.08912966405323,0.7608688100678549,0.7608688100678549
2021-03-30 00:00:00+00:00,KO,lightgbm_quantile,nonsentiment,40,log_return,53.150001525878906,53.87915572589043,-0.7291542000115214,0.7291542000115214
2021-03-31 00:00:00+00:00,KO,lightgbm_quantile,nonsentiment,40,log_return,52.709999084472656,53.1873579361777,-0.47735885170504133,0.47735885170504133
2021-04-01 00:00:00+00:00,KO,lightgbm_quantile,nonsentiment,40,log_return,52.5099983215332,52.74731831020111,-0.23731998866790605,0.23731998866790605
2021-04-05 00:00:00+00:00,KO,lightgbm_quantile,nonsentiment,40,log_return,52.810001373291016,52.56661419876551,0.24338717452550895,0.24338717452550895
2021-04-06 00:00:00+00:00,KO,lightgbm_quantile,nonsentiment,40,log_return,53.18999862670898,52.85592827797734,0.3340703487316361,0.3340703487316361
2021-04-07 00:00:00+00:00,KO,lightgbm_quantile,nonsentiment,40,log_return,53.27999877929688,53.26180789022664,0.018190889070240246,0.018190889070240246
2021-04-08 00:00:00+00:00,KO,lightgbm_quantile,nonsentiment,40,log_return,53.119998931884766,53.324685301958425,-0.20468637007365942,0.20468637007365942
2021-04-09 00:00:00+00:00,KO,lightgbm_quantile,nonsentiment,40,log_return,53.18000030517578,53.145326521216006,0.03467378395977505,0.03467378395977505
2021-04-12 00:00:00+00:00,KO,lightgbm_quantile,nonsentiment,40,log_return,53.34999847412109,53.224414087177614,0.12558438694347274,0.12558438694347274
2021-04-13 00:00:00+00:00,KO,lightgbm_quantile,nonsentiment,40,log_return,53.09000015258789,53.35381357196138,-0.26381341937349134,0.26381341937349134
2021-04-14 00:00:00+00:00,KO,lightgbm_quantile,nonsentiment,40,log_return,53.08000183105469,53.092052663786376,-0.012050832731688388,0.012050832731688388
2021-04-15 00:00:00+00:00,KO,lightgbm_quantile,nonsentiment,40,log_return,53.33000183105469,53.10686495414012,0.22313687691456607,0.22313687691456607
2021-04-16 00:00:00+00:00,KO,lightgbm_quantile,nonsentiment,40,log_return,53.68000030517578,53.32606585157463,0.3539344536011484,0.3539344536011484
2021-04-19 00:00:00+00:00,KO,lightgbm_quantile,nonsentiment,40,log_return,54.0,53.686597506025294,0.31340249397470643,0.31340249397470643
2021-04-20 00:00:00+00:00,KO,lightgbm_quantile,nonsentiment,40,log_return,54.16999816894531,53.99291585056331,0.1770823183820056,0.1770823183820056
2021-04-21 00:00:00+00:00,KO,lightgbm_quantile,nonsentiment,40,log_return,54.61000061035156,54.17682687829354,0.4331737320580231,0.4331737320580231
2021-04-22 00:00:00+00:00,KO,lightgbm_quantile,nonsentiment,40,log_return,54.43999862670898,54.58777323322728,-0.1477746065183041,0.1477746065183041
2021-04-23 00:00:00+00:00,KO,lightgbm_quantile,nonsentiment,40,log_return,54.470001220703125,54.4514704380395,0.018530782663624734,0.018530782663624734
2021-04-26 00:00:00+00:00,KO,lightgbm_quantile,nonsentiment,40,log_return,53.65999984741211,54.520359072892106,-0.8603592254799963,0.8603592254799963
2021-04-27 00:00:00+00:00,KO,lightgbm_quantile,nonsentiment,40,log_return,53.58000183105469,53.66588840363657,-0.08588657258188448,0.08588657258188448
2021-04-28 00:00:00+00:00,KO,lightgbm_quantile,nonsentiment,40,log_return,53.59000015258789,53.56765960437543,0.022340548212461897,0.022340548212461897
2021-04-29 00:00:00+00:00,KO,lightgbm_quantile,nonsentiment,40,log_return,54.2599983215332,53.59456529157004,0.665433029963161,0.665433029963161
2021-04-30 00:00:00+00:00,KO,lightgbm_quantile,nonsentiment,40,log_return,53.97999954223633,54.288402982824486,-0.30840344058815816,0.30840344058815816
2021-05-03 00:00:00+00:00,KO,lightgbm_quantile,nonsentiment,40,log_return,54.47999954223633,53.99228255830833,0.4877169839279958,0.4877169839279958
2021-05-04 00:00:00+00:00,KO,lightgbm_quantile,nonsentiment,40,log_return,54.13999938964844,54.48694453184083,-0.34694514219238926,0.34694514219238926
2021-05-05 00:00:00+00:00,KO,lightgbm_quantile,nonsentiment,40,log_return,54.0,54.04437755879618,-0.04437755879617811,0.04437755879617811
2021-05-06 00:00:00+00:00,KO,lightgbm_quantile,nonsentiment,40,log_return,54.540000915527344,53.7978744169039,0.7421264986234419,0.7421264986234419
2021-05-07 00:00:00+00:00,KO,lightgbm_quantile,nonsentiment,40,log_return,54.5099983215332,54.526812970612134,-0.016814649078931154,0.016814649078931154
2021-05-10 00:00:00+00:00,KO,lightgbm_quantile,nonsentiment,40,log_return,54.90999984741211,54.53588162494316,0.374118222468951,0.374118222468951
2021-05-11 00:00:00+00:00,KO,lightgbm_quantile,nonsentiment,40,log_return,54.31999969482422,54.909276667598014,-0.5892769727737956,0.5892769727737956
2021-05-12 00:00:00+00:00,KO,lightgbm_quantile,nonsentiment,40,log_return,54.040000915527344,54.33471394532028,-0.2947130297929377,0.2947130297929377
2021-05-13 00:00:00+00:00,KO,lightgbm_quantile,nonsentiment,40,log_return,54.5099983215332,54.063025669626676,0.4469726519065276,0.4469726519065276
2021-05-14 00:00:00+00:00,KO,lightgbm_quantile,nonsentiment,40,log_return,54.72999954223633,54.52950762911251,0.20049191312381964,0.20049191312381964
2021-05-17 00:00:00+00:00,KO,lightgbm_quantile,nonsentiment,40,log_return,54.63999938964844,54.7759270723142,-0.13592768266575916,0.13592768266575916
2021-05-18 00:00:00+00:00,KO,lightgbm_quantile,nonsentiment,40,log_return,54.34000015258789,54.628723016668296,-0.2887228640804054,0.2887228640804054
2021-05-19 00:00:00+00:00,KO,lightgbm_quantile,nonsentiment,40,log_return,54.16999816894531,54.321096704516414,-0.15109853557110142,0.15109853557110142
2021-05-20 00:00:00+00:00,KO,lightgbm_quantile,nonsentiment,40,log_return,54.650001525878906,54.202714586048515,0.44728693983039136,0.44728693983039136
2021-05-21 00:00:00+00:00,KO,lightgbm_quantile,nonsentiment,40,log_return,54.619998931884766,54.690363326724786,-0.07036439484001988,0.07036439484001988
2021-05-24 00:00:00+00:00,KO,lightgbm_quantile,nonsentiment,40,log_return,54.79999923706055,54.6557689277861,0.14423030927444813,0.14423030927444813
2021-05-25 00:00:00+00:00,KO,lightgbm_quantile,nonsentiment,40,log_return,54.790000915527344,54.83611017710018,-0.04610926157283757,0.04610926157283757
2021-05-26 00:00:00+00:00,KO,lightgbm_quantile,nonsentiment,40,log_return,55.02999877929688,54.81341787372475,0.21658090557212972,0.21658090557212972
2021-05-27 00:00:00+00:00,KO,lightgbm_quantile,nonsentiment,40,log_return,55.4900016784668,55.05505914689468,0.43494253157211915,0.43494253157211915
2021-05-28 00:00:00+00:00,KO,lightgbm_quantile,nonsentiment,40,log_return,55.290000915527344,55.540476605843075,-0.25047569031573147,0.25047569031573147
2021-06-01 00:00:00+00:00,KO,lightgbm_quantile,nonsentiment,40,log_return,55.27999877929688,55.346349340900495,-0.0663505616036133,0.0663505616036133
2021-06-02 00:00:00+00:00,KO,lightgbm_quantile,nonsentiment,40,log_return,55.5,55.33144189226544,0.1685581077345617,0.1685581077345617
2021-06-03 00:00:00+00:00,KO,lightgbm_quantile,nonsentiment,40,log_return,55.63999938964844,55.53095483538568,0.10904455426275916,0.10904455426275916
2021-06-04 00:00:00+00:00,KO,lightgbm_quantile,nonsentiment,40,log_return,56.2400016784668,55.653798089645946,0.586203588820851,0.586203588820851
2021-06-07 00:00:00+00:00,KO,lightgbm_quantile,nonsentiment,40,log_return,56.040000915527344,56.273612552131546,-0.23361163660420203,0.23361163660420203
2021-06-08 00:00:00+00:00,KO,lightgbm_quantile,nonsentiment,40,log_return,55.650001525878906,56.09800584254209,-0.4480043166631873,0.4480043166631873
2021-06-09 00:00:00+00:00,KO,lightgbm_quantile,nonsentiment,40,log_return,55.47999954223633,55.68578450301789,-0.20578496078156405,0.20578496078156405
2021-06-10 00:00:00+00:00,KO,lightgbm_quantile,nonsentiment,40,log_return,55.90999984741211,55.50778331345692,0.4022165339551904,0.4022165339551904
2021-06-11 00:00:00+00:00,KO,lightgbm_quantile,nonsentiment,40,log_return,56.15999984741211,55.92994530154766,0.23005454586444785,0.23005454586444785
2021-06-14 00:00:00+00:00,KO,lightgbm_quantile,nonsentiment,40,log_return,55.54999923706055,56.18349982322615,-0.6335005861656029,0.6335005861656029
2021-06-15 00:00:00+00:00,KO,lightgbm_quantile,nonsentiment,40,log_return,55.40999984741211,55.606076652674474,-0.19607680526236493,0.19607680526236493
2021-06-16 00:00:00+00:00,KO,lightgbm_quantile,nonsentiment,40,log_return,54.66999816894531,55.45550977861822,-0.7855116096729091,0.7855116096729091
2021-06-17 00:00:00+00:00,KO,lightgbm_quantile,nonsentiment,40,log_return,54.95000076293945,54.6713397689247,0.27866099401475,0.27866099401475
2021-06-18 00:00:00+00:00,KO,lightgbm_quantile,nonsentiment,40,log_return,53.77000045776367,55.00179063276755,-1.23179017500388,1.23179017500388
2021-06-21 00:00:00+00:00,KO,lightgbm_quantile,nonsentiment,40,log_return,54.36000061035156,53.813519993777554,0.5464806165740086,0.5464806165740086
2021-06-22 00:00:00+00:00,KO,lightgbm_quantile,nonsentiment,40,log_return,54.560001373291016,54.326666191132404,0.23333518215861204,0.23333518215861204
2021-06-23 00:00:00+00:00,KO,lightgbm_quantile,nonsentiment,40,log_return,54.119998931884766,54.55505510517761,-0.43505617329284263,0.43505617329284263
2021-06-24 00:00:00+00:00,KO,lightgbm_quantile,nonsentiment,40,log_return,54.38999938964844,54.16036219702446,0.22963719262397575,0.22963719262397575
2021-06-25 00:00:00+00:00,KO,lightgbm_quantile,nonsentiment,40,log_return,54.31999969482422,54.44421049997018,-0.12421080514596383,0.12421080514596383
2021-06-28 00:00:00+00:00,KO,lightgbm_quantile,nonsentiment,40,log_return,54.2599983215332,54.29984732556341,-0.0398490040302093,0.0398490040302093
2021-06-29 00:00:00+00:00,KO,lightgbm_quantile,nonsentiment,40,log_return,53.86000061035156,54.290410603504455,-0.4304099931528924,0.4304099931528924
2021-06-30 00:00:00+00:00,KO,lightgbm_quantile,nonsentiment,40,log_return,54.11000061035156,53.90418296717022,0.20581764318134077,0.20581764318134077
2021-07-01 00:00:00+00:00,KO,lightgbm_quantile,nonsentiment,40,log_return,53.959999084472656,54.10536734701208,-0.1453682625394208,0.1453682625394208
2021-07-02 00:00:00+00:00,KO,lightgbm_quantile,nonsentiment,40,log_return,54.18000030517578,54.03946279653887,0.1405375086369105,0.1405375086369105
2021-07-06 00:00:00+00:00,KO,lightgbm_quantile,nonsentiment,40,log_return,53.880001068115234,54.179163739885205,-0.29916267176997025,0.29916267176997025
2021-07-07 00:00:00+00:00,KO,lightgbm_quantile,nonsentiment,40,log_return,54.31999969482422,53.8751050135627,0.4448946812615162,0.4448946812615162
2021-07-08 00:00:00+00:00,KO,lightgbm_quantile,nonsentiment,40,log_return,54.130001068115234,54.30676021526092,-0.1767591471456882,0.1767591471456882
2021-07-09 00:00:00+00:00,KO,lightgbm_quantile,nonsentiment,40,log_return,54.459999084472656,54.12162651207317,0.3383725723994857,0.3383725723994857
2021-07-12 00:00:00+00:00,KO,lightgbm_quantile,nonsentiment,40,log_return,54.47999954223633,54.508105371499134,-0.028105829262806026,0.028105829262806026
2021-07-13 00:00:00+00:00,KO,lightgbm_quantile,nonsentiment,40,log_return,55.02000045776367,54.51881790949552,0.5011825482681544,0.5011825482681544
2021-07-14 00:00:00+00:00,KO,lightgbm_quantile,nonsentiment,40,log_return,56.2599983215332,54.96395623770408,1.2960420838291213,1.2960420838291213
2021-07-15 00:00:00+00:00,KO,lightgbm_quantile,nonsentiment,40,log_return,56.43999862670898,56.15480604075847,0.28519258595050445,0.28519258595050445
2021-07-16 00:00:00+00:00,KO,lightgbm_quantile,nonsentiment,40,log_return,56.400001525878906,56.40232749747218,-0.0023259715932724134,0.0023259715932724134
2021-07-19 00:00:00+00:00,KO,lightgbm_quantile,nonsentiment,40,log_return,55.72999954223633,56.39668501755092,-0.6666854753145941,0.6666854753145941
2021-07-20 00:00:00+00:00,KO,lightgbm_quantile,nonsentiment,40,log_return,55.83000183105469,55.6697248080238,0.1602770230308863,0.1602770230308863
2021-07-21 00:00:00+00:00,KO,lightgbm_quantile,nonsentiment,40,log_return,56.54999923706055,55.746918964336004,0.803080272724543,0.803080272724543
2021-07-22 00:00:00+00:00,KO,lightgbm_quantile,nonsentiment,40,log_return,56.470001220703125,56.54803236052655,-0.07803113982342325,0.07803113982342325
2021-07-23 00:00:00+00:00,KO,lightgbm_quantile,nonsentiment,40,log_return,57.0099983215332,56.36432006440186,0.645678257131344,0.645678257131344
2021-07-26 00:00:00+00:00,KO,lightgbm_quantile,nonsentiment,40,log_return,57.060001373291016,56.984704511386944,0.07529686190407148,0.07529686190407148
2021-07-27 00:00:00+00:00,KO,lightgbm_quantile,nonsentiment,40,log_return,57.2599983215332,57.01820923417729,0.24178908735591165,0.24178908735591165
2021-07-28 00:00:00+00:00,KO,lightgbm_quantile,nonsentiment,40,log_return,56.7400016784668,57.226815335340554,-0.4868136568737569,0.4868136568737569
2021-07-29 00:00:00+00:00,KO,lightgbm_quantile,nonsentiment,40,log_return,57.04999923706055,56.6626523594714,0.3873468775891453,0.3873468775891453
2021-07-30 00:00:00+00:00,KO,lightgbm_quantile,nonsentiment,40,log_return,57.02999877929688,56.96421311759459,0.06578566170229294,0.06578566170229294
2021-08-02 00:00:00+00:00,KO,lightgbm_quantile,nonsentiment,40,log_return,56.880001068115234,56.95158785884999,-0.07158679073475582,0.07158679073475582
2021-08-03 00:00:00+00:00,KO,lightgbm_quantile,nonsentiment,40,log_return,56.91999816894531,56.79735063414253,0.12264753480278046,0.12264753480278046
2021-08-04 00:00:00+00:00,KO,lightgbm_quantile,nonsentiment,40,log_return,56.09999847412109,56.7558454753463,-0.6558470012252116,0.6558470012252116
2021-08-05 00:00:00+00:00,KO,lightgbm_quantile,nonsentiment,40,log_return,56.5,56.02667799140889,0.4733220085911114,0.4733220085911114
2021-08-06 00:00:00+00:00,KO,lightgbm_quantile,nonsentiment,40,log_return,56.63999938964844,56.39812463100908,0.24187475863935504,0.24187475863935504
2021-08-09 00:00:00+00:00,KO,lightgbm_quantile,nonsentiment,40,log_return,56.650001525878906,56.57181282646152,0.07818869941738882,0.07818869941738882
2021-08-10 00:00:00+00:00,KO,lightgbm_quantile,nonsentiment,40,log_return,56.79999923706055,56.58272594797743,0.21727328908311705,0.21727328908311705
2021-08-11 00:00:00+00:00,KO,lightgbm_quantile,nonsentiment,40,log_return,56.72999954223633,56.746630530822515,-0.01663098858618639,0.01663098858618639
2021-08-12 00:00:00+00:00,KO,lightgbm_quantile,nonsentiment,40,log_return,56.84000015258789,56.743028117370756,0.09697203521713504,0.09697203521713504
2021-08-13 00:00:00+00:00,KO,lightgbm_quantile,nonsentiment,40,log_return,57.22999954223633,56.825247823930695,0.40475171830563283,0.40475171830563283
2021-08-16 00:00:00+00:00,KO,lightgbm_quantile,nonsentiment,40,log_return,57.47999954223633,57.23096526571725,0.24903427651907606,0.24903427651907606
2021-08-17 00:00:00+00:00,KO,lightgbm_quantile,nonsentiment,40,log_return,57.27999877929688,57.476101382311434,-0.19610260301455185,0.19610260301455185
2021-08-18 00:00:00+00:00,KO,lightgbm_quantile,nonsentiment,40,log_return,56.5,57.24368114464377,-0.743681144643773,0.743681144643773
2021-08-19 00:00:00+00:00,KO,lightgbm_quantile,nonsentiment,40,log_return,56.86000061035156,56.463579944831956,0.39642066551960653,0.39642066551960653
2021-08-20 00:00:00+00:00,KO,lightgbm_quantile,nonsentiment,40,log_return,56.63999938964844,56.84305643138844,-0.20305704174000283,0.20305704174000283
2021-08-23 00:00:00+00:00,KO,lightgbm_quantile,nonsentiment,40,log_return,56.43999862670898,56.6045435032198,-0.16454487651082417,0.16454487651082417
2021-08-24 00:00:00+00:00,KO,lightgbm_quantile,nonsentiment,40,log_return,56.0099983215332,56.4268752526359,-0.4168769311026992,0.4168769311026992
2021-08-25 00:00:00+00:00,KO,lightgbm_quantile,nonsentiment,40,log_return,56.06999969482422,56.00129925328862,0.06870044153559718,0.06870044153559718
2021-08-26 00:00:00+00:00,KO,lightgbm_quantile,nonsentiment,40,log_return,55.540000915527344,56.01526283915841,-0.47526192363106645,0.47526192363106645
2021-08-27 00:00:00+00:00,KO,lightgbm_quantile,nonsentiment,40,log_return,55.650001525878906,55.54773853321975,0.10226299265915628,0.10226299265915628
2021-08-30 00:00:00+00:00,KO,lightgbm_quantile,nonsentiment,40,log_return,56.18000030517578,55.65772936839901,0.5222709367767706,0.5222709367767706
2021-08-31 00:00:00+00:00,KO,lightgbm_quantile,nonsentiment,40,log_return,56.310001373291016,56.18620228758769,0.12379908570332532,0.12379908570332532
2021-09-01 00:00:00+00:00,KO,lightgbm_quantile,nonsentiment,40,log_return,56.68999862670898,56.3063309556725,0.38366767103647703,0.38366767103647703
2021-09-02 00:00:00+00:00,KO,lightgbm_quantile,nonsentiment,40,log_return,56.77000045776367,56.72141442728196,0.04858603048171517,0.04858603048171517
2021-09-03 00:00:00+00:00,KO,lightgbm_quantile,nonsentiment,40,log_return,56.72999954223633,56.762792489665756,-0.032792947429427954,0.032792947429427954
2021-09-07 00:00:00+00:00,KO,lightgbm_quantile,nonsentiment,40,log_return,55.66999816894531,56.663266877092475,-0.9932687081471627,0.9932687081471627
2021-09-08 00:00:00+00:00,KO,lightgbm_quantile,nonsentiment,40,log_return,56.41999816894531,55.65592112534498,0.7640770436003308,0.7640770436003308
2021-09-09 00:00:00+00:00,KO,lightgbm_quantile,nonsentiment,40,log_return,55.86000061035156,56.28761675428422,-0.42761614393266,0.42761614393266
2021-09-10 00:00:00+00:00,KO,lightgbm_quantile,nonsentiment,40,log_return,55.61000061035156,55.77010087547569,-0.16010026512412878,0.16010026512412878
2021-09-13 00:00:00+00:00,KO,lightgbm_quantile,nonsentiment,40,log_return,56.06999969482422,55.50204138771774,0.5679583071064798,0.5679583071064798
2021-09-14 00:00:00+00:00,KO,lightgbm_quantile,nonsentiment,40,log_return,55.68999862670898,55.987924058527796,-0.29792543181881825,0.29792543181881825
2021-09-15 00:00:00+00:00,KO,lightgbm_quantile,nonsentiment,40,log_return,55.880001068115234,55.56934660693297,0.310654461182267,0.310654461182267
2021-09-16 00:00:00+00:00,KO,lightgbm_quantile,nonsentiment,40,log_return,55.34999847412109,55.77841686117155,-0.4284183870504634,0.4284183870504634
2021-09-17 00:00:00+00:00,KO,lightgbm_quantile,nonsentiment,40,log_return,54.43999862670898,55.329778156985455,-0.8897795302764777,0.8897795302764777
2021-09-20 00:00:00+00:00,KO,lightgbm_quantile,nonsentiment,40,log_return,54.060001373291016,54.39039036855079,-0.3303889952597743,0.3303889952597743
2021-09-21 00:00:00+00:00,KO,lightgbm_quantile,nonsentiment,40,log_return,54.04999923706055,54.0255866158236,0.024412621236947984,0.024412621236947984
2021-09-22 00:00:00+00:00,KO,lightgbm_quantile,nonsentiment,40,log_return,54.130001068115234,53.927503958390304,0.20249710972493062,0.20249710972493062
2021-09-23 00:00:00+00:00,KO,lightgbm_quantile,nonsentiment,40,log_return,54.040000915527344,54.0456615275287,-0.005660612001356924,0.005660612001356924
2021-09-24 00:00:00+00:00,KO,lightgbm_quantile,nonsentiment,40,log_return,53.88999938964844,53.957347158701566,-0.06734776905312856,0.06734776905312856
2021-09-27 00:00:00+00:00,KO,lightgbm_quantile,nonsentiment,40,log_return,53.61000061035156,53.785899054744306,-0.17589844439274316,0.17589844439274316
2021-09-28 00:00:00+00:00,KO,lightgbm_quantile,nonsentiment,40,log_return,52.63999938964844,53.57537744176762,-0.9353780521191837,0.9353780521191837
2021-09-29 00:00:00+00:00,KO,lightgbm_quantile,nonsentiment,40,log_return,52.959999084472656,52.57193163359267,0.38806745087998706,0.38806745087998706
2021-09-30 00:00:00+00:00,KO,lightgbm_quantile,nonsentiment,40,log_return,52.470001220703125,52.83265322376734,-0.36265200306421264,0.36265200306421264
2021-10-01 00:00:00+00:00,KO,lightgbm_quantile,nonsentiment,40,log_return,53.02000045776367,52.40652505369446,0.613475404069213,0.613475404069213
2021-10-04 00:00:00+00:00,KO,lightgbm_quantile,nonsentiment,40,log_return,52.9900016784668,52.9745467593622,0.01545491910459873,0.01545491910459873
2021-10-05 00:00:00+00:00,KO,lightgbm_quantile,nonsentiment,40,log_return,53.08000183105469,52.95570682195682,0.12429500909787095,0.12429500909787095
2021-10-06 00:00:00+00:00,KO,lightgbm_quantile,nonsentiment,40,log_return,53.709999084472656,52.994530404660054,0.7154686798126022,0.7154686798126022
2021-10-07 00:00:00+00:00,KO,lightgbm_quantile,nonsentiment,40,log_return,53.880001068115234,53.62917021887967,0.2508308492355624,0.2508308492355624
2021-10-08 00:00:00+00:00,KO,lightgbm_quantile,nonsentiment,40,log_return,54.119998931884766,53.76859316897543,0.3514057629093372,0.3514057629093372
2021-10-11 00:00:00+00:00,KO,lightgbm_quantile,nonsentiment,40,log_return,54.22999954223633,54.058312567755465,0.17168697448086334,0.17168697448086334
2021-10-12 00:00:00+00:00,KO,lightgbm_quantile,nonsentiment,40,log_return,54.22999954223633,54.14818816814205,0.08181137409427919,0.08181137409427919
2021-10-13 00:00:00+00:00,KO,lightgbm_quantile,nonsentiment,40,log_return,54.2400016784668,54.23170388980993,0.008297788656868477,0.008297788656868477
2021-10-14 00:00:00+00:00,KO,lightgbm_quantile,nonsentiment,40,log_return,54.61000061035156,54.16218069879823,0.44781991155333145,0.44781991155333145
2021-10-15 00:00:00+00:00,KO,lightgbm_quantile,nonsentiment,40,log_return,54.47999954223633,54.58908497434522,-0.10908543210889121,0.10908543210889121
2021-10-18 00:00:00+00:00,KO,lightgbm_quantile,nonsentiment,40,log_return,53.93999862670898,54.44421480863758,-0.5042161819286051,0.5042161819286051
2021-10-19 00:00:00+00:00,KO,lightgbm_quantile,nonsentiment,40,log_return,54.150001525878906,53.86654821709343,0.28345330878547514,0.28345330878547514
2021-10-20 00:00:00+00:00,KO,lightgbm_quantile,nonsentiment,40,log_return,54.630001068115234,54.08091174749105,0.5490893206241836,0.5490893206241836
2021-10-21 00:00:00+00:00,KO,lightgbm_quantile,nonsentiment,40,log_return,54.34999847412109,54.53869063146763,-0.18869215734654432,0.18869215734654432
2021-10-22 00:00:00+00:00,KO,lightgbm_quantile,nonsentiment,40,log_return,54.45000076293945,54.31836010517487,0.131640657764585,0.131640657764585
2021-10-25 00:00:00+00:00,KO,lightgbm_quantile,nonsentiment,40,log_return,54.22999954223633,54.39671621826948,-0.166716676033154,0.166716676033154
2021-10-26 00:00:00+00:00,KO,lightgbm_quantile,nonsentiment,40,log_return,54.470001220703125,54.17448060057947,0.29552062012365354,0.29552062012365354
2021-10-27 00:00:00+00:00,KO,lightgbm_quantile,nonsentiment,40,log_return,55.52000045776367,54.3906190258528,1.129381431910872,1.129381431910872
2021-10-28 00:00:00+00:00,KO,lightgbm_quantile,nonsentiment,40,log_return,56.040000915527344,55.48771236507795,0.5522885504493971,0.5522885504493971
2021-10-29 00:00:00+00:00,KO,lightgbm_quantile,nonsentiment,40,log_return,56.369998931884766,55.910731554993276,0.4592673768914892,0.4592673768914892
2021-11-01 00:00:00+00:00,KO,lightgbm_quantile,nonsentiment,40,log_return,56.16999816894531,56.401844626406735,-0.23184645746142252,0.23184645746142252
2021-11-02 00:00:00+00:00,KO,lightgbm_quantile,nonsentiment,40,log_return,56.09999847412109,56.04547171888425,0.05452675523683581,0.05452675523683581
2021-11-03 00:00:00+00:00,KO,lightgbm_quantile,nonsentiment,40,log_return,56.290000915527344,56.05855600993614,0.23144490559120356,0.23144490559120356
2021-11-04 00:00:00+00:00,KO,lightgbm_quantile,nonsentiment,40,log_return,56.59999847412109,56.231882894654916,0.3681155794661706,0.3681155794661706
2021-11-05 00:00:00+00:00,KO,lightgbm_quantile,nonsentiment,40,log_return,56.84000015258789,56.55667938884323,0.283320763744662,0.283320763744662
2021-11-08 00:00:00+00:00,KO,lightgbm_quantile,nonsentiment,40,log_return,56.33000183105469,56.781113740555206,-0.4511119095005185,0.4511119095005185
2021-11-09 00:00:00+00:00,KO,lightgbm_quantile,nonsentiment,40,log_return,56.4900016784668,56.30034831340544,0.18965336506135344,0.18965336506135344
2021-11-10 00:00:00+00:00,KO,lightgbm_quantile,nonsentiment,40,log_return,56.720001220703125,56.486725302615284,0.2332759180878412,0.2332759180878412
2021-11-11 00:00:00+00:00,KO,lightgbm_quantile,nonsentiment,40,log_return,56.7400016784668,56.70026887489071,0.03973280357608644,0.03973280357608644
2021-11-12 00:00:00+00:00,KO,lightgbm_quantile,nonsentiment,40,log_return,56.61000061035156,56.76922080609678,-0.1592201957452204,0.1592201957452204
2021-11-15 00:00:00+00:00,KO,lightgbm_quantile,nonsentiment,40,log_return,56.619998931884766,56.61250497995065,0.007493951934115728,0.007493951934115728
2021-11-16 00:00:00+00:00,KO,lightgbm_quantile,nonsentiment,40,log_return,56.220001220703125,56.65341161805422,-0.4334103973510963,0.4334103973510963
2021-11-17 00:00:00+00:00,KO,lightgbm_quantile,nonsentiment,40,log_return,55.90999984741211,56.23925997863225,-0.3292601312201384,0.3292601312201384
2021-11-18 00:00:00+00:00,KO,lightgbm_quantile,nonsentiment,40,log_return,55.40999984741211,55.88071490387065,-0.4707150564585376,0.4707150564585376
2021-11-19 00:00:00+00:00,KO,lightgbm_quantile,nonsentiment,40,log_return,55.130001068115234,55.42484778506736,-0.2948467169521223,0.2948467169521223
2021-11-22 00:00:00+00:00,KO,lightgbm_quantile,nonsentiment,40,log_return,55.470001220703125,55.119382574444366,0.35061864625875927,0.35061864625875927
2021-11-23 00:00:00+00:00,KO,lightgbm_quantile,nonsentiment,40,log_return,55.880001068115234,55.48634027376663,0.39366079434860524,0.39366079434860524
2021-11-24 00:00:00+00:00,KO,lightgbm_quantile,nonsentiment,40,log_return,55.43000030517578,55.853906972011615,-0.42390666683583333,0.42390666683583333
2021-11-26 00:00:00+00:00,KO,lightgbm_quantile,nonsentiment,40,log_return,53.72999954223633,55.44649159790309,-1.7164920556667624,1.7164920556667624
2021-11-29 00:00:00+00:00,KO,lightgbm_quantile,nonsentiment,40,log_return,54.58000183105469,53.75671383766595,0.8232879933887389,0.8232879933887389
2021-11-30 00:00:00+00:00,KO,lightgbm_quantile,nonsentiment,40,log_return,52.45000076293945,54.60949845388266,-2.159497690943205,2.159497690943205
2021-12-01 00:00:00+00:00,KO,lightgbm_quantile,nonsentiment,40,log_return,52.29999923706055,52.42982790715385,-0.12982867009330334,0.12982867009330334
2021-12-02 00:00:00+00:00,KO,lightgbm_quantile,nonsentiment,40,log_return,53.06999969482422,52.312837134882834,0.7571625599413849,0.7571625599413849
2021-12-03 00:00:00+00:00,KO,lightgbm_quantile,nonsentiment,40,log_return,53.540000915527344,53.11007758399128,0.42992333153606666,0.42992333153606666
2021-12-06 00:00:00+00:00,KO,lightgbm_quantile,nonsentiment,40,log_return,54.90999984741211,53.57634718307847,1.3336526643336413,1.3336526643336413
2021-12-07 00:00:00+00:00,KO,lightgbm_quantile,nonsentiment,40,log_return,55.209999084472656,54.880111228309964,0.3298878561626921,0.3298878561626921
2021-12-08 00:00:00+00:00,KO,lightgbm_quantile,nonsentiment,40,log_return,55.0,55.188563002767275,-0.18856300276727467,0.18856300276727467
2021-12-09 00:00:00+00:00,KO,lightgbm_quantile,nonsentiment,40,log_return,54.86000061035156,54.9798471075163,-0.11984649716473683,0.11984649716473683
2021-12-10 00:00:00+00:00,KO,lightgbm_quantile,nonsentiment,40,log_return,56.27999877929688,54.91644115947417,1.3635576198227142,1.3635576198227142
2021-12-13 00:00:00+00:00,KO,lightgbm_quantile,nonsentiment,40,log_return,57.7599983215332,56.30730726747535,1.4526910540578513,1.4526910540578513
2021-12-14 00:00:00+00:00,KO,lightgbm_quantile,nonsentiment,40,log_return,57.79999923706055,57.76895349875791,0.03104573830263746,0.03104573830263746
2021-12-15 00:00:00+00:00,KO,lightgbm_quantile,nonsentiment,40,log_return,58.060001373291016,57.83893841355221,0.22106295973880208,0.22106295973880208
2021-12-16 00:00:00+00:00,KO,lightgbm_quantile,nonsentiment,40,log_return,58.650001525878906,58.09549870112294,0.5545028247559642,0.5545028247559642
2021-12-17 00:00:00+00:00,KO,lightgbm_quantile,nonsentiment,40,log_return,57.72999954223633,58.64583793474837,-0.9158383925120432,0.9158383925120432
2021-12-20 00:00:00+00:00,KO,lightgbm_quantile,nonsentiment,40,log_return,57.540000915527344,57.67819883245915,-0.1381979169318086,0.1381979169318086
2021-12-21 00:00:00+00:00,KO,lightgbm_quantile,nonsentiment,40,log_return,57.77000045776367,57.51529228175034,0.25470817601333096,0.25470817601333096
2021-12-22 00:00:00+00:00,KO,lightgbm_quantile,nonsentiment,40,log_return,58.18000030517578,57.69783908073282,0.4821612244429616,0.4821612244429616
2021-12-23 00:00:00+00:00,KO,lightgbm_quantile,nonsentiment,40,log_return,58.220001220703125,58.14100591683917,0.07899530386395526,0.07899530386395526
2021-12-27 00:00:00+00:00,KO,lightgbm_quantile,nonsentiment,40,log_return,58.650001525878906,58.18066283096483,0.46933869491407876,0.46933869491407876
2021-12-28 00:00:00+00:00,KO,lightgbm_quantile,nonsentiment,40,log_return,58.880001068115234,58.61024600101127,0.269755067103965,0.269755067103965
2021-12-29 00:00:00+00:00,KO,lightgbm_quantile,nonsentiment,40,log_return,58.95000076293945,58.888236085679885,0.06176467725956769,0.06176467725956769
2021-12-30 00:00:00+00:00,KO,lightgbm_quantile,nonsentiment,40,log_return,58.77999877929688,58.971440721351115,-0.19144194205423304,0.19144194205423304
2021-12-31 00:00:00+00:00,KO,lightgbm_quantile,nonsentiment,40,log_return,59.209999084472656,58.747782329854296,0.4622167546183604,0.4622167546183604
2022-01-03 00:00:00+00:00,KO,lightgbm_quantile,nonsentiment,40,log_return,59.29999923706055,59.213912328142186,0.0860869089183609,0.0860869089183609
2022-01-04 00:00:00+00:00,KO,lightgbm_quantile,nonsentiment,40,log_return,60.290000915527344,59.27445644968121,1.0155444658461334,1.0155444658461334
2022-01-05 00:00:00+00:00,KO,lightgbm_quantile,nonsentiment,40,log_return,60.790000915527344,60.23849807401738,0.551502841509965,0.551502841509965
2022-01-06 00:00:00+00:00,KO,lightgbm_quantile,nonsentiment,40,log_return,60.470001220703125,60.70977771695149,-0.23977649624836772,0.23977649624836772
2022-01-07 00:00:00+00:00,KO,lightgbm_quantile,nonsentiment,40,log_return,60.33000183105469,60.38184762488447,-0.05184579382978427,0.05184579382978427
2022-01-10 00:00:00+00:00,KO,lightgbm_quantile,nonsentiment,40,log_return,60.43000030517578,60.31261029277651,0.1173900123992695,0.1173900123992695
2022-01-11 00:00:00+00:00,KO,lightgbm_quantile,nonsentiment,40,log_return,60.45000076293945,60.394470530260236,0.055530232679217306,0.055530232679217306
2022-01-12 00:00:00+00:00,KO,lightgbm_quantile,nonsentiment,40,log_return,60.540000915527344,60.4108170437139,0.1291838718134457,0.1291838718134457
2022-01-13 00:00:00+00:00,KO,lightgbm_quantile,nonsentiment,40,log_return,60.900001525878906,60.56613021308338,0.33387131279552307,0.33387131279552307
2022-01-14 00:00:00+00:00,KO,lightgbm_quantile,nonsentiment,40,log_return,61.38999938964844,60.93351336825399,0.45648602139444705,0.45648602139444705
2022-01-18 00:00:00+00:00,KO,lightgbm_quantile,nonsentiment,40,log_return,60.900001525878906,61.386954836262895,-0.4869533103839885,0.4869533103839885
2022-01-19 00:00:00+00:00,KO,lightgbm_quantile,nonsentiment,40,log_return,61.0,60.837408913840754,0.1625910861592459,0.1625910861592459
2022-01-20 00:00:00+00:00,KO,lightgbm_quantile,nonsentiment,40,log_return,60.75,60.93743288994634,-0.18743288994634355,0.18743288994634355
2022-01-21 00:00:00+00:00,KO,lightgbm_quantile,nonsentiment,40,log_return,60.45000076293945,60.77477985861413,-0.32477909567467833,0.32477909567467833
2022-01-24 00:00:00+00:00,KO,lightgbm_quantile,nonsentiment,40,log_return,59.959999084472656,60.349137427920404,-0.38913834344774756,0.38913834344774756
2022-01-25 00:00:00+00:00,KO,lightgbm_quantile,nonsentiment,40,log_return,59.81999969482422,59.96634266086246,-0.14634296603824026,0.14634296603824026
2022-01-26 00:00:00+00:00,KO,lightgbm_quantile,nonsentiment,40,log_return,59.59999847412109,59.7872046780251,-0.18720620390401166,0.18720620390401166
2022-01-27 00:00:00+00:00,KO,lightgbm_quantile,nonsentiment,40,log_return,59.650001525878906,59.5952014648381,0.054800061040808146,0.054800061040808146
2022-01-28 00:00:00+00:00,KO,lightgbm_quantile,nonsentiment,40,log_return,60.84000015258789,59.6125144734381,1.227485679149794,1.227485679149794
2022-01-31 00:00:00+00:00,KO,lightgbm_quantile,nonsentiment,40,log_return,61.0099983215332,60.88202980009133,0.12796852144187199,0.12796852144187199
2022-02-01 00:00:00+00:00,KO,lightgbm_quantile,nonsentiment,40,log_return,60.560001373291016,61.09064356905932,-0.5306421957683014,0.5306421957683014
2022-02-02 00:00:00+00:00,KO,lightgbm_quantile,nonsentiment,40,log_return,61.18000030517578,60.59193311055882,0.5880671946169613,0.5880671946169613
2022-02-03 00:00:00+00:00,KO,lightgbm_quantile,nonsentiment,40,log_return,61.61000061035156,61.07469657139732,0.5353040389542443,0.5353040389542443
2022-02-04 00:00:00+00:00,KO,lightgbm_quantile,nonsentiment,40,log_return,60.959999084472656,61.460517254316144,-0.5005181698434882,0.5005181698434882
2022-02-07 00:00:00+00:00,KO,lightgbm_quantile,nonsentiment,40,log_return,61.59999847412109,60.91560107678878,0.6843973973323045,0.6843973973323045
2022-02-08 00:00:00+00:00,KO,lightgbm_quantile,nonsentiment,40,log_return,62.0,61.59060007819387,0.40939992180612705,0.40939992180612705
2022-02-09 00:00:00+00:00,KO,lightgbm_quantile,nonsentiment,40,log_return,61.040000915527344,61.947310798503274,-0.9073098829759303,0.9073098829759303
2022-02-10 00:00:00+00:00,KO,lightgbm_quantile,nonsentiment,40,log_return,61.380001068115234,61.00652088551299,0.37348018260224336,0.37348018260224336
2022-02-11 00:00:00+00:00,KO,lightgbm_quantile,nonsentiment,40,log_return,60.290000915527344,61.36029950418162,-1.0702985886542749,1.0702985886542749
2022-02-14 00:00:00+00:00,KO,lightgbm_quantile,nonsentiment,40,log_return,60.68000030517578,60.235024014282,0.4449762908937842,0.4449762908937842
2022-02-15 00:00:00+00:00,KO,lightgbm_quantile,nonsentiment,40,log_return,60.90999984741211,60.59401697454893,0.31598287286318083,0.31598287286318083
2022-02-16 00:00:00+00:00,KO,lightgbm_quantile,nonsentiment,40,log_return,60.900001525878906,60.87251607505269,0.02748545082621945,0.02748545082621945
2022-02-17 00:00:00+00:00,KO,lightgbm_quantile,nonsentiment,40,log_return,62.119998931884766,60.93770674560762,1.1822921862771452,1.1822921862771452
2022-02-18 00:00:00+00:00,KO,lightgbm_quantile,nonsentiment,40,log_return,62.540000915527344,62.11691260714796,0.42308830837938416,0.42308830837938416
2022-02-22 00:00:00+00:00,KO,lightgbm_quantile,nonsentiment,40,log_return,62.27999877929688,62.460090885980115,-0.18009210668323306,0.18009210668323306
2022-02-23 00:00:00+00:00,KO,lightgbm_quantile,nonsentiment,40,log_return,61.59000015258789,62.18301744231389,-0.5930172897259993,0.5930172897259993
2022-02-24 00:00:00+00:00,KO,lightgbm_quantile,nonsentiment,40,log_return,60.5099983215332,61.50362680795354,-0.9936284864203344,0.9936284864203344
2022-02-25 00:00:00+00:00,KO,lightgbm_quantile,nonsentiment,40,log_return,62.84999847412109,60.51057447917268,2.3394239949484046,2.3394239949484046
2022-02-28 00:00:00+00:00,KO,lightgbm_quantile,nonsentiment,40,log_return,62.2400016784668,62.797275932736596,-0.5572742542697995,0.5572742542697995
2022-03-01 00:00:00+00:00,KO,lightgbm_quantile,nonsentiment,40,log_return,61.970001220703125,62.16035934365625,-0.19035812295312837,0.19035812295312837
2022-03-02 00:00:00+00:00,KO,lightgbm_quantile,nonsentiment,40,log_return,62.43000030517578,61.90970492707042,0.5202953781053594,0.5202953781053594
2022-03-03 00:00:00+00:00,KO,lightgbm_quantile,nonsentiment,40,log_return,62.470001220703125,62.434423574993716,0.03557764570940947,0.03557764570940947
2022-03-04 00:00:00+00:00,KO,lightgbm_quantile,nonsentiment,40,log_return,62.56999969482422,62.4871821042233,0.08281759060091787,0.08281759060091787
2022-03-07 00:00:00+00:00,KO,lightgbm_quantile,nonsentiment,40,log_return,61.08000183105469,62.500254076367675,-1.4202522453129873,1.4202522453129873
2022-03-08 00:00:00+00:00,KO,lightgbm_quantile,nonsentiment,40,log_return,58.65999984741211,61.1276989281787,-2.467699080766593,2.467699080766593
2022-03-09 00:00:00+00:00,KO,lightgbm_quantile,nonsentiment,40,log_return,58.959999084472656,58.65077457601498,0.3092245084576746,0.3092245084576746
2022-03-10 00:00:00+00:00,KO,lightgbm_quantile,nonsentiment,40,log_return,57.880001068115234,58.87414328828122,-0.9941422201659833,0.9941422201659833
2022-03-11 00:00:00+00:00,KO,lightgbm_quantile,nonsentiment,40,log_return,57.91999816894531,57.83219253818045,0.08780563076486203,0.08780563076486203
2022-03-14 00:00:00+00:00,KO,lightgbm_quantile,nonsentiment,40,log_return,58.540000915527344,57.85970841226267,0.680292503264674,0.680292503264674
2022-03-15 00:00:00+00:00,KO,lightgbm_quantile,nonsentiment,40,log_return,59.619998931884766,58.44287619869969,1.1771227331850724,1.1771227331850724
2022-03-16 00:00:00+00:00,KO,lightgbm_quantile,nonsentiment,40,log_return,59.459999084472656,59.640139374174176,-0.1801402897015194,0.1801402897015194
2022-03-17 00:00:00+00:00,KO,lightgbm_quantile,nonsentiment,40,log_return,60.09000015258789,59.5011970381307,0.5888031144571926,0.5888031144571926
2022-03-18 00:00:00+00:00,KO,lightgbm_quantile,nonsentiment,40,log_return,60.09999847412109,60.09217431447628,0.007824159644805206,0.007824159644805206
2022-03-21 00:00:00+00:00,KO,lightgbm_quantile,nonsentiment,40,log_return,60.58000183105469,60.10900718699288,0.470994644061804,0.470994644061804
2022-03-22 00:00:00+00:00,KO,lightgbm_quantile,nonsentiment,40,log_return,60.79999923706055,60.556769050378776,0.243230186681771,0.243230186681771
2022-03-23 00:00:00+00:00,KO,lightgbm_quantile,nonsentiment,40,log_return,60.400001525878906,60.81932004664319,-0.41931852076428555,0.41931852076428555
2022-03-24 00:00:00+00:00,KO,lightgbm_quantile,nonsentiment,40,log_return,60.97999954223633,60.410292765387304,0.5697067768490243,0.5697067768490243
2022-03-25 00:00:00+00:00,KO,lightgbm_quantile,nonsentiment,40,log_return,61.52999877929688,60.97063191070426,0.559366868592619,0.559366868592619
2022-03-28 00:00:00+00:00,KO,lightgbm_quantile,nonsentiment,40,log_return,61.91999816894531,61.53008621826352,0.3899119506817925,0.3899119506817925
2022-03-29 00:00:00+00:00,KO,lightgbm_quantile,nonsentiment,40,log_return,62.15999984741211,61.953947070062945,0.20605277734916427,0.20605277734916427
2022-03-30 00:00:00+00:00,KO,lightgbm_quantile,nonsentiment,40,log_return,62.209999084472656,62.16204973065274,0.047949353819916496,0.047949353819916496
2022-03-31 00:00:00+00:00,KO,lightgbm_quantile,nonsentiment,40,log_return,62.0,62.26470286008397,-0.2647028600839718,0.2647028600839718
2022-04-01 00:00:00+00:00,KO,lightgbm_quantile,nonsentiment,40,log_return,62.869998931884766,62.05195343295834,0.8180454989264234,0.8180454989264234
2022-04-04 00:00:00+00:00,KO,lightgbm_quantile,nonsentiment,40,log_return,62.540000915527344,62.88940355817852,-0.34940264265117804,0.34940264265117804
2022-04-05 00:00:00+00:00,KO,lightgbm_quantile,nonsentiment,40,log_return,62.470001220703125,62.54286626300106,-0.07286504229793422,0.07286504229793422
2022-04-06 00:00:00+00:00,KO,lightgbm_quantile,nonsentiment,40,log_return,63.09999847412109,62.44578179600672,0.6542166781143663,0.6542166781143663
2022-04-07 00:00:00+00:00,KO,lightgbm_quantile,nonsentiment,40,log_return,63.43999862670898,63.081182949084145,0.3588156776248326,0.3588156776248326
2022-04-08 00:00:00+00:00,KO,lightgbm_quantile,nonsentiment,40,log_return,63.83000183105469,63.45966215838357,0.3703396726711148,0.3703396726711148
2022-04-11 00:00:00+00:00,KO,lightgbm_quantile,nonsentiment,40,log_return,63.810001373291016,63.843591854736644,-0.033590481445628484,0.033590481445628484
2022-04-12 00:00:00+00:00,KO,lightgbm_quantile,nonsentiment,40,log_return,64.55999755859375,63.82097844803187,0.7390191105618769,0.7390191105618769
2022-04-13 00:00:00+00:00,KO,lightgbm_quantile,nonsentiment,40,log_return,64.7300033569336,64.58297741360863,0.14702594332496233,0.14702594332496233
2022-04-14 00:00:00+00:00,KO,lightgbm_quantile,nonsentiment,40,log_return,65.0199966430664,64.72610818221148,0.29388846085493014,0.29388846085493014
2022-04-18 00:00:00+00:00,KO,lightgbm_quantile,nonsentiment,40,log_return,64.44000244140625,64.98739102612001,-0.5473885847137581,0.5473885847137581
2022-04-19 00:00:00+00:00,KO,lightgbm_quantile,nonsentiment,40,log_return,65.06999969482422,64.41760956592125,0.6523901289029652,0.6523901289029652
2022-04-20 00:00:00+00:00,KO,lightgbm_quantile,nonsentiment,40,log_return,65.95999908447266,65.03928641911838,0.920712665354273,0.920712665354273
2022-04-21 00:00:00+00:00,KO,lightgbm_quantile,nonsentiment,40,log_return,66.20999908447266,65.92965699834696,0.28034208612569955,0.28034208612569955
2022-04-22 00:00:00+00:00,KO,lightgbm_quantile,nonsentiment,40,log_return,65.25,66.14772112203237,-0.8977211220323653,0.8977211220323653
2022-04-25 00:00:00+00:00,KO,lightgbm_quantile,nonsentiment,40,log_return,65.94000244140625,65.22344200972417,0.7165604316820833,0.7165604316820833
2022-04-26 00:00:00+00:00,KO,lightgbm_quantile,nonsentiment,40,log_return,65.05000305175781,65.86188308791426,-0.8118800361564524,0.8118800361564524
2022-04-27 00:00:00+00:00,KO,lightgbm_quantile,nonsentiment,40,log_return,65.55999755859375,64.89858148851468,0.6614160700790706,0.6614160700790706
2022-04-28 00:00:00+00:00,KO,lightgbm_quantile,nonsentiment,40,log_return,66.19000244140625,65.40285974470328,0.787142696702972,0.787142696702972
2022-04-29 00:00:00+00:00,KO,lightgbm_quantile,nonsentiment,40,log_return,64.61000061035156,66.1354443383282,-1.5254437279766364,1.5254437279766364
2022-05-02 00:00:00+00:00,KO,lightgbm_quantile,nonsentiment,40,log_return,63.43999862670898,64.47835099174227,-1.0383523650332975,1.0383523650332975
2022-05-03 00:00:00+00:00,KO,lightgbm_quantile,nonsentiment,40,log_return,63.08000183105469,63.35340299576073,-0.27340116470604414,0.27340116470604414
2022-05-04 00:00:00+00:00,KO,lightgbm_quantile,nonsentiment,40,log_return,65.02999877929688,63.01983347975274,2.010165299544134,2.010165299544134
2022-05-05 00:00:00+00:00,KO,lightgbm_quantile,nonsentiment,40,log_return,64.51000213623047,64.92480220295114,-0.41480006672067304,0.41480006672067304
2022-05-06 00:00:00+00:00,KO,lightgbm_quantile,nonsentiment,40,log_return,64.73999786376953,64.42199186771158,0.31800599605794844,0.31800599605794844
2022-05-09 00:00:00+00:00,KO,lightgbm_quantile,nonsentiment,40,log_return,64.61000061035156,64.65723021046489,-0.04722960011332589,0.04722960011332589
2022-05-10 00:00:00+00:00,KO,lightgbm_quantile,nonsentiment,40,log_return,64.01000213623047,64.55038354224216,-0.54038140601169,0.54038140601169
2022-05-11 00:00:00+00:00,KO,lightgbm_quantile,nonsentiment,40,log_return,64.30999755859375,63.90652243115397,0.4034751274397834,0.4034751274397834
2022-05-12 00:00:00+00:00,KO,lightgbm_quantile,nonsentiment,40,log_return,64.51000213623047,64.22895073890317,0.2810513973273032,0.2810513973273032
2022-05-13 00:00:00+00:00,KO,lightgbm_quantile,nonsentiment,40,log_return,65.72000122070312,64.42169556081718,1.2983056598859406,1.2983056598859406
2022-05-16 00:00:00+00:00,KO,lightgbm_quantile,nonsentiment,40,log_return,65.95999908447266,65.63200532281337,0.32799376165928606,0.32799376165928606
2022-05-17 00:00:00+00:00,KO,lightgbm_quantile,nonsentiment,40,log_return,65.77999877929688,65.89796944203188,-0.11797066273500434,0.11797066273500434
2022-05-18 00:00:00+00:00,KO,lightgbm_quantile,nonsentiment,40,log_return,61.20000076293945,65.68844431691191,-4.488443553972459,4.488443553972459
2022-05-19 00:00:00+00:00,KO,lightgbm_quantile,nonsentiment,40,log_return,60.0,61.09919560417919,-1.0991956041791866,1.0991956041791866
2022-05-20 00:00:00+00:00,KO,lightgbm_quantile,nonsentiment,40,log_return,60.97999954223633,59.958981759305615,1.0210177829307128,1.0210177829307128
2022-05-23 00:00:00+00:00,KO,lightgbm_quantile,nonsentiment,40,log_return,62.86000061035156,60.908724357356206,1.9512762529953562,1.9512762529953562
2022-05-24 00:00:00+00:00,KO,lightgbm_quantile,nonsentiment,40,log_return,64.0199966430664,62.800619918620875,1.2193767244455316,1.2193767244455316
2022-05-25 00:00:00+00:00,KO,lightgbm_quantile,nonsentiment,40,log_return,64.06999969482422,63.9285325840482,0.14146711077601992,0.14146711077601992
2022-05-26 00:00:00+00:00,KO,lightgbm_quantile,nonsentiment,40,log_return,64.30000305175781,64.07639222612892,0.22361082562889578,0.22361082562889578
2022-05-27 00:00:00+00:00,KO,lightgbm_quantile,nonsentiment,40,log_return,64.68000030517578,64.34266031232201,0.3373399928537708,0.3373399928537708
2022-05-31 00:00:00+00:00,KO,lightgbm_quantile,nonsentiment,40,log_return,63.380001068115234,64.68903649224744,-1.3090354241322046,1.3090354241322046
2022-06-01 00:00:00+00:00,KO,lightgbm_quantile,nonsentiment,40,log_return,63.06999969482422,63.383691044355594,-0.3136913495313749,0.3136913495313749
2022-06-02 00:00:00+00:00,KO,lightgbm_quantile,nonsentiment,40,log_return,63.72999954223633,63.066771677778185,0.6632278644581433,0.6632278644581433
2022-06-03 00:00:00+00:00,KO,lightgbm_quantile,nonsentiment,40,log_return,62.970001220703125,63.7210582317021,-0.7510570109989771,0.7510570109989771
2022-06-06 00:00:00+00:00,KO,lightgbm_quantile,nonsentiment,40,log_return,62.869998931884766,62.990985206155024,-0.12098627427025832,0.12098627427025832
2022-06-07 00:00:00+00:00,KO,lightgbm_quantile,nonsentiment,40,log_return,63.25,62.84159045780211,0.4084095421978873,0.4084095421978873
2022-06-08 00:00:00+00:00,KO,lightgbm_quantile,nonsentiment,40,log_return,62.88999938964844,63.25583871029659,-0.36583932064814917,0.36583932064814917
2022-06-09 00:00:00+00:00,KO,lightgbm_quantile,nonsentiment,40,log_return,61.79999923706055,62.91858482759524,-1.1185855905346926,1.1185855905346926
2022-06-10 00:00:00+00:00,KO,lightgbm_quantile,nonsentiment,40,log_return,61.40999984741211,61.8054904250027,-0.3954905775905928,0.3954905775905928
2022-06-13 00:00:00+00:00,KO,lightgbm_quantile,nonsentiment,40,log_return,61.34000015258789,61.406104336097975,-0.06610418351008462,0.06610418351008462
2022-06-14 00:00:00+00:00,KO,lightgbm_quantile,nonsentiment,40,log_return,59.22999954223633,61.397738670496025,-2.167739128259697,2.167739128259697
2022-06-15 00:00:00+00:00,KO,lightgbm_quantile,nonsentiment,40,log_return,59.66999816894531,59.234978684909265,0.4350194840360473,0.4350194840360473
2022-06-16 00:00:00+00:00,KO,lightgbm_quantile,nonsentiment,40,log_return,59.06999969482422,59.63714267016292,-0.5671429753387045,0.5671429753387045
2022-06-17 00:00:00+00:00,KO,lightgbm_quantile,nonsentiment,40,log_return,59.43000030517578,58.997409567587205,0.43259073758857625,0.43259073758857625
2022-06-21 00:00:00+00:00,KO,lightgbm_quantile,nonsentiment,40,log_return,60.70000076293945,59.419939072645164,1.2800616902942892,1.2800616902942892
2022-06-22 00:00:00+00:00,KO,lightgbm_quantile,nonsentiment,40,log_return,61.150001525878906,60.67955831413925,0.4704432117396564,0.4704432117396564
2022-06-23 00:00:00+00:00,KO,lightgbm_quantile,nonsentiment,40,log_return,61.880001068115234,61.10259184908215,0.7774092190330819,0.7774092190330819
2022-06-24 00:00:00+00:00,KO,lightgbm_quantile,nonsentiment,40,log_return,63.040000915527344,61.879053545407075,1.1609473701202688,1.1609473701202688
2022-06-27 00:00:00+00:00,KO,lightgbm_quantile,nonsentiment,40,log_return,62.90999984741211,63.100083643666544,-0.1900837962544344,0.1900837962544344
2022-06-28 00:00:00+00:00,KO,lightgbm_quantile,nonsentiment,40,log_return,62.27999877929688,62.86038286658276,-0.5803840872858785,0.5803840872858785
2022-06-29 00:00:00+00:00,KO,lightgbm_quantile,nonsentiment,40,log_return,62.72999954223633,62.23778306264389,0.492216479592436,0.492216479592436
2022-06-30 00:00:00+00:00,KO,lightgbm_quantile,nonsentiment,40,log_return,62.90999984741211,62.66916934531932,0.24083050209279122,0.24083050209279122
2022-07-01 00:00:00+00:00,KO,lightgbm_quantile,nonsentiment,40,log_return,64.37999725341797,62.843225558782386,1.5367716946355827,1.5367716946355827
2022-07-05 00:00:00+00:00,KO,lightgbm_quantile,nonsentiment,40,log_return,63.27999877929688,64.34136652877758,-1.0613677494807021,1.0613677494807021
2022-07-06 00:00:00+00:00,KO,lightgbm_quantile,nonsentiment,40,log_return,63.40999984741211,63.157374337419064,0.2526255099930452,0.2526255099930452
2022-07-07 00:00:00+00:00,KO,lightgbm_quantile,nonsentiment,40,log_return,62.90999984741211,63.30154479327594,-0.3915449458638278,0.3915449458638278
2022-07-08 00:00:00+00:00,KO,lightgbm_quantile,nonsentiment,40,log_return,63.13999938964844,62.833713946740055,0.3062854429083828,0.3062854429083828
2022-07-11 00:00:00+00:00,KO,lightgbm_quantile,nonsentiment,40,log_return,62.93999862670898,63.0951487275954,-0.15515010088642356,0.15515010088642356
2022-07-12 00:00:00+00:00,KO,lightgbm_quantile,nonsentiment,40,log_return,62.66999816894531,62.90211577456286,-0.23211760561754602,0.23211760561754602
2022-07-13 00:00:00+00:00,KO,lightgbm_quantile,nonsentiment,40,log_return,62.380001068115234,62.60225904015129,-0.22225797203605424,0.22225797203605424
2022-07-14 00:00:00+00:00,KO,lightgbm_quantile,nonsentiment,40,log_return,62.18000030517578,62.3286723416665,-0.1486720364907157,0.1486720364907157
2022-07-15 00:00:00+00:00,KO,lightgbm_quantile,nonsentiment,40,log_return,62.5,62.20648281113143,0.29351718886857014,0.29351718886857014
2022-07-18 00:00:00+00:00,KO,lightgbm_quantile,nonsentiment,40,log_return,61.650001525878906,62.53671392917255,-0.8867124032936431,0.8867124032936431
2022-07-19 00:00:00+00:00,KO,lightgbm_quantile,nonsentiment,40,log_return,62.52999877929688,61.433626836485914,1.0963719428109684,1.0963719428109684
2022-07-20 00:00:00+00:00,KO,lightgbm_quantile,nonsentiment,40,log_return,61.5,62.48903284968016,-0.9890328496801573,0.9890328496801573
2022-07-21 00:00:00+00:00,KO,lightgbm_quantile,nonsentiment,40,log_return,61.36000061035156,61.48385017042222,-0.12384956007065995,0.12384956007065995
2022-07-22 00:00:00+00:00,KO,lightgbm_quantile,nonsentiment,40,log_return,61.59000015258789,61.33060370960036,0.25939644298752995,0.25939644298752995
2022-07-25 00:00:00+00:00,KO,lightgbm_quantile,nonsentiment,40,log_return,62.18999862670898,61.54410078103983,0.6458978456691469,0.6458978456691469
2022-07-26 00:00:00+00:00,KO,lightgbm_quantile,nonsentiment,40,log_return,63.209999084472656,62.19382859059248,1.0161704938801748,1.0161704938801748
2022-07-27 00:00:00+00:00,KO,lightgbm_quantile,nonsentiment,40,log_return,63.0099983215332,63.107600334799635,-0.0976020132664317,0.0976020132664317
2022-07-28 00:00:00+00:00,KO,lightgbm_quantile,nonsentiment,40,log_return,64.05999755859375,62.85335561581686,1.2066419427768906,1.2066419427768906
2022-07-29 00:00:00+00:00,KO,lightgbm_quantile,nonsentiment,40,log_return,64.16999816894531,63.975881638273144,0.1941165306721686,0.1941165306721686
2022-08-01 00:00:00+00:00,KO,lightgbm_quantile,nonsentiment,40,log_return,64.5199966430664,64.10313757704,0.41685906602640443,0.41685906602640443
2022-08-02 00:00:00+00:00,KO,lightgbm_quantile,nonsentiment,40,log_return,63.63999938964844,64.43152991602567,-0.7915305263772296,0.7915305263772296
2022-08-03 00:00:00+00:00,KO,lightgbm_quantile,nonsentiment,40,log_return,63.91999816894531,63.59730194274299,0.32269622620232497,0.32269622620232497
2022-08-04 00:00:00+00:00,KO,lightgbm_quantile,nonsentiment,40,log_return,63.66999816894531,63.891040846786154,-0.22104267784084186,0.22104267784084186
2022-08-05 00:00:00+00:00,KO,lightgbm_quantile,nonsentiment,40,log_return,63.380001068115234,63.60186532027399,-0.2218642521587526,0.2218642521587526
2022-08-08 00:00:00+00:00,KO,lightgbm_quantile,nonsentiment,40,log_return,62.970001220703125,63.2924272670008,-0.3224260462976716,0.3224260462976716
2022-08-09 00:00:00+00:00,KO,lightgbm_quantile,nonsentiment,40,log_return,63.04999923706055,62.91770313891262,0.13229609814792553,0.13229609814792553
2022-08-10 00:00:00+00:00,KO,lightgbm_quantile,nonsentiment,40,log_return,63.650001525878906,63.06354910572585,0.5864524201530585,0.5864524201530585
2022-08-11 00:00:00+00:00,KO,lightgbm_quantile,nonsentiment,40,log_return,63.220001220703125,63.558713828035096,-0.3387126073319706,0.3387126073319706
2022-08-12 00:00:00+00:00,KO,lightgbm_quantile,nonsentiment,40,log_return,63.70000076293945,63.13296029267359,0.5670404702658658,0.5670404702658658
2022-08-15 00:00:00+00:00,KO,lightgbm_quantile,nonsentiment,40,log_return,64.5,63.5953373184641,0.9046626815359033,0.9046626815359033
2022-08-16 00:00:00+00:00,KO,lightgbm_quantile,nonsentiment,40,log_return,65.02999877929688,64.35674133708244,0.6732574422144353,0.6732574422144353
2022-08-17 00:00:00+00:00,KO,lightgbm_quantile,nonsentiment,40,log_return,64.87999725341797,64.88617061334861,-0.006173359930642164,0.006173359930642164
2022-08-18 00:00:00+00:00,KO,lightgbm_quantile,nonsentiment,40,log_return,65.22000122070312,64.7396593772021,0.48034184350102294,0.48034184350102294
2022-08-19 00:00:00+00:00,KO,lightgbm_quantile,nonsentiment,40,log_return,65.16999816894531,65.08169684805632,0.08830132088898779,0.08830132088898779
2022-08-22 00:00:00+00:00,KO,lightgbm_quantile,nonsentiment,40,log_return,64.19999694824219,65.00541769491983,-0.8054207466776404,0.8054207466776404
2022-08-23 00:00:00+00:00,KO,lightgbm_quantile,nonsentiment,40,log_return,64.2699966430664,64.04348049382831,0.22651614923809404,0.22651614923809404
2022-08-24 00:00:00+00:00,KO,lightgbm_quantile,nonsentiment,40,log_return,64.36000061035156,64.16927702483999,0.1907235855115772,0.1907235855115772
2022-08-25 00:00:00+00:00,KO,lightgbm_quantile,nonsentiment,40,log_return,64.66999816894531,64.23303714984678,0.4369610190985327,0.4369610190985327
2022-08-26 00:00:00+00:00,KO,lightgbm_quantile,nonsentiment,40,log_return,63.11000061035156,64.51782264020453,-1.4078220298529658,1.4078220298529658
2022-08-29 00:00:00+00:00,KO,lightgbm_quantile,nonsentiment,40,log_return,62.72999954223633,62.96255853888048,-0.23255899664415125,0.23255899664415125
2022-08-30 00:00:00+00:00,KO,lightgbm_quantile,nonsentiment,40,log_return,62.150001525878906,62.577566057449395,-0.42756453157048924,0.42756453157048924
2022-08-31 00:00:00+00:00,KO,lightgbm_quantile,nonsentiment,40,log_return,61.709999084472656,62.0846799115878,-0.3746808271151423,0.3746808271151423
2022-09-01 00:00:00+00:00,KO,lightgbm_quantile,nonsentiment,40,log_return,62.0,61.55791626120785,0.44208373879214946,0.44208373879214946
2022-09-02 00:00:00+00:00,KO,lightgbm_quantile,nonsentiment,40,log_return,61.150001525878906,61.89480961502067,-0.7448080891417632,0.7448080891417632
2022-09-06 00:00:00+00:00,KO,lightgbm_quantile,nonsentiment,40,log_return,61.18000030517578,61.01902994981859,0.16097035535719328,0.16097035535719328
2022-09-07 00:00:00+00:00,KO,lightgbm_quantile,nonsentiment,40,log_return,62.310001373291016,61.058481408917345,1.2515199643736707,1.2515199643736707
2022-09-08 00:00:00+00:00,KO,lightgbm_quantile,nonsentiment,40,log_return,62.119998931884766,62.16819474469531,-0.04819581281054752,0.04819581281054752
2022-09-09 00:00:00+00:00,KO,lightgbm_quantile,nonsentiment,40,log_return,62.31999969482422,62.06260201639276,0.25739767843145955,0.25739767843145955
2022-09-12 00:00:00+00:00,KO,lightgbm_quantile,nonsentiment,40,log_return,62.5,62.28194888610547,0.21805111389453202,0.21805111389453202
2022-09-13 00:00:00+00:00,KO,lightgbm_quantile,nonsentiment,40,log_return,60.470001220703125,62.41515101244766,-1.9451497917445337,1.9451497917445337
2022-09-14 00:00:00+00:00,KO,lightgbm_quantile,nonsentiment,40,log_return,60.790000915527344,60.33606304718678,0.45393786834056726,0.45393786834056726
2022-09-15 00:00:00+00:00,KO,lightgbm_quantile,nonsentiment,40,log_return,59.52999877929688,60.782928263942814,-1.2529294846459322,1.2529294846459322
2022-09-16 00:00:00+00:00,KO,lightgbm_quantile,nonsentiment,40,log_return,59.540000915527344,59.485761449689726,0.054239465837618184,0.054239465837618184
2022-09-19 00:00:00+00:00,KO,lightgbm_quantile,nonsentiment,40,log_return,59.9900016784668,59.4661892834719,0.5238123949948985,0.5238123949948985
2022-09-20 00:00:00+00:00,KO,lightgbm_quantile,nonsentiment,40,log_return,59.900001525878906,59.85638540717259,0.043616118706317764,0.043616118706317764
2022-09-21 00:00:00+00:00,KO,lightgbm_quantile,nonsentiment,40,log_return,59.400001525878906,59.80091977381082,-0.4009182479319122,0.4009182479319122
2022-09-22 00:00:00+00:00,KO,lightgbm_quantile,nonsentiment,40,log_return,59.2599983215332,59.325033253957876,-0.06503493242467329,0.06503493242467329
2022-09-23 00:00:00+00:00,KO,lightgbm_quantile,nonsentiment,40,log_return,58.59999847412109,59.226400713748475,-0.6264022396273887,0.6264022396273887
2022-09-26 00:00:00+00:00,KO,lightgbm_quantile,nonsentiment,40,log_return,57.869998931884766,58.52158009136385,-0.6515811594790861,0.6515811594790861
2022-09-27 00:00:00+00:00,KO,lightgbm_quantile,nonsentiment,40,log_return,56.380001068115234,57.80742786886588,-1.427426800750645,1.427426800750645
2022-09-28 00:00:00+00:00,KO,lightgbm_quantile,nonsentiment,40,log_return,56.97999954223633,56.34741743147907,0.6325821107572551,0.6325821107572551
2022-09-29 00:00:00+00:00,KO,lightgbm_quantile,nonsentiment,40,log_return,56.56999969482422,56.87597446461368,-0.3059747697894579,0.3059747697894579
2022-09-30 00:00:00+00:00,KO,lightgbm_quantile,nonsentiment,40,log_return,56.02000045776367,56.462393376284936,-0.4423929185212643,0.4423929185212643
2022-10-03 00:00:00+00:00,KO,lightgbm_quantile,nonsentiment,40,log_return,56.650001525878906,55.919585941385556,0.7304155844933504,0.7304155844933504
2022-10-04 00:00:00+00:00,KO,lightgbm_quantile,nonsentiment,40,log_return,56.77999877929688,56.58474199803953,0.19525678125734913,0.19525678125734913
2022-10-05 00:00:00+00:00,KO,lightgbm_quantile,nonsentiment,40,log_return,56.2400016784668,56.737591380425805,-0.49758970195900787,0.49758970195900787
2022-10-06 00:00:00+00:00,KO,lightgbm_quantile,nonsentiment,40,log_return,55.02999877929688,56.173781734469515,-1.1437829551726324,1.1437829551726324
2022-10-07 00:00:00+00:00,KO,lightgbm_quantile,nonsentiment,40,log_return,54.5099983215332,54.95331047715083,-0.44331215561762605,0.44331215561762605
2022-10-10 00:00:00+00:00,KO,lightgbm_quantile,nonsentiment,40,log_return,54.38999938964844,54.46492126059823,-0.07492187094979386,0.07492187094979386
2022-10-11 00:00:00+00:00,KO,lightgbm_quantile,nonsentiment,40,log_return,54.47999954223633,54.405262068823504,0.07473747341282433,0.07473747341282433
2022-10-12 00:00:00+00:00,KO,lightgbm_quantile,nonsentiment,40,log_return,55.13999938964844,54.42751014618431,0.7124892434641268,0.7124892434641268
2022-10-13 00:00:00+00:00,KO,lightgbm_quantile,nonsentiment,40,log_return,55.869998931884766,55.084007917547204,0.7859910143375615,0.7859910143375615
2022-10-14 00:00:00+00:00,KO,lightgbm_quantile,nonsentiment,40,log_return,54.97999954223633,55.811763953758025,-0.8317644115216964,0.8317644115216964
2022-10-17 00:00:00+00:00,KO,lightgbm_quantile,nonsentiment,40,log_return,55.68999862670898,54.927441033305364,0.7625575934036135,0.7625575934036135
2022-10-18 00:00:00+00:00,KO,lightgbm_quantile,nonsentiment,40,log_return,56.43999862670898,55.61605816847586,0.8239404582331176,0.8239404582331176
2022-10-19 00:00:00+00:00,KO,lightgbm_quantile,nonsentiment,40,log_return,55.959999084472656,56.34915246281703,-0.3891533783443748,0.3891533783443748
2022-10-20 00:00:00+00:00,KO,lightgbm_quantile,nonsentiment,40,log_return,55.08000183105469,55.88165005325483,-0.8016482222001429,0.8016482222001429
2022-10-21 00:00:00+00:00,KO,lightgbm_quantile,nonsentiment,40,log_return,55.959999084472656,55.02194268959253,0.9380563948801282,0.9380563948801282
2022-10-24 00:00:00+00:00,KO,lightgbm_quantile,nonsentiment,40,log_return,57.56999969482422,55.95969700826649,1.6103026865577306,1.6103026865577306
2022-10-25 00:00:00+00:00,KO,lightgbm_quantile,nonsentiment,40,log_return,58.95000076293945,57.525889280860696,1.4241114820787573,1.4241114820787573
2022-10-26 00:00:00+00:00,KO,lightgbm_quantile,nonsentiment,40,log_return,59.38999938964844,58.90125335223502,0.4887460374134207,0.4887460374134207
2022-10-27 00:00:00+00:00,KO,lightgbm_quantile,nonsentiment,40,log_return,59.52999877929688,59.2702231725039,0.25977560679298506,0.25977560679298506
2022-10-28 00:00:00+00:00,KO,lightgbm_quantile,nonsentiment,40,log_return,60.7599983215332,59.47912023273491,1.2808780887982962,1.2808780887982962
2022-10-31 00:00:00+00:00,KO,lightgbm_quantile,nonsentiment,40,log_return,59.84999847412109,60.71456341851518,-0.8645649443940968,0.8645649443940968
2022-11-01 00:00:00+00:00,KO,lightgbm_quantile,nonsentiment,40,log_return,59.63999938964844,59.803512887748894,-0.1635134981004569,0.1635134981004569
2022-11-02 00:00:00+00:00,KO,lightgbm_quantile,nonsentiment,40,log_return,58.810001373291016,59.601392649414045,-0.7913912761230293,0.7913912761230293
2022-11-03 00:00:00+00:00,KO,lightgbm_quantile,nonsentiment,40,log_return,58.77999877929688,58.77334130087373,0.006657478423150565,0.006657478423150565
2022-11-04 00:00:00+00:00,KO,lightgbm_quantile,nonsentiment,40,log_return,59.2599983215332,58.70982495529057,0.5501733662426318,0.5501733662426318
2022-11-07 00:00:00+00:00,KO,lightgbm_quantile,nonsentiment,40,log_return,59.4900016784668,59.17002310404744,0.31997857441935906,0.31997857441935906
2022-11-08 00:00:00+00:00,KO,lightgbm_quantile,nonsentiment,40,log_return,59.59999847412109,59.43179791927267,0.16820055484841845,0.16820055484841845
2022-11-09 00:00:00+00:00,KO,lightgbm_quantile,nonsentiment,40,log_return,58.77000045776367,59.546976538432524,-0.7769760806688524,0.7769760806688524
2022-11-10 00:00:00+00:00,KO,lightgbm_quantile,nonsentiment,40,log_return,60.880001068115234,58.67330692116241,2.2066941469528274,2.2066941469528274
2022-11-11 00:00:00+00:00,KO,lightgbm_quantile,nonsentiment,40,log_return,61.31999969482422,60.78913409510286,0.5308655997213592,0.5308655997213592
2022-11-14 00:00:00+00:00,KO,lightgbm_quantile,nonsentiment,40,log_return,60.72999954223633,61.22694857327011,-0.49694903103377897,0.49694903103377897
2022-11-15 00:00:00+00:00,KO,lightgbm_quantile,nonsentiment,40,log_return,60.630001068115234,60.63259184610477,-0.002590777989539106,0.002590777989539106
2022-11-16 00:00:00+00:00,KO,lightgbm_quantile,nonsentiment,40,log_return,60.52000045776367,60.526197947523755,-0.006197489760083386,0.006197489760083386
2022-11-17 00:00:00+00:00,KO,lightgbm_quantile,nonsentiment,40,log_return,60.709999084472656,60.38953103930932,0.32046804516333793,0.32046804516333793
2022-11-18 00:00:00+00:00,KO,lightgbm_quantile,nonsentiment,40,log_return,61.13999938964844,60.6567072349902,0.48329215465823694,0.48329215465823694
2022-11-21 00:00:00+00:00,KO,lightgbm_quantile,nonsentiment,40,log_return,62.08000183105469,61.082298196943505,0.9977036341111827,0.9977036341111827
2022-11-22 00:00:00+00:00,KO,lightgbm_quantile,nonsentiment,40,log_return,62.34999847412109,62.03431989825755,0.31567857586353654,0.31567857586353654
2022-11-23 00:00:00+00:00,KO,lightgbm_quantile,nonsentiment,40,log_return,62.630001068115234,62.34369999096214,0.28630107715309094,0.28630107715309094
2022-11-25 00:00:00+00:00,KO,lightgbm_quantile,nonsentiment,40,log_return,62.68999862670898,62.592585321126016,0.09741330558296113,0.09741330558296113
2022-11-28 00:00:00+00:00,KO,lightgbm_quantile,nonsentiment,40,log_return,62.70000076293945,62.66155269650077,0.038448066438682815,0.038448066438682815
2022-11-29 00:00:00+00:00,KO,lightgbm_quantile,nonsentiment,40,log_return,62.47999954223633,62.642585250707825,-0.16258570847149656,0.16258570847149656
2022-11-30 00:00:00+00:00,KO,lightgbm_quantile,nonsentiment,40,log_return,63.61000061035156,62.504605242590976,1.1053953677605861,1.1053953677605861
2022-12-01 00:00:00+00:00,KO,lightgbm_quantile,nonsentiment,40,log_return,63.790000915527344,63.633134482123474,0.15686643340387008,0.15686643340387008
2022-12-02 00:00:00+00:00,KO,lightgbm_quantile,nonsentiment,40,log_return,64.3499984741211,63.72049275578309,0.6295057183380024,0.6295057183380024
2022-12-05 00:00:00+00:00,KO,lightgbm_quantile,nonsentiment,40,log_return,63.470001220703125,64.30034053294133,-0.830339312238209,0.830339312238209
2022-12-06 00:00:00+00:00,KO,lightgbm_quantile,nonsentiment,40,log_return,63.43999862670898,63.407096360932556,0.0329022657764213,0.0329022657764213
2022-12-07 00:00:00+00:00,KO,lightgbm_quantile,nonsentiment,40,log_return,63.540000915527344,63.41312127047128,0.1268796450560643,0.1268796450560643
2022-12-08 00:00:00+00:00,KO,lightgbm_quantile,nonsentiment,40,log_return,63.810001373291016,63.42429495629894,0.38570641699207897,0.38570641699207897
2022-12-09 00:00:00+00:00,KO,lightgbm_quantile,nonsentiment,40,log_return,63.13999938964844,63.76601997113814,-0.6260205814897049,0.6260205814897049
2022-12-12 00:00:00+00:00,KO,lightgbm_quantile,nonsentiment,40,log_return,63.970001220703125,63.09965829957178,0.8703429211313463,0.8703429211313463
2022-12-13 00:00:00+00:00,KO,lightgbm_quantile,nonsentiment,40,log_return,63.9900016784668,63.902977340480156,0.08702433798664089,0.08702433798664089
2022-12-14 00:00:00+00:00,KO,lightgbm_quantile,nonsentiment,40,log_return,63.9900016784668,63.91739631067579,0.0726053677910059,0.0726053677910059
2022-12-15 00:00:00+00:00,KO,lightgbm_quantile,nonsentiment,40,log_return,63.11000061035156,63.89716008660874,-0.7871594762571803,0.7871594762571803
2022-12-16 00:00:00+00:00,KO,lightgbm_quantile,nonsentiment,40,log_return,62.75,63.03854081656671,-0.2885408165667087,0.2885408165667087
2022-12-19 00:00:00+00:00,KO,lightgbm_quantile,nonsentiment,40,log_return,62.84000015258789,62.673839854430085,0.16616029815780564,0.16616029815780564
2022-12-20 00:00:00+00:00,KO,lightgbm_quantile,nonsentiment,40,log_return,62.790000915527344,62.74988504336745,0.04011587215989465,0.04011587215989465
2022-12-21 00:00:00+00:00,KO,lightgbm_quantile,nonsentiment,40,log_return,63.79999923706055,62.698552293244525,1.101446943816022,1.101446943816022
2022-12-22 00:00:00+00:00,KO,lightgbm_quantile,nonsentiment,40,log_return,63.34000015258789,63.68857863917033,-0.34857848658243995,0.34857848658243995
2022-12-23 00:00:00+00:00,KO,lightgbm_quantile,nonsentiment,40,log_return,63.81999969482422,63.235140162949705,0.584859531874514,0.584859531874514
2022-12-27 00:00:00+00:00,KO,lightgbm_quantile,nonsentiment,40,log_return,64.20999908447266,63.77597605994212,0.4340230245305392,0.4340230245305392
2022-12-28 00:00:00+00:00,KO,lightgbm_quantile,nonsentiment,40,log_return,63.56999969482422,64.16793204639117,-0.5979323515669535,0.5979323515669535
2022-12-29 00:00:00+00:00,KO,lightgbm_quantile,nonsentiment,40,log_return,63.95000076293945,63.48051379605552,0.46948696688393454,0.46948696688393454
2022-12-30 00:00:00+00:00,KO,lightgbm_quantile,nonsentiment,40,log_return,63.61000061035156,63.8152131115941,-0.20521250124253498,0.20521250124253498
2023-01-03 00:00:00+00:00,KO,lightgbm_quantile,nonsentiment,40,log_return,62.95000076293945,63.48224501588374,-0.5322442529442881,0.5322442529442881
2023-01-04 00:00:00+00:00,KO,lightgbm_quantile,nonsentiment,40,log_return,62.91999816894531,62.80984780710084,0.11015036184447524,0.11015036184447524
2023-01-05 00:00:00+00:00,KO,lightgbm_quantile,nonsentiment,40,log_return,62.20000076293945,62.80718365931471,-0.6071828963752566,0.6071828963752566
2023-01-06 00:00:00+00:00,KO,lightgbm_quantile,nonsentiment,40,log_return,63.400001525878906,62.148094316884055,1.2519072089948509,1.2519072089948509
2023-01-09 00:00:00+00:00,KO,lightgbm_quantile,nonsentiment,40,log_return,62.61000061035156,63.259590136170324,-0.6495895258187616,0.6495895258187616
2023-01-10 00:00:00+00:00,KO,lightgbm_quantile,nonsentiment,40,log_return,62.130001068115234,62.48705204578573,-0.35705097767049665,0.35705097767049665
2023-01-11 00:00:00+00:00,KO,lightgbm_quantile,nonsentiment,40,log_return,62.0099983215332,62.00237970245087,0.007618619082336409,0.007618619082336409
2023-01-12 00:00:00+00:00,KO,lightgbm_quantile,nonsentiment,40,log_return,61.209999084472656,61.88703857117883,-0.6770394867061711,0.6770394867061711
2023-01-13 00:00:00+00:00,KO,lightgbm_quantile,nonsentiment,40,log_return,61.43000030517578,61.13236613591664,0.29763416925914044,0.29763416925914044
2023-01-17 00:00:00+00:00,KO,lightgbm_quantile,nonsentiment,40,log_return,61.68000030517578,61.32327956794451,0.35672073723127085,0.35672073723127085
2023-01-18 00:00:00+00:00,KO,lightgbm_quantile,nonsentiment,40,log_return,59.810001373291016,61.59849049396622,-1.7884891206752016,1.7884891206752016
2023-01-19 00:00:00+00:00,KO,lightgbm_quantile,nonsentiment,40,log_return,59.720001220703125,59.74554299974298,-0.025541779039855328,0.025541779039855328
2023-01-20 00:00:00+00:00,KO,lightgbm_quantile,nonsentiment,40,log_return,60.08000183105469,59.68517902575292,0.3948228053017644,0.3948228053017644
2023-01-23 00:00:00+00:00,KO,lightgbm_quantile,nonsentiment,40,log_return,60.22999954223633,60.048537958956636,0.18146158327969175,0.18146158327969175
2023-01-24 00:00:00+00:00,KO,lightgbm_quantile,nonsentiment,40,log_return,60.54999923706055,60.08671645460864,0.46328278245190546,0.46328278245190546
2023-01-25 00:00:00+00:00,KO,lightgbm_quantile,nonsentiment,40,log_return,60.93000030517578,60.50251010304993,0.42749020212585265,0.42749020212585265
2023-01-26 00:00:00+00:00,KO,lightgbm_quantile,nonsentiment,40,log_return,60.810001373291016,60.83299366733275,-0.022992294041735306,0.022992294041735306
2023-01-27 00:00:00+00:00,KO,lightgbm_quantile,nonsentiment,40,log_return,60.4900016784668,60.732258302411815,-0.24225662394501768,0.24225662394501768
2023-01-30 00:00:00+00:00,KO,lightgbm_quantile,nonsentiment,40,log_return,60.63999938964844,60.39378260993805,0.24621677971038736,0.24621677971038736
2023-01-31 00:00:00+00:00,KO,lightgbm_quantile,nonsentiment,40,log_return,61.31999969482422,60.55556690973463,0.7644327850895891,0.7644327850895891
2023-02-01 00:00:00+00:00,KO,lightgbm_quantile,nonsentiment,40,log_return,61.33000183105469,61.28947469559445,0.04052713546023767,0.04052713546023767
2023-02-02 00:00:00+00:00,KO,lightgbm_quantile,nonsentiment,40,log_return,60.27999877929688,61.271528659257534,-0.9915298799606518,0.9915298799606518
2023-02-03 00:00:00+00:00,KO,lightgbm_quantile,nonsentiment,40,log_return,59.83000183105469,60.189601289772206,-0.3595994587175184,0.3595994587175184
2023-02-06 00:00:00+00:00,KO,lightgbm_quantile,nonsentiment,40,log_return,60.16999816894531,59.77321394069432,0.39678422825099346,0.39678422825099346
2023-02-07 00:00:00+00:00,KO,lightgbm_quantile,nonsentiment,40,log_return,60.06999969482422,60.174334636991,-0.10433494216677985,0.10433494216677985
2023-02-08 00:00:00+00:00,KO,lightgbm_quantile,nonsentiment,40,log_return,59.720001220703125,60.00148803957156,-0.2814868188684372,0.2814868188684372
2023-02-09 00:00:00+00:00,KO,lightgbm_quantile,nonsentiment,40,log_return,59.619998931884766,59.63261510410709,-0.01261617222232303,0.01261617222232303
2023-02-10 00:00:00+00:00,KO,lightgbm_quantile,nonsentiment,40,log_return,59.619998931884766,59.579443633863825,0.04055529802094071,0.04055529802094071
2023-02-13 00:00:00+00:00,KO,lightgbm_quantile,nonsentiment,40,log_return,60.59999847412109,59.550551416527085,1.0494470575940014,1.0494470575940014
2023-02-14 00:00:00+00:00,KO,lightgbm_quantile,nonsentiment,40,log_return,59.59000015258789,60.54349066670898,-0.9534905141210928,0.9534905141210928
2023-02-15 00:00:00+00:00,KO,lightgbm_quantile,nonsentiment,40,log_return,59.59000015258789,59.52360123985644,0.06639891273145082,0.06639891273145082
2023-02-16 00:00:00+00:00,KO,lightgbm_quantile,nonsentiment,40,log_return,59.220001220703125,59.45756325446723,-0.23756203376410667,0.23756203376410667
2023-02-17 00:00:00+00:00,KO,lightgbm_quantile,nonsentiment,40,log_return,60.119998931884766,59.17180657037247,0.948192361512298,0.948192361512298
2023-02-21 00:00:00+00:00,KO,lightgbm_quantile,nonsentiment,40,log_return,59.79999923706055,60.12006437903358,-0.32006514197303204,0.32006514197303204
2023-02-22 00:00:00+00:00,KO,lightgbm_quantile,nonsentiment,40,log_return,59.97999954223633,59.74297332166492,0.23702622057140843,0.23702622057140843
2023-02-23 00:00:00+00:00,KO,lightgbm_quantile,nonsentiment,40,log_return,60.09000015258789,59.876846297300915,0.2131538552869756,0.2131538552869756
2023-02-24 00:00:00+00:00,KO,lightgbm_quantile,nonsentiment,40,log_return,59.84000015258789,59.99043139754373,-0.15043124495583982,0.15043124495583982
2023-02-27 00:00:00+00:00,KO,lightgbm_quantile,nonsentiment,40,log_return,59.81999969482422,59.738069639890625,0.08193005493359351,0.08193005493359351
2023-02-28 00:00:00+00:00,KO,lightgbm_quantile,nonsentiment,40,log_return,59.5099983215332,59.73328360695635,-0.2232852854231453,0.2232852854231453
2023-03-01 00:00:00+00:00,KO,lightgbm_quantile,nonsentiment,40,log_return,58.86000061035156,59.42688664604777,-0.5668860356962071,0.5668860356962071
2023-03-02 00:00:00+00:00,KO,lightgbm_quantile,nonsentiment,40,log_return,59.720001220703125,58.793004653689614,0.9269965670135107,0.9269965670135107
2023-03-03 00:00:00+00:00,KO,lightgbm_quantile,nonsentiment,40,log_return,59.43999862670898,59.62605093547045,-0.18605230876147516,0.18605230876147516
2023-03-06 00:00:00+00:00,KO,lightgbm_quantile,nonsentiment,40,log_return,60.36000061035156,59.33767652541819,1.0223240849333735,1.0223240849333735
2023-03-07 00:00:00+00:00,KO,lightgbm_quantile,nonsentiment,40,log_return,60.0099983215332,60.26713233516975,-0.257134013636545,0.257134013636545
2023-03-08 00:00:00+00:00,KO,lightgbm_quantile,nonsentiment,40,log_return,60.040000915527344,59.92079054062471,0.11921037490263586,0.11921037490263586
2023-03-09 00:00:00+00:00,KO,lightgbm_quantile,nonsentiment,40,log_return,59.459999084472656,59.96961648429495,-0.5096173998222966,0.5096173998222966
2023-03-10 00:00:00+00:00,KO,lightgbm_quantile,nonsentiment,40,log_return,59.209999084472656,59.39299887077846,-0.18299978630580682,0.18299978630580682
2023-03-13 00:00:00+00:00,KO,lightgbm_quantile,nonsentiment,40,log_return,59.810001373291016,59.13751097588523,0.6724903974057881,0.6724903974057881
2023-03-14 00:00:00+00:00,KO,lightgbm_quantile,nonsentiment,40,log_return,60.02999877929688,59.75693932411906,0.2730594551778225,0.2730594551778225
2023-03-15 00:00:00+00:00,KO,lightgbm_quantile,nonsentiment,40,log_return,60.43000030517578,59.930177907029595,0.49982239814618623,0.49982239814618623
2023-03-16 00:00:00+00:00,KO,lightgbm_quantile,nonsentiment,40,log_return,60.29999923706055,60.34008677205948,-0.04008753499893203,0.04008753499893203
2023-03-17 00:00:00+00:00,KO,lightgbm_quantile,nonsentiment,40,log_return,60.02000045776367,60.1560734471557,-0.1360729893920265,0.1360729893920265
2023-03-20 00:00:00+00:00,KO,lightgbm_quantile,nonsentiment,40,log_return,60.59999847412109,59.94021215543157,0.6597863186895196,0.6597863186895196
2023-03-21 00:00:00+00:00,KO,lightgbm_quantile,nonsentiment,40,log_return,60.31999969482422,60.47624503420298,-0.1562453393787635,0.1562453393787635
2023-03-22 00:00:00+00:00,KO,lightgbm_quantile,nonsentiment,40,log_return,60.04999923706055,60.253887678647274,-0.20388844158672725,0.20388844158672725
2023-03-23 00:00:00+00:00,KO,lightgbm_quantile,nonsentiment,40,log_return,59.91999816894531,59.99290780897261,-0.07290964002729794,0.07290964002729794
2023-03-24 00:00:00+00:00,KO,lightgbm_quantile,nonsentiment,40,log_return,60.900001525878906,59.85268938836881,1.0473121375100973,1.0473121375100973
2023-03-27 00:00:00+00:00,KO,lightgbm_quantile,nonsentiment,40,log_return,61.34999847412109,60.83886591463142,0.511132559489667,0.511132559489667
2023-03-28 00:00:00+00:00,KO,lightgbm_quantile,nonsentiment,40,log_return,61.41999816894531,61.3110319055356,0.10896626340971238,0.10896626340971238
2023-03-29 00:00:00+00:00,KO,lightgbm_quantile,nonsentiment,40,log_return,61.86000061035156,61.38492083962836,0.4750797707232053,0.4750797707232053
2023-03-30 00:00:00+00:00,KO,lightgbm_quantile,nonsentiment,40,log_return,61.84999847412109,61.77654269917275,0.07345577494833577,0.07345577494833577
2023-03-31 00:00:00+00:00,KO,lightgbm_quantile,nonsentiment,40,log_return,62.02999877929688,61.78536376889966,0.24463501039722502,0.24463501039722502
2023-04-03 00:00:00+00:00,KO,lightgbm_quantile,nonsentiment,40,log_return,62.400001525878906,61.93355511671691,0.4664464091619962,0.4664464091619962
2023-04-04 00:00:00+00:00,KO,lightgbm_quantile,nonsentiment,40,log_return,62.209999084472656,62.33211357219949,-0.12211448772683298,0.12211448772683298
2023-04-05 00:00:00+00:00,KO,lightgbm_quantile,nonsentiment,40,log_return,62.79999923706055,62.130040523219414,0.6699587138411331,0.6699587138411331
2023-04-06 00:00:00+00:00,KO,lightgbm_quantile,nonsentiment,40,log_return,62.84000015258789,62.70285690798993,0.1371432445979579,0.1371432445979579
2023-04-10 00:00:00+00:00,KO,lightgbm_quantile,nonsentiment,40,log_return,62.68999862670898,62.71898968211784,-0.028991055408859268,0.028991055408859268
2023-04-11 00:00:00+00:00,KO,lightgbm_quantile,nonsentiment,40,log_return,62.58000183105469,62.6411603760849,-0.06115854503021012,0.06115854503021012
2023-04-12 00:00:00+00:00,KO,lightgbm_quantile,nonsentiment,40,log_return,62.68999862670898,62.53402803835663,0.15597058835234634,0.15597058835234634
2023-04-13 00:00:00+00:00,KO,lightgbm_quantile,nonsentiment,40,log_return,63.150001525878906,62.634578062365726,0.51542346351318,0.51542346351318
2023-04-14 00:00:00+00:00,KO,lightgbm_quantile,nonsentiment,40,log_return,63.04999923706055,63.064175782376736,-0.014176545316189504,0.014176545316189504
2023-04-17 00:00:00+00:00,KO,lightgbm_quantile,nonsentiment,40,log_return,63.459999084472656,62.99165344294313,0.46834564152952396,0.46834564152952396
2023-04-18 00:00:00+00:00,KO,lightgbm_quantile,nonsentiment,40,log_return,63.560001373291016,63.33799102745182,0.22201034583919466,0.22201034583919466
2023-04-19 00:00:00+00:00,KO,lightgbm_quantile,nonsentiment,40,log_return,63.68000030517578,63.4251762061082,0.25482409906758363,0.25482409906758363
2023-04-20 00:00:00+00:00,KO,lightgbm_quantile,nonsentiment,40,log_return,63.959999084472656,63.54700591612505,0.41299316834760447,0.41299316834760447
2023-04-21 00:00:00+00:00,KO,lightgbm_quantile,nonsentiment,40,log_return,64.05000305175781,63.80264174746505,0.2473613042927596,0.2473613042927596
2023-04-24 00:00:00+00:00,KO,lightgbm_quantile,nonsentiment,40,log_return,63.95000076293945,63.94110359749355,0.008897165445901578,0.008897165445901578
2023-04-25 00:00:00+00:00,KO,lightgbm_quantile,nonsentiment,40,log_return,63.84999847412109,63.8068851532312,0.04311332088988706,0.04311332088988706
2023-04-26 00:00:00+00:00,KO,lightgbm_quantile,nonsentiment,40,log_return,63.54999923706055,63.70236555643168,-0.15236631937113287,0.15236631937113287
2023-04-27 00:00:00+00:00,KO,lightgbm_quantile,nonsentiment,40,log_return,63.68000030517578,63.42810141671418,0.2518988884616036,0.2518988884616036
2023-04-28 00:00:00+00:00,KO,lightgbm_quantile,nonsentiment,40,log_return,64.1500015258789,63.52944017849506,0.6205613473838483,0.6205613473838483
2023-05-01 00:00:00+00:00,KO,lightgbm_quantile,nonsentiment,40,log_return,64.30000305175781,64.03882532148673,0.26117773027108626,0.26117773027108626
2023-05-02 00:00:00+00:00,KO,lightgbm_quantile,nonsentiment,40,log_return,64.01000213623047,64.2000798610786,-0.19007772484813756,0.19007772484813756
2023-05-03 00:00:00+00:00,KO,lightgbm_quantile,nonsentiment,40,log_return,63.650001525878906,63.90321294441077,-0.2532114185318619,0.2532114185318619
2023-05-04 00:00:00+00:00,KO,lightgbm_quantile,nonsentiment,40,log_return,63.720001220703125,63.55207553936489,0.16792568133823238,0.16792568133823238
2023-05-05 00:00:00+00:00,KO,lightgbm_quantile,nonsentiment,40,log_return,64.0199966430664,63.647913759175886,0.3720828838905206,0.3720828838905206
2023-05-08 00:00:00+00:00,KO,lightgbm_quantile,nonsentiment,40,log_return,63.91999816894531,63.96642961729754,-0.04643144835223012,0.04643144835223012
2023-05-09 00:00:00+00:00,KO,lightgbm_quantile,nonsentiment,40,log_return,63.38999938964844,63.9145931115226,-0.5245937218741616,0.5245937218741616
2023-05-10 00:00:00+00:00,KO,lightgbm_quantile,nonsentiment,40,log_return,63.5,63.29301550142588,0.2069844985741227,0.2069844985741227
2023-05-11 00:00:00+00:00,KO,lightgbm_quantile,nonsentiment,40,log_return,63.86000061035156,63.40515779317464,0.45484281717692454,0.45484281717692454
2023-05-12 00:00:00+00:00,KO,lightgbm_quantile,nonsentiment,40,log_return,64.11000061035156,63.76634151875885,0.3436590915927127,0.3436590915927127
2023-05-15 00:00:00+00:00,KO,lightgbm_quantile,nonsentiment,40,log_return,63.93999862670898,63.96314077071654,-0.02314214400756498,0.02314214400756498
2023-05-16 00:00:00+00:00,KO,lightgbm_quantile,nonsentiment,40,log_return,63.220001220703125,63.8642433305149,-0.6442421098117777,0.6442421098117777
2023-05-17 00:00:00+00:00,KO,lightgbm_quantile,nonsentiment,40,log_return,63.150001525878906,63.07834907543681,0.07165245044209456,0.07165245044209456
2023-05-18 00:00:00+00:00,KO,lightgbm_quantile,nonsentiment,40,log_return,62.79999923706055,63.020762897610936,-0.22076366055038932,0.22076366055038932
2023-05-19 00:00:00+00:00,KO,lightgbm_quantile,nonsentiment,40,log_return,62.83000183105469,62.64603152760046,0.18397030345423104,0.18397030345423104
2023-05-22 00:00:00+00:00,KO,lightgbm_quantile,nonsentiment,40,log_return,61.5099983215332,62.66839079187468,-1.1583924703414752,1.1583924703414752
2023-05-23 00:00:00+00:00,KO,lightgbm_quantile,nonsentiment,40,log_return,61.400001525878906,61.35585730918904,0.044144216689865345,0.044144216689865345
2023-05-24 00:00:00+00:00,KO,lightgbm_quantile,nonsentiment,40,log_return,60.880001068115234,61.26537539255293,-0.3853743244376986,0.3853743244376986
2023-05-25 00:00:00+00:00,KO,lightgbm_quantile,nonsentiment,40,log_return,60.40999984741211,60.72384772502349,-0.31384787761138,0.31384787761138
2023-05-26 00:00:00+00:00,KO,lightgbm_quantile,nonsentiment,40,log_return,60.2599983215332,60.27984517814687,-0.01984685661366825,0.01984685661366825
2023-05-30 00:00:00+00:00,KO,lightgbm_quantile,nonsentiment,40,log_return,59.77999877929688,60.165028447212265,-0.38502966791538284,0.38502966791538284
2023-05-31 00:00:00+00:00,KO,lightgbm_quantile,nonsentiment,40,log_return,59.65999984741211,59.64479280748841,0.01520703992370187,0.01520703992370187
2023-06-01 00:00:00+00:00,KO,lightgbm_quantile,nonsentiment,40,log_return,60.0,59.58812195321971,0.41187804678028783,0.41187804678028783
2023-06-02 00:00:00+00:00,KO,lightgbm_quantile,nonsentiment,40,log_return,61.15999984741211,59.9790553217456,1.1809445256665114,1.1809445256665114
2023-06-05 00:00:00+00:00,KO,lightgbm_quantile,nonsentiment,40,log_return,60.75,61.039851857318006,-0.28985185731800556,0.28985185731800556
2023-06-06 00:00:00+00:00,KO,lightgbm_quantile,nonsentiment,40,log_return,60.310001373291016,60.680643191339406,-0.3706418180483908,0.3706418180483908
2023-06-07 00:00:00+00:00,KO,lightgbm_quantile,nonsentiment,40,log_return,60.220001220703125,60.22811480500665,-0.008113584303522714,0.008113584303522714
2023-06-08 00:00:00+00:00,KO,lightgbm_quantile,nonsentiment,40,log_return,60.369998931884766,60.13031634166429,0.23968259022047533,0.23968259022047533
2023-06-09 00:00:00+00:00,KO,lightgbm_quantile,nonsentiment,40,log_return,60.470001220703125,60.352557787887434,0.11744343281569058,0.11744343281569058
2023-06-12 00:00:00+00:00,KO,lightgbm_quantile,nonsentiment,40,log_return,60.209999084472656,60.427500617518014,-0.21750153304535758,0.21750153304535758
2023-06-13 00:00:00+00:00,KO,lightgbm_quantile,nonsentiment,40,log_return,60.45000076293945,60.14440784883868,0.30559291410077094,0.30559291410077094
2023-06-14 00:00:00+00:00,KO,lightgbm_quantile,nonsentiment,40,log_return,60.86000061035156,60.40551878964463,0.4544818207069312,0.4544818207069312
2023-06-15 00:00:00+00:00,KO,lightgbm_quantile,nonsentiment,40,log_return,61.22999954223633,60.79815139961467,0.4318481426216607,0.4318481426216607
2023-06-16 00:00:00+00:00,KO,lightgbm_quantile,nonsentiment,40,log_return,61.66999816894531,61.199229798375995,0.4707683705693171,0.4707683705693171
2023-06-20 00:00:00+00:00,KO,lightgbm_quantile,nonsentiment,40,log_return,61.2599983215332,61.62698355405215,-0.36698523251894954,0.36698523251894954
2023-06-21 00:00:00+00:00,KO,lightgbm_quantile,nonsentiment,40,log_return,61.43000030517578,61.165183756790114,0.26481654838566726,0.26481654838566726
2023-06-22 00:00:00+00:00,KO,lightgbm_quantile,nonsentiment,40,log_return,61.84999847412109,61.377855291571855,0.4721431825492317,0.4721431825492317
2023-06-23 00:00:00+00:00,KO,lightgbm_quantile,nonsentiment,40,log_return,61.20000076293945,61.76775580240313,-0.5677550394636768,0.5677550394636768
2023-06-26 00:00:00+00:00,KO,lightgbm_quantile,nonsentiment,40,log_return,61.220001220703125,61.11846700373769,0.10153421696543319,0.10153421696543319
2023-06-27 00:00:00+00:00,KO,lightgbm_quantile,nonsentiment,40,log_return,61.09000015258789,61.14511895006007,-0.055118797472182735,0.055118797472182735
2023-06-28 00:00:00+00:00,KO,lightgbm_quantile,nonsentiment,40,log_return,60.52000045776367,61.022345470552885,-0.5023450127892133,0.5023450127892133
2023-06-29 00:00:00+00:00,KO,lightgbm_quantile,nonsentiment,40,log_return,60.02000045776367,60.45872950094109,-0.43872904317741757,0.43872904317741757
2023-06-30 00:00:00+00:00,KO,lightgbm_quantile,nonsentiment,40,log_return,60.220001220703125,59.95258307621348,0.2674181444896462,0.2674181444896462
2023-07-03 00:00:00+00:00,KO,lightgbm_quantile,nonsentiment,40,log_return,60.58000183105469,60.14599751362068,0.4340043174340096,0.4340043174340096
2023-07-05 00:00:00+00:00,KO,lightgbm_quantile,nonsentiment,40,log_return,61.02999877929688,60.4447101908008,0.5852885884960841,0.5852885884960841
2023-07-06 00:00:00+00:00,KO,lightgbm_quantile,nonsentiment,40,log_return,60.560001373291016,60.94138864605663,-0.3813872727656147,0.3813872727656147
2023-07-07 00:00:00+00:00,KO,lightgbm_quantile,nonsentiment,40,log_return,59.7599983215332,60.481880212660144,-0.7218818911269409,0.7218818911269409
2023-07-10 00:00:00+00:00,KO,lightgbm_quantile,nonsentiment,40,log_return,59.310001373291016,59.63980600766202,-0.32980463437100127,0.32980463437100127
2023-07-11 00:00:00+00:00,KO,lightgbm_quantile,nonsentiment,40,log_return,59.52000045776367,59.251950201200046,0.268050256563626,0.268050256563626
2023-07-12 00:00:00+00:00,KO,lightgbm_quantile,nonsentiment,40,log_return,59.84000015258789,59.41980056616034,0.4201995864275503,0.4201995864275503
2023-07-13 00:00:00+00:00,KO,lightgbm_quantile,nonsentiment,40,log_return,60.34999847412109,59.7398421338031,0.6101563403179853,0.6101563403179853
2023-07-14 00:00:00+00:00,KO,lightgbm_quantile,nonsentiment,40,log_return,60.900001525878906,60.29487477053505,0.6051267553438535,0.6051267553438535
2023-07-17 00:00:00+00:00,KO,lightgbm_quantile,nonsentiment,40,log_return,60.810001373291016,60.87585669229866,-0.06585531900764607,0.06585531900764607
2023-07-18 00:00:00+00:00,KO,lightgbm_quantile,nonsentiment,40,log_return,60.56999969482422,60.70163466132798,-0.1316349665037606,0.1316349665037606
2023-07-19 00:00:00+00:00,KO,lightgbm_quantile,nonsentiment,40,log_return,61.63999938964844,60.314152204548265,1.325847185100173,1.325847185100173
2023-07-20 00:00:00+00:00,KO,lightgbm_quantile,nonsentiment,40,log_return,62.38999938964844,61.594173075835734,0.7958263138127037,0.7958263138127037
2023-07-21 00:00:00+00:00,KO,lightgbm_quantile,nonsentiment,40,log_return,62.43999862670898,62.327496827605366,0.11250179910361169,0.11250179910361169
2023-07-24 00:00:00+00:00,KO,lightgbm_quantile,nonsentiment,40,log_return,62.459999084472656,62.34518070736008,0.11481837711257725,0.11481837711257725
2023-07-25 00:00:00+00:00,KO,lightgbm_quantile,nonsentiment,40,log_return,62.25,62.41824513698691,-0.16824513698691135,0.16824513698691135
2023-07-26 00:00:00+00:00,KO,lightgbm_quantile,nonsentiment,40,log_return,63.04999923706055,62.15254823117617,0.8974510058843777,0.8974510058843777
2023-07-27 00:00:00+00:00,KO,lightgbm_quantile,nonsentiment,40,log_return,62.43999862670898,62.969484925132186,-0.5294862984232083,0.5294862984232083
2023-07-28 00:00:00+00:00,KO,lightgbm_quantile,nonsentiment,40,log_return,62.47999954223633,62.36954059617535,0.11045894606098017,0.11045894606098017
2023-07-31 00:00:00+00:00,KO,lightgbm_quantile,nonsentiment,40,log_return,61.93000030517578,62.38906953741093,-0.4590692322351515,0.4590692322351515
2023-08-01 00:00:00+00:00,KO,lightgbm_quantile,nonsentiment,40,log_return,61.77000045776367,61.89220629990038,-0.12220584213670804,0.12220584213670804
2023-08-02 00:00:00+00:00,KO,lightgbm_quantile,nonsentiment,40,log_return,61.959999084472656,61.71291138764019,0.247087696832466,0.247087696832466
2023-08-03 00:00:00+00:00,KO,lightgbm_quantile,nonsentiment,40,log_return,61.63999938964844,61.891457976630356,-0.2514585869819186,0.2514585869819186
2023-08-04 00:00:00+00:00,KO,lightgbm_quantile,nonsentiment,40,log_return,60.709999084472656,61.567490596094665,-0.8574915116220083,0.8574915116220083
2023-08-07 00:00:00+00:00,KO,lightgbm_quantile,nonsentiment,40,log_return,61.18999862670898,60.614160179375304,0.5758384473336733,0.5758384473336733
2023-08-08 00:00:00+00:00,KO,lightgbm_quantile,nonsentiment,40,log_return,60.91999816894531,61.094037849808615,-0.17403968086330224,0.17403968086330224
2023-08-09 00:00:00+00:00,KO,lightgbm_quantile,nonsentiment,40,log_return,61.060001373291016,60.913514157194456,0.1464872160965598,0.1464872160965598
2023-08-10 00:00:00+00:00,KO,lightgbm_quantile,nonsentiment,40,log_return,60.91999816894531,60.999425464073354,-0.07942729512804192,0.07942729512804192
2023-08-11 00:00:00+00:00,KO,lightgbm_quantile,nonsentiment,40,log_return,61.16999816894531,60.815132867637416,0.3548653013078962,0.3548653013078962
2023-08-14 00:00:00+00:00,KO,lightgbm_quantile,nonsentiment,40,log_return,60.880001068115234,61.03161602806114,-0.15161495994590268,0.15161495994590268
2023-08-15 00:00:00+00:00,KO,lightgbm_quantile,nonsentiment,40,log_return,60.470001220703125,60.738710000311514,-0.2687087796083887,0.2687087796083887
2023-08-16 00:00:00+00:00,KO,lightgbm_quantile,nonsentiment,40,log_return,60.47999954223633,60.39168115045957,0.0883183917767596,0.0883183917767596
2023-08-17 00:00:00+00:00,KO,lightgbm_quantile,nonsentiment,40,log_return,60.61000061035156,60.333503877995476,0.27649673235608674,0.27649673235608674
2023-08-18 00:00:00+00:00,KO,lightgbm_quantile,nonsentiment,40,log_return,60.95000076293945,60.448864941214026,0.5011358217254269,0.5011358217254269
2023-08-21 00:00:00+00:00,KO,lightgbm_quantile,nonsentiment,40,log_return,60.43000030517578,60.793225453783684,-0.3632251486079028,0.3632251486079028
2023-08-22 00:00:00+00:00,KO,lightgbm_quantile,nonsentiment,40,log_return,60.060001373291016,60.28812652322104,-0.22812514993002253,0.22812514993002253
2023-08-23 00:00:00+00:00,KO,lightgbm_quantile,nonsentiment,40,log_return,60.27000045776367,59.92537426020631,0.34462619755736057,0.34462619755736057
2023-08-24 00:00:00+00:00,KO,lightgbm_quantile,nonsentiment,40,log_return,60.11000061035156,60.13242156423721,-0.022420953885649908,0.022420953885649908
2023-08-25 00:00:00+00:00,KO,lightgbm_quantile,nonsentiment,40,log_return,60.38999938964844,60.04620830254572,0.34379108710271566,0.34379108710271566
2023-08-28 00:00:00+00:00,KO,lightgbm_quantile,nonsentiment,40,log_return,60.560001373291016,60.279823119233804,0.280178254057212,0.280178254057212
2023-08-29 00:00:00+00:00,KO,lightgbm_quantile,nonsentiment,40,log_return,60.5,60.47797934953472,0.022020650465279346,0.022020650465279346
2023-08-30 00:00:00+00:00,KO,lightgbm_quantile,nonsentiment,40,log_return,60.470001220703125,60.434781394583,0.03521982612012664,0.03521982612012664
2023-08-31 00:00:00+00:00,KO,lightgbm_quantile,nonsentiment,40,log_return,59.83000183105469,60.4334163240455,-0.6034144929908152,0.6034144929908152
2023-09-01 00:00:00+00:00,KO,lightgbm_quantile,nonsentiment,40,log_return,59.310001373291016,59.77894887714239,-0.46894750385137485,0.46894750385137485
2023-09-05 00:00:00+00:00,KO,lightgbm_quantile,nonsentiment,40,log_return,58.81999969482422,59.22176310227873,-0.40176340745451,0.40176340745451
2023-09-06 00:00:00+00:00,KO,lightgbm_quantile,nonsentiment,40,log_return,58.77999877929688,58.752939899300806,0.027058879996076257,0.027058879996076257
2023-09-07 00:00:00+00:00,KO,lightgbm_quantile,nonsentiment,40,log_return,58.33000183105469,58.72966031541736,-0.3996584843626749,0.3996584843626749
2023-09-08 00:00:00+00:00,KO,lightgbm_quantile,nonsentiment,40,log_return,58.33000183105469,58.27291294949984,0.05708888155484715,0.05708888155484715
2023-09-11 00:00:00+00:00,KO,lightgbm_quantile,nonsentiment,40,log_return,58.880001068115234,58.212184707437764,0.6678163606774703,0.6678163606774703
2023-09-12 00:00:00+00:00,KO,lightgbm_quantile,nonsentiment,40,log_return,58.29999923706055,58.752063279463414,-0.452064042402867,0.452064042402867
2023-09-13 00:00:00+00:00,KO,lightgbm_quantile,nonsentiment,40,log_return,58.43999862670898,58.21524657485989,0.2247520518490873,0.2247520518490873
2023-09-14 00:00:00+00:00,KO,lightgbm_quantile,nonsentiment,40,log_return,58.459999084472656,58.31885386118358,0.14114522328907952,0.14114522328907952
2023-09-15 00:00:00+00:00,KO,lightgbm_quantile,nonsentiment,40,log_return,57.93999862670898,58.41506430514916,-0.4750656784401812,0.4750656784401812
2023-09-18 00:00:00+00:00,KO,lightgbm_quantile,nonsentiment,40,log_return,58.29999923706055,57.91013527110909,0.3898639659514558,0.3898639659514558
2023-09-19 00:00:00+00:00,KO,lightgbm_quantile,nonsentiment,40,log_return,58.18000030517578,58.302335492013924,-0.12233518683814282,0.12233518683814282
2023-09-20 00:00:00+00:00,KO,lightgbm_quantile,nonsentiment,40,log_return,58.43999862670898,58.07741920849633,0.36257941821264694,0.36257941821264694
2023-09-21 00:00:00+00:00,KO,lightgbm_quantile,nonsentiment,40,log_return,57.540000915527344,58.40259777567185,-0.8625968601445066,0.8625968601445066
2023-09-22 00:00:00+00:00,KO,lightgbm_quantile,nonsentiment,40,log_return,57.59999847412109,57.45121592316081,0.14878255096027715,0.14878255096027715
2023-09-25 00:00:00+00:00,KO,lightgbm_quantile,nonsentiment,40,log_return,57.0,57.49832282164902,-0.498322821649019,0.498322821649019
2023-09-26 00:00:00+00:00,KO,lightgbm_quantile,nonsentiment,40,log_return,56.52999877929688,56.96127925466243,-0.43128047536554703,0.43128047536554703
2023-09-27 00:00:00+00:00,KO,lightgbm_quantile,nonsentiment,40,log_return,55.95000076293945,56.45438942478335,-0.5043886618438975,0.5043886618438975
2023-09-28 00:00:00+00:00,KO,lightgbm_quantile,nonsentiment,40,log_return,55.810001373291016,55.937480000054066,-0.12747862676305033,0.12747862676305033
2023-09-29 00:00:00+00:00,KO,lightgbm_quantile,nonsentiment,40,log_return,55.97999954223633,55.74414705227894,0.23585248995738795,0.23585248995738795
2023-10-02 00:00:00+00:00,KO,lightgbm_quantile,nonsentiment,40,log_return,55.47999954223633,55.905991140732304,-0.4259915984959761,0.4259915984959761
2023-10-03 00:00:00+00:00,KO,lightgbm_quantile,nonsentiment,40,log_return,54.880001068115234,55.43222932093012,-0.552228252814885,0.552228252814885
2023-10-04 00:00:00+00:00,KO,lightgbm_quantile,nonsentiment,40,log_return,55.040000915527344,54.8096881017737,0.23031281375364188,0.23031281375364188
2023-10-05 00:00:00+00:00,KO,lightgbm_quantile,nonsentiment,40,log_return,52.380001068115234,54.99417241608404,-2.6141713479688065,2.6141713479688065
2023-10-06 00:00:00+00:00,KO,lightgbm_quantile,nonsentiment,40,log_return,53.13999938964844,52.381708789148135,0.7582906005003025,0.7582906005003025
2023-10-09 00:00:00+00:00,KO,lightgbm_quantile,nonsentiment,40,log_return,52.880001068115234,53.00715814279526,-0.1271570746800279,0.1271570746800279
2023-10-10 00:00:00+00:00,KO,lightgbm_quantile,nonsentiment,40,log_return,54.02999877929688,52.738889175674466,1.2911096036224166,1.2911096036224166
2023-10-11 00:00:00+00:00,KO,lightgbm_quantile,nonsentiment,40,log_return,53.709999084472656,53.98903896362108,-0.27903987914842077,0.27903987914842077
2023-10-12 00:00:00+00:00,KO,lightgbm_quantile,nonsentiment,40,log_return,52.810001373291016,53.59582907004058,-0.7858276967495641,0.7858276967495641
2023-10-13 00:00:00+00:00,KO,lightgbm_quantile,nonsentiment,40,log_return,52.88999938964844,52.710106352563734,0.17989303708470317,0.17989303708470317
2023-10-16 00:00:00+00:00,KO,lightgbm_quantile,nonsentiment,40,log_return,53.43000030517578,52.84017779753903,0.5898225076367538,0.5898225076367538
2023-10-17 00:00:00+00:00,KO,lightgbm_quantile,nonsentiment,40,log_return,54.06999969482422,53.37001210362791,0.6999875911963116,0.6999875911963116
2023-10-18 00:00:00+00:00,KO,lightgbm_quantile,nonsentiment,40,log_return,54.04999923706055,53.98047009015782,0.06952914690272394,0.06952914690272394
2023-10-19 00:00:00+00:00,KO,lightgbm_quantile,nonsentiment,40,log_return,54.34999847412109,53.97622923961949,0.3737692345015944,0.3737692345015944
2023-10-20 00:00:00+00:00,KO,lightgbm_quantile,nonsentiment,40,log_return,54.56999969482422,54.33445153842358,0.23554815640063964,0.23554815640063964
2023-10-23 00:00:00+00:00,KO,lightgbm_quantile,nonsentiment,40,log_return,54.08000183105469,54.510790134130744,-0.4307883030760564,0.4307883030760564
2023-10-24 00:00:00+00:00,KO,lightgbm_quantile,nonsentiment,40,log_return,55.63999938964844,54.02625997644415,1.6137394132042857,1.6137394132042857
2023-10-25 00:00:00+00:00,KO,lightgbm_quantile,nonsentiment,40,log_return,56.119998931884766,55.518690791977704,0.6013081399070614,0.6013081399070614
2023-10-26 00:00:00+00:00,KO,lightgbm_quantile,nonsentiment,40,log_return,55.77999877929688,56.00427264408303,-0.22427386478614864,0.22427386478614864
2023-10-27 00:00:00+00:00,KO,lightgbm_quantile,nonsentiment,40,log_return,55.2400016784668,55.727632768912706,-0.4876310904459089,0.4876310904459089
2023-10-30 00:00:00+00:00,KO,lightgbm_quantile,nonsentiment,40,log_return,56.150001525878906,55.19454230250097,0.955459223377936,0.955459223377936
2023-10-31 00:00:00+00:00,KO,lightgbm_quantile,nonsentiment,40,log_return,56.4900016784668,56.09664196821174,0.393359710255055,0.393359710255055
2023-11-01 00:00:00+00:00,KO,lightgbm_quantile,nonsentiment,40,log_return,56.43999862670898,56.33910762239745,0.10089100431152787,0.10089100431152787
2023-11-02 00:00:00+00:00,KO,lightgbm_quantile,nonsentiment,40,log_return,57.09000015258789,56.39440392452143,0.6955962280664636,0.6955962280664636
2023-11-03 00:00:00+00:00,KO,lightgbm_quantile,nonsentiment,40,log_return,56.7400016784668,57.0805461484812,-0.34054447001440025,0.34054447001440025
2023-11-06 00:00:00+00:00,KO,lightgbm_quantile,nonsentiment,40,log_return,56.970001220703125,56.70639984590787,0.26360137479525747,0.26360137479525747
2023-11-07 00:00:00+00:00,KO,lightgbm_quantile,nonsentiment,40,log_return,57.18000030517578,56.96826826363856,0.2117320415372248,0.2117320415372248
2023-11-08 00:00:00+00:00,KO,lightgbm_quantile,nonsentiment,40,log_return,57.09000015258789,57.15909533709104,-0.06909518450314778,0.06909518450314778
2023-11-09 00:00:00+00:00,KO,lightgbm_quantile,nonsentiment,40,log_return,56.65999984741211,57.081952044238356,-0.42195219682624696,0.42195219682624696
2023-11-10 00:00:00+00:00,KO,lightgbm_quantile,nonsentiment,40,log_return,56.720001220703125,56.66961880585645,0.050382414846673385,0.050382414846673385
2023-11-13 00:00:00+00:00,KO,lightgbm_quantile,nonsentiment,40,log_return,56.93000030517578,56.684534518005385,0.2454657871703958,0.2454657871703958
2023-11-14 00:00:00+00:00,KO,lightgbm_quantile,nonsentiment,40,log_return,57.09999847412109,56.86251291395713,0.23748556016395383,0.23748556016395383
2023-11-15 00:00:00+00:00,KO,lightgbm_quantile,nonsentiment,40,log_return,57.209999084472656,57.01435715948224,0.19564192499041866,0.19564192499041866
2023-11-16 00:00:00+00:00,KO,lightgbm_quantile,nonsentiment,40,log_return,57.150001525878906,57.17164976984184,-0.021648243962935965,0.021648243962935965
2023-11-17 00:00:00+00:00,KO,lightgbm_quantile,nonsentiment,40,log_return,57.2599983215332,57.11001363821947,0.1499846833137326,0.1499846833137326
2023-11-20 00:00:00+00:00,KO,lightgbm_quantile,nonsentiment,40,log_return,57.400001525878906,57.19720140044535,0.20280012543355497,0.20280012543355497
2023-11-21 00:00:00+00:00,KO,lightgbm_quantile,nonsentiment,40,log_return,58.02999877929688,57.29161818713396,0.738380592162919,0.738380592162919
2023-11-22 00:00:00+00:00,KO,lightgbm_quantile,nonsentiment,40,log_return,58.41999816894531,57.98519371073208,0.434804458213236,0.434804458213236
2023-11-24 00:00:00+00:00,KO,lightgbm_quantile,nonsentiment,40,log_return,58.56999969482422,58.37576007365268,0.19423962117154048,0.19423962117154048
2023-11-27 00:00:00+00:00,KO,lightgbm_quantile,nonsentiment,40,log_return,58.459999084472656,58.471090885556734,-0.011091801084077701,0.011091801084077701
2023-11-28 00:00:00+00:00,KO,lightgbm_quantile,nonsentiment,40,log_return,58.58000183105469,58.45925092582743,0.12075090522725418,0.12075090522725418
2023-11-29 00:00:00+00:00,KO,lightgbm_quantile,nonsentiment,40,log_return,58.22999954223633,58.57480677154332,-0.34480722930699415,0.34480722930699415
2023-11-30 00:00:00+00:00,KO,lightgbm_quantile,nonsentiment,40,log_return,58.43999862670898,58.264975442272664,0.17502318443631282,0.17502318443631282
2023-12-01 00:00:00+00:00,KO,lightgbm_quantile,nonsentiment,40,log_return,58.63999938964844,58.455829698601256,0.18416969104718106,0.18416969104718106
2023-12-04 00:00:00+00:00,KO,lightgbm_quantile,nonsentiment,40,log_return,58.56999969482422,58.575502870866046,-0.005503176041827373,0.005503176041827373
2023-12-05 00:00:00+00:00,KO,lightgbm_quantile,nonsentiment,40,log_return,58.65999984741211,58.56934766760414,0.09065217980796803,0.09065217980796803
2023-12-06 00:00:00+00:00,KO,lightgbm_quantile,nonsentiment,40,log_return,58.59999847412109,58.69769520033655,-0.09769672621546022,0.09769672621546022
2023-12-07 00:00:00+00:00,KO,lightgbm_quantile,nonsentiment,40,log_return,58.7400016784668,58.6466423816181,0.09335929684869626,0.09335929684869626
2023-12-08 00:00:00+00:00,KO,lightgbm_quantile,nonsentiment,40,log_return,58.61000061035156,58.738896145446645,-0.1288955350950829,0.1288955350950829
2023-12-11 00:00:00+00:00,KO,lightgbm_quantile,nonsentiment,40,log_return,59.040000915527344,58.63038710252723,0.4096138130001137,0.4096138130001137
2023-12-12 00:00:00+00:00,KO,lightgbm_quantile,nonsentiment,40,log_return,59.41999816894531,59.07997564964307,0.34002251930224503,0.34002251930224503
2023-12-13 00:00:00+00:00,KO,lightgbm_quantile,nonsentiment,40,log_return,59.93000030517578,59.455718578619816,0.4742817265559651,0.4742817265559651
2023-12-14 00:00:00+00:00,KO,lightgbm_quantile,nonsentiment,40,log_return,59.040000915527344,59.90930672498058,-0.8693058094532375,0.8693058094532375
2023-12-15 00:00:00+00:00,KO,lightgbm_quantile,nonsentiment,40,log_return,58.59999847412109,59.04084304818135,-0.44084457406026445,0.44084457406026445
