Date,Stock,Model,Mode,Lag_Count,Target_Transform,Actual,Predicted,Residual,Absolute_Error
2021-02-26 00:00:00+00:00,MRK,lightgbm_quantile,nonsentiment,20,difference,69.29389190673828,71.21767252917999,-1.9237806224417113,1.9237806224417113
2021-03-01 00:00:00+00:00,MRK,lightgbm_quantile,nonsentiment,20,difference,69.06488800048828,69.39689801996659,-0.3320100194783038,0.3320100194783038
2021-03-02 00:00:00+00:00,MRK,lightgbm_quantile,nonsentiment,20,difference,69.51335906982422,69.05438278244917,0.4589762873750516,0.4589762873750516
2021-03-03 00:00:00+00:00,MRK,lightgbm_quantile,nonsentiment,20,difference,69.9427490234375,69.5707614714625,0.3719875519749962,0.3719875519749962
2021-03-04 00:00:00+00:00,MRK,lightgbm_quantile,nonsentiment,20,difference,68.864501953125,69.83996380061267,-0.9754618474876651,0.9754618474876651
2021-03-05 00:00:00+00:00,MRK,lightgbm_quantile,nonsentiment,20,difference,69.78053283691406,68.85269802744455,0.9278348094695161,0.9278348094695161
2021-03-08 00:00:00+00:00,MRK,lightgbm_quantile,nonsentiment,20,difference,70.77290344238281,69.79293455788203,0.9799688845007779,0.9799688845007779
2021-03-09 00:00:00+00:00,MRK,lightgbm_quantile,nonsentiment,20,difference,70.74427795410156,70.92461669852919,-0.18033874442762965,0.18033874442762965
2021-03-10 00:00:00+00:00,MRK,lightgbm_quantile,nonsentiment,20,difference,71.33587646484375,70.8231770666252,0.5126993982185439,0.5126993982185439
2021-03-11 00:00:00+00:00,MRK,lightgbm_quantile,nonsentiment,20,difference,71.21183013916016,71.33583599842812,-0.12400585926796737,0.12400585926796737
2021-03-12 00:00:00+00:00,MRK,lightgbm_quantile,nonsentiment,20,difference,71.1832046508789,71.2503074832958,-0.06710283241689297,0.06710283241689297
2021-03-15 00:00:00+00:00,MRK,lightgbm_quantile,nonsentiment,20,difference,72.7385482788086,71.17748116787824,1.5610671109303524,1.5610671109303524
2021-03-16 00:00:00+00:00,MRK,lightgbm_quantile,nonsentiment,20,difference,73.29198455810547,72.75563827593659,0.5363462821688785,0.5363462821688785
2021-03-17 00:00:00+00:00,MRK,lightgbm_quantile,nonsentiment,20,difference,73.7595443725586,73.22510668991133,0.5344376826472654,0.5344376826472654
2021-03-18 00:00:00+00:00,MRK,lightgbm_quantile,nonsentiment,20,difference,73.73091888427734,73.6859910263974,0.0449278578799408,0.0449278578799408
2021-03-19 00:00:00+00:00,MRK,lightgbm_quantile,nonsentiment,20,difference,73.95992279052734,73.63883361583135,0.32108917469599874,0.32108917469599874
2021-03-22 00:00:00+00:00,MRK,lightgbm_quantile,nonsentiment,20,difference,73.95992279052734,73.79678953866433,0.16313325186301597,0.16313325186301597
2021-03-23 00:00:00+00:00,MRK,lightgbm_quantile,nonsentiment,20,difference,72.77671813964844,73.6796256863964,-0.9029075467479686,0.9029075467479686
2021-03-24 00:00:00+00:00,MRK,lightgbm_quantile,nonsentiment,20,difference,72.74809265136719,72.6952586260333,0.05283402533389392,0.05283402533389392
2021-03-25 00:00:00+00:00,MRK,lightgbm_quantile,nonsentiment,20,difference,72.58587646484375,72.58421586078794,0.0016606040558144741,0.0016606040558144741
2021-03-26 00:00:00+00:00,MRK,lightgbm_quantile,nonsentiment,20,difference,73.84542083740234,72.55057786952105,1.2948429678812943,1.2948429678812943
2021-03-29 00:00:00+00:00,MRK,lightgbm_quantile,nonsentiment,20,difference,74.71373748779297,73.94652463632289,0.7672128514700773,0.7672128514700773
2021-03-30 00:00:00+00:00,MRK,lightgbm_quantile,nonsentiment,20,difference,73.43511199951172,74.68871474753696,-1.2536027480252443,1.2536027480252443
2021-03-31 00:00:00+00:00,MRK,lightgbm_quantile,nonsentiment,20,difference,73.55915832519531,73.5078264261096,0.05133189908571012,0.05133189908571012
2021-04-01 00:00:00+00:00,MRK,lightgbm_quantile,nonsentiment,20,difference,73.55915832519531,73.36943014918768,0.18972817600763392,0.18972817600763392
2021-04-05 00:00:00+00:00,MRK,lightgbm_quantile,nonsentiment,20,difference,73.47328186035156,73.58383960617549,-0.1105577458239253,0.1105577458239253
2021-04-06 00:00:00+00:00,MRK,lightgbm_quantile,nonsentiment,20,difference,72.3187026977539,73.37243145968885,-1.0537287619349485,1.0537287619349485
2021-04-07 00:00:00+00:00,MRK,lightgbm_quantile,nonsentiment,20,difference,72.63359069824219,72.21823876215223,0.41535193608996224,0.41535193608996224
2021-04-08 00:00:00+00:00,MRK,lightgbm_quantile,nonsentiment,20,difference,72.03244018554688,72.56167718346113,-0.5292369979142535,0.5292369979142535
2021-04-09 00:00:00+00:00,MRK,lightgbm_quantile,nonsentiment,20,difference,72.81488800048828,71.91702111889661,0.8978668815916677,0.8978668815916677
2021-04-12 00:00:00+00:00,MRK,lightgbm_quantile,nonsentiment,20,difference,72.72901153564453,72.83082575975475,-0.10181422411021401,0.10181422411021401
2021-04-13 00:00:00+00:00,MRK,lightgbm_quantile,nonsentiment,20,difference,72.92938995361328,72.87391831132186,0.05547164229142254,0.05547164229142254
2021-04-14 00:00:00+00:00,MRK,lightgbm_quantile,nonsentiment,20,difference,72.90076446533203,72.90151329799042,-0.0007488326583882099,0.0007488326583882099
2021-04-15 00:00:00+00:00,MRK,lightgbm_quantile,nonsentiment,20,difference,73.14885711669922,72.83637550367904,0.3124816130201822,0.3124816130201822
2021-04-16 00:00:00+00:00,MRK,lightgbm_quantile,nonsentiment,20,difference,73.9217529296875,73.25848231164007,0.6632706180474344,0.6632706180474344
2021-04-19 00:00:00+00:00,MRK,lightgbm_quantile,nonsentiment,20,difference,74.1030502319336,73.8833708042517,0.2196794276818963,0.2196794276818963
2021-04-20 00:00:00+00:00,MRK,lightgbm_quantile,nonsentiment,20,difference,74.97137451171875,74.08629835207617,0.8850761596425798,0.8850761596425798
2021-04-21 00:00:00+00:00,MRK,lightgbm_quantile,nonsentiment,20,difference,75.60114288330078,74.8275372067473,0.7736056765534869,0.7736056765534869
2021-04-22 00:00:00+00:00,MRK,lightgbm_quantile,nonsentiment,20,difference,74.38931274414062,75.45934573684227,-1.0700329927016412,1.0700329927016412
2021-04-23 00:00:00+00:00,MRK,lightgbm_quantile,nonsentiment,20,difference,74.31298065185547,74.2428884318153,0.07009222004016635,0.07009222004016635
2021-04-26 00:00:00+00:00,MRK,lightgbm_quantile,nonsentiment,20,difference,73.97901153564453,74.36876103465093,-0.389749499006399,0.389749499006399
2021-04-27 00:00:00+00:00,MRK,lightgbm_quantile,nonsentiment,20,difference,73.8167953491211,73.89626124126335,-0.07946589214225241,0.07946589214225241
2021-04-28 00:00:00+00:00,MRK,lightgbm_quantile,nonsentiment,20,difference,73.55915832519531,73.71702878595943,-0.1578704607641157,0.1578704607641157
2021-04-29 00:00:00+00:00,MRK,lightgbm_quantile,nonsentiment,20,difference,70.30534362792969,73.58612330558071,-3.280779677651026,3.280779677651026
2021-04-30 00:00:00+00:00,MRK,lightgbm_quantile,nonsentiment,20,difference,71.08778381347656,70.11701663750495,0.9707671759716163,0.9707671759716163
2021-05-03 00:00:00+00:00,MRK,lightgbm_quantile,nonsentiment,20,difference,72.5,71.04435247018412,1.4556475298158773,1.4556475298158773
2021-05-04 00:00:00+00:00,MRK,lightgbm_quantile,nonsentiment,20,difference,72.5095443725586,72.45381593649002,0.055728436068577025,0.055728436068577025
2021-05-05 00:00:00+00:00,MRK,lightgbm_quantile,nonsentiment,20,difference,74.14122009277344,72.67133612262901,1.4698839701444228,1.4698839701444228
2021-05-06 00:00:00+00:00,MRK,lightgbm_quantile,nonsentiment,20,difference,74.21755981445312,74.21014771648609,0.007412097967034015,0.007412097967034015
2021-05-07 00:00:00+00:00,MRK,lightgbm_quantile,nonsentiment,20,difference,74.8187026977539,74.14391580431214,0.6747868934417625,0.6747868934417625
2021-05-10 00:00:00+00:00,MRK,lightgbm_quantile,nonsentiment,20,difference,74.5896987915039,74.70760479716905,-0.11790600566514797,0.11790600566514797
2021-05-11 00:00:00+00:00,MRK,lightgbm_quantile,nonsentiment,20,difference,73.91221618652344,74.61843869245143,-0.7062225059279967,0.7062225059279967
2021-05-12 00:00:00+00:00,MRK,lightgbm_quantile,nonsentiment,20,difference,74.42748260498047,73.76186870852338,0.6656138964570886,0.6656138964570886
2021-05-13 00:00:00+00:00,MRK,lightgbm_quantile,nonsentiment,20,difference,75.08587646484375,74.37666991095871,0.7092065538850392,0.7092065538850392
2021-05-14 00:00:00+00:00,MRK,lightgbm_quantile,nonsentiment,20,difference,74.7042007446289,74.99984739342383,-0.2956466487949285,0.2956466487949285
2021-05-17 00:00:00+00:00,MRK,lightgbm_quantile,nonsentiment,20,difference,76.21183013916016,74.69737758324385,1.5144525559163071,1.5144525559163071
2021-05-18 00:00:00+00:00,MRK,lightgbm_quantile,nonsentiment,20,difference,75.74427795410156,76.15818110177692,-0.41390314767535585,0.41390314767535585
2021-05-19 00:00:00+00:00,MRK,lightgbm_quantile,nonsentiment,20,difference,75.72518920898438,75.59756199404559,0.1276272149387836,0.1276272149387836
2021-05-20 00:00:00+00:00,MRK,lightgbm_quantile,nonsentiment,20,difference,76.0114517211914,75.50970505859253,0.501746662598876,0.501746662598876
2021-05-21 00:00:00+00:00,MRK,lightgbm_quantile,nonsentiment,20,difference,75.55343627929688,75.81830293930787,-0.2648666600109948,0.2648666600109948
2021-05-24 00:00:00+00:00,MRK,lightgbm_quantile,nonsentiment,20,difference,75.4103012084961,75.40768215972649,0.0026190487696027276,0.0026190487696027276
2021-05-25 00:00:00+00:00,MRK,lightgbm_quantile,nonsentiment,20,difference,73.95037841796875,75.37937574231219,-1.4289973243434417,1.4289973243434417
2021-05-26 00:00:00+00:00,MRK,lightgbm_quantile,nonsentiment,20,difference,73.6927490234375,74.13759311883197,-0.44484409539447256,0.44484409539447256
2021-05-27 00:00:00+00:00,MRK,lightgbm_quantile,nonsentiment,20,difference,72.4427490234375,73.75829958741058,-1.3155505639730762,1.3155505639730762
2021-05-28 00:00:00+00:00,MRK,lightgbm_quantile,nonsentiment,20,difference,72.41412353515625,72.42415308326582,-0.010029548109571351,0.010029548109571351
2021-06-01 00:00:00+00:00,MRK,lightgbm_quantile,nonsentiment,20,difference,71.73664093017578,72.45579679367512,-0.7191558634993385,0.7191558634993385
2021-06-02 00:00:00+00:00,MRK,lightgbm_quantile,nonsentiment,20,difference,72.39503479003906,71.73192575347632,0.6631090365627443,0.6631090365627443
2021-06-03 00:00:00+00:00,MRK,lightgbm_quantile,nonsentiment,20,difference,73.91000366210938,72.35512933662733,1.5548743254820465,1.5548743254820465
2021-06-04 00:00:00+00:00,MRK,lightgbm_quantile,nonsentiment,20,difference,74.11000061035156,73.78465673993625,0.32534387041530977,0.32534387041530977
2021-06-07 00:00:00+00:00,MRK,lightgbm_quantile,nonsentiment,20,difference,72.80000305175781,74.07732127469984,-1.2773182229420286,1.2773182229420286
2021-06-08 00:00:00+00:00,MRK,lightgbm_quantile,nonsentiment,20,difference,72.4000015258789,73.02047673178038,-0.6204752059014709,0.6204752059014709
2021-06-09 00:00:00+00:00,MRK,lightgbm_quantile,nonsentiment,20,difference,74.04000091552734,72.2859676962796,1.754033219247745,1.754033219247745
2021-06-10 00:00:00+00:00,MRK,lightgbm_quantile,nonsentiment,20,difference,76.13999938964844,74.06623009191227,2.0737692977361633,2.0737692977361633
2021-06-11 00:00:00+00:00,MRK,lightgbm_quantile,nonsentiment,20,difference,76.2699966430664,76.1421518402826,0.12784480278381238,0.12784480278381238
2021-06-14 00:00:00+00:00,MRK,lightgbm_quantile,nonsentiment,20,difference,75.44999694824219,76.2872760175939,-0.8372790693517089,0.8372790693517089
2021-06-15 00:00:00+00:00,MRK,lightgbm_quantile,nonsentiment,20,difference,75.69999694824219,75.243192179486,0.4568047687561858,0.4568047687561858
2021-06-16 00:00:00+00:00,MRK,lightgbm_quantile,nonsentiment,20,difference,76.61000061035156,75.6208660310561,0.9891345792954667,0.9891345792954667
2021-06-17 00:00:00+00:00,MRK,lightgbm_quantile,nonsentiment,20,difference,77.2300033569336,76.37990097306404,0.8501023838695545,0.8501023838695545
2021-06-18 00:00:00+00:00,MRK,lightgbm_quantile,nonsentiment,20,difference,76.61000061035156,77.2175713990331,-0.6075707886815422,0.6075707886815422
2021-06-21 00:00:00+00:00,MRK,lightgbm_quantile,nonsentiment,20,difference,76.75,76.5052421499284,0.24475785007159345,0.24475785007159345
2021-06-22 00:00:00+00:00,MRK,lightgbm_quantile,nonsentiment,20,difference,76.19000244140625,76.76019800163016,-0.5701955602239082,0.5701955602239082
2021-06-23 00:00:00+00:00,MRK,lightgbm_quantile,nonsentiment,20,difference,75.58000183105469,76.2624966156168,-0.6824947845621097,0.6824947845621097
2021-06-24 00:00:00+00:00,MRK,lightgbm_quantile,nonsentiment,20,difference,76.36000061035156,75.53235428290786,0.827646327443702,0.827646327443702
2021-06-25 00:00:00+00:00,MRK,lightgbm_quantile,nonsentiment,20,difference,77.19999694824219,76.2713856222046,0.9286113260375828,0.9286113260375828
2021-06-28 00:00:00+00:00,MRK,lightgbm_quantile,nonsentiment,20,difference,76.86000061035156,77.13109176513531,-0.2710911547837469,0.2710911547837469
2021-06-29 00:00:00+00:00,MRK,lightgbm_quantile,nonsentiment,20,difference,77.20999908447266,76.79540797972855,0.41459110474410465,0.41459110474410465
2021-06-30 00:00:00+00:00,MRK,lightgbm_quantile,nonsentiment,20,difference,77.7699966430664,77.30201022671508,0.467986416351323,0.467986416351323
2021-07-01 00:00:00+00:00,MRK,lightgbm_quantile,nonsentiment,20,difference,77.98999786376953,77.73236037720332,0.2576374865662103,0.2576374865662103
2021-07-02 00:00:00+00:00,MRK,lightgbm_quantile,nonsentiment,20,difference,78.5999984741211,77.91017559883744,0.689822875283653,0.689822875283653
2021-07-06 00:00:00+00:00,MRK,lightgbm_quantile,nonsentiment,20,difference,78.11000061035156,78.58455867212875,-0.47455806177718785,0.47455806177718785
2021-07-07 00:00:00+00:00,MRK,lightgbm_quantile,nonsentiment,20,difference,78.55999755859375,77.96559472331752,0.5944028352762274,0.5944028352762274
2021-07-08 00:00:00+00:00,MRK,lightgbm_quantile,nonsentiment,20,difference,78.12000274658203,78.54540294764264,-0.4254002010606115,0.4254002010606115
2021-07-09 00:00:00+00:00,MRK,lightgbm_quantile,nonsentiment,20,difference,77.98999786376953,77.98807078970974,0.001927074059793199,0.001927074059793199
2021-07-12 00:00:00+00:00,MRK,lightgbm_quantile,nonsentiment,20,difference,77.55000305175781,77.78967702239699,-0.23967397063917417,0.23967397063917417
2021-07-13 00:00:00+00:00,MRK,lightgbm_quantile,nonsentiment,20,difference,77.61000061035156,77.50317445226486,0.10682615808670448,0.10682615808670448
2021-07-14 00:00:00+00:00,MRK,lightgbm_quantile,nonsentiment,20,difference,77.62000274658203,77.68656660191948,-0.06656385533744924,0.06656385533744924
2021-07-15 00:00:00+00:00,MRK,lightgbm_quantile,nonsentiment,20,difference,77.9000015258789,77.58862527303977,0.31137625283913906,0.31137625283913906
2021-07-16 00:00:00+00:00,MRK,lightgbm_quantile,nonsentiment,20,difference,78.0199966430664,77.70149436028527,0.31850228278113946,0.31850228278113946
2021-07-19 00:00:00+00:00,MRK,lightgbm_quantile,nonsentiment,20,difference,77.05000305175781,77.91249079022045,-0.862487738462633,0.862487738462633
2021-07-20 00:00:00+00:00,MRK,lightgbm_quantile,nonsentiment,20,difference,76.16999816894531,76.99084549382351,-0.8208473248782013,0.8208473248782013
2021-07-21 00:00:00+00:00,MRK,lightgbm_quantile,nonsentiment,20,difference,76.38999938964844,76.009344832885,0.38065455676343163,0.38065455676343163
2021-07-22 00:00:00+00:00,MRK,lightgbm_quantile,nonsentiment,20,difference,76.52999877929688,76.24960173360205,0.2803970456948264,0.2803970456948264
2021-07-23 00:00:00+00:00,MRK,lightgbm_quantile,nonsentiment,20,difference,77.54000091552734,76.47791618447815,1.0620847310491968,1.0620847310491968
2021-07-26 00:00:00+00:00,MRK,lightgbm_quantile,nonsentiment,20,difference,77.23999786376953,77.38234563788158,-0.14234777411205357,0.14234777411205357
2021-07-27 00:00:00+00:00,MRK,lightgbm_quantile,nonsentiment,20,difference,77.8499984741211,77.18130485739572,0.6686936167253776,0.6686936167253776
2021-07-28 00:00:00+00:00,MRK,lightgbm_quantile,nonsentiment,20,difference,78.33000183105469,77.82364245665606,0.5063593743986274,0.5063593743986274
2021-07-29 00:00:00+00:00,MRK,lightgbm_quantile,nonsentiment,20,difference,76.93000030517578,78.22098662115346,-1.2909863159776762,1.2909863159776762
2021-07-30 00:00:00+00:00,MRK,lightgbm_quantile,nonsentiment,20,difference,76.87000274658203,76.63501317713548,0.23498956944655447,0.23498956944655447
2021-08-02 00:00:00+00:00,MRK,lightgbm_quantile,nonsentiment,20,difference,76.18000030517578,76.82915515078015,-0.6491548456043716,0.6491548456043716
2021-08-03 00:00:00+00:00,MRK,lightgbm_quantile,nonsentiment,20,difference,76.41000366210938,75.97178209910128,0.4382215630080992,0.4382215630080992
2021-08-04 00:00:00+00:00,MRK,lightgbm_quantile,nonsentiment,20,difference,75.4800033569336,76.1998071446653,-0.7198037877317063,0.7198037877317063
2021-08-05 00:00:00+00:00,MRK,lightgbm_quantile,nonsentiment,20,difference,75.58999633789062,75.38417556368812,0.20582077420250755,0.20582077420250755
2021-08-06 00:00:00+00:00,MRK,lightgbm_quantile,nonsentiment,20,difference,75.44000244140625,75.36017606008417,0.07982638132207853,0.07982638132207853
2021-08-09 00:00:00+00:00,MRK,lightgbm_quantile,nonsentiment,20,difference,75.31999969482422,75.46293113878335,-0.14293144395912805,0.14293144395912805
2021-08-10 00:00:00+00:00,MRK,lightgbm_quantile,nonsentiment,20,difference,75.19000244140625,75.1917668873226,-0.0017644459163506099,0.0017644459163506099
2021-08-11 00:00:00+00:00,MRK,lightgbm_quantile,nonsentiment,20,difference,75.20999908447266,75.31593129735906,-0.10593221288640109,0.10593221288640109
2021-08-12 00:00:00+00:00,MRK,lightgbm_quantile,nonsentiment,20,difference,76.04000091552734,75.25998646658455,0.7800144489427936,0.7800144489427936
2021-08-13 00:00:00+00:00,MRK,lightgbm_quantile,nonsentiment,20,difference,76.72000122070312,75.92175238074488,0.7982488399582479,0.7982488399582479
2021-08-16 00:00:00+00:00,MRK,lightgbm_quantile,nonsentiment,20,difference,77.93000030517578,76.47143221807369,1.458568087102094,1.458568087102094
2021-08-17 00:00:00+00:00,MRK,lightgbm_quantile,nonsentiment,20,difference,78.83000183105469,77.74937960222921,1.0806222288254759,1.0806222288254759
2021-08-18 00:00:00+00:00,MRK,lightgbm_quantile,nonsentiment,20,difference,77.79000091552734,78.75195865359846,-0.9619577380711206,0.9619577380711206
2021-08-19 00:00:00+00:00,MRK,lightgbm_quantile,nonsentiment,20,difference,78.45999908447266,77.71977387853231,0.740225205940348,0.740225205940348
2021-08-20 00:00:00+00:00,MRK,lightgbm_quantile,nonsentiment,20,difference,78.68000030517578,78.36997986410289,0.3100204410728935,0.3100204410728935
2021-08-23 00:00:00+00:00,MRK,lightgbm_quantile,nonsentiment,20,difference,78.37999725341797,78.53015541037554,-0.1501581569575734,0.1501581569575734
2021-08-24 00:00:00+00:00,MRK,lightgbm_quantile,nonsentiment,20,difference,77.72000122070312,78.2960301378824,-0.5760289171792721,0.5760289171792721
2021-08-25 00:00:00+00:00,MRK,lightgbm_quantile,nonsentiment,20,difference,77.06999969482422,77.62299366672005,-0.5529939718958303,0.5529939718958303
2021-08-26 00:00:00+00:00,MRK,lightgbm_quantile,nonsentiment,20,difference,76.56999969482422,76.77270252630184,-0.20270283147762314,0.20270283147762314
2021-08-27 00:00:00+00:00,MRK,lightgbm_quantile,nonsentiment,20,difference,76.30000305175781,76.48348345383336,-0.1834804020755456,0.1834804020755456
2021-08-30 00:00:00+00:00,MRK,lightgbm_quantile,nonsentiment,20,difference,76.5,76.07403012957926,0.42596987042074375,0.42596987042074375
2021-08-31 00:00:00+00:00,MRK,lightgbm_quantile,nonsentiment,20,difference,76.29000091552734,76.44216352158209,-0.15216260605474474,0.15216260605474474
2021-09-01 00:00:00+00:00,MRK,lightgbm_quantile,nonsentiment,20,difference,76.18000030517578,75.98345745441225,0.19654285076353517,0.19654285076353517
2021-09-02 00:00:00+00:00,MRK,lightgbm_quantile,nonsentiment,20,difference,77.12000274658203,75.97718218806888,1.1428205585131508,1.1428205585131508
2021-09-03 00:00:00+00:00,MRK,lightgbm_quantile,nonsentiment,20,difference,77.26000213623047,76.9561762142294,0.3038259220010673,0.3038259220010673
2021-09-07 00:00:00+00:00,MRK,lightgbm_quantile,nonsentiment,20,difference,75.9800033569336,77.07095331756183,-1.0909499606282367,1.0909499606282367
2021-09-08 00:00:00+00:00,MRK,lightgbm_quantile,nonsentiment,20,difference,75.36000061035156,75.87763175928644,-0.5176311489348819,0.5176311489348819
2021-09-09 00:00:00+00:00,MRK,lightgbm_quantile,nonsentiment,20,difference,73.81999969482422,75.34744196327189,-1.5274422684476718,1.5274422684476718
2021-09-10 00:00:00+00:00,MRK,lightgbm_quantile,nonsentiment,20,difference,73.44999694824219,73.85813736580477,-0.4081404175625778,0.4081404175625778
2021-09-13 00:00:00+00:00,MRK,lightgbm_quantile,nonsentiment,20,difference,73.18000030517578,73.2981932735958,-0.11819296842001847,0.11819296842001847
2021-09-14 00:00:00+00:00,MRK,lightgbm_quantile,nonsentiment,20,difference,72.11000061035156,73.14782242541635,-1.0378218150647882,1.0378218150647882
2021-09-15 00:00:00+00:00,MRK,lightgbm_quantile,nonsentiment,20,difference,72.80999755859375,72.05844626250496,0.7515512960887918,0.7515512960887918
2021-09-16 00:00:00+00:00,MRK,lightgbm_quantile,nonsentiment,20,difference,71.97000122070312,72.43829445206526,-0.4682932313621393,0.4682932313621393
2021-09-17 00:00:00+00:00,MRK,lightgbm_quantile,nonsentiment,20,difference,71.68000030517578,71.67799722960166,0.0020030755741231587,0.0020030755741231587
2021-09-20 00:00:00+00:00,MRK,lightgbm_quantile,nonsentiment,20,difference,71.93000030517578,71.82631381152083,0.10368649365494775,0.10368649365494775
2021-09-21 00:00:00+00:00,MRK,lightgbm_quantile,nonsentiment,20,difference,71.97000122070312,71.61349849539933,0.35650272530379823,0.35650272530379823
2021-09-22 00:00:00+00:00,MRK,lightgbm_quantile,nonsentiment,20,difference,72.04000091552734,71.98831534176769,0.05168557375965577,0.05168557375965577
2021-09-23 00:00:00+00:00,MRK,lightgbm_quantile,nonsentiment,20,difference,73.05000305175781,71.66471272158533,1.3852903301724808,1.3852903301724808
2021-09-24 00:00:00+00:00,MRK,lightgbm_quantile,nonsentiment,20,difference,73.61000061035156,72.97052507152607,0.6394755388254936,0.6394755388254936
2021-09-27 00:00:00+00:00,MRK,lightgbm_quantile,nonsentiment,20,difference,73.36000061035156,73.63811704484566,-0.27811643449409473,0.27811643449409473
2021-09-28 00:00:00+00:00,MRK,lightgbm_quantile,nonsentiment,20,difference,73.31999969482422,73.2041078583836,0.11589183644062473,0.11589183644062473
2021-09-29 00:00:00+00:00,MRK,lightgbm_quantile,nonsentiment,20,difference,75.08999633789062,73.05034043673922,2.0396559011514057,2.0396559011514057
2021-09-30 00:00:00+00:00,MRK,lightgbm_quantile,nonsentiment,20,difference,75.11000061035156,74.90393982875815,0.20606078159340768,0.20606078159340768
2021-10-01 00:00:00+00:00,MRK,lightgbm_quantile,nonsentiment,20,difference,81.4000015258789,75.04511300623216,6.3548885196467495,6.3548885196467495
2021-10-04 00:00:00+00:00,MRK,lightgbm_quantile,nonsentiment,20,difference,83.0999984741211,81.14183986195238,1.9581586121687167,1.9581586121687167
2021-10-05 00:00:00+00:00,MRK,lightgbm_quantile,nonsentiment,20,difference,81.5999984741211,82.38139568727334,-0.7813972131522462,0.7813972131522462
2021-10-06 00:00:00+00:00,MRK,lightgbm_quantile,nonsentiment,20,difference,80.66000366210938,81.12127396811344,-0.46127030600406727,0.46127030600406727
2021-10-07 00:00:00+00:00,MRK,lightgbm_quantile,nonsentiment,20,difference,81.94000244140625,80.54067175428388,1.3993306871223723,1.3993306871223723
2021-10-08 00:00:00+00:00,MRK,lightgbm_quantile,nonsentiment,20,difference,80.62999725341797,81.77195193071039,-1.1419546772924178,1.1419546772924178
2021-10-11 00:00:00+00:00,MRK,lightgbm_quantile,nonsentiment,20,difference,79.93000030517578,80.75452429923976,-0.8245239940639806,0.8245239940639806
2021-10-12 00:00:00+00:00,MRK,lightgbm_quantile,nonsentiment,20,difference,79.58999633789062,80.15088655562448,-0.5608902177338564,0.5608902177338564
2021-10-13 00:00:00+00:00,MRK,lightgbm_quantile,nonsentiment,20,difference,78.94999694824219,79.6590155942329,-0.7090186459907102,0.7090186459907102
2021-10-14 00:00:00+00:00,MRK,lightgbm_quantile,nonsentiment,20,difference,78.33000183105469,79.28071392900391,-0.9507120979492214,0.9507120979492214
2021-10-15 00:00:00+00:00,MRK,lightgbm_quantile,nonsentiment,20,difference,78.33000183105469,78.25963942732477,0.07036240372991642,0.07036240372991642
2021-10-18 00:00:00+00:00,MRK,lightgbm_quantile,nonsentiment,20,difference,77.1500015258789,77.95578952449327,-0.8057879986143632,0.8057879986143632
2021-10-19 00:00:00+00:00,MRK,lightgbm_quantile,nonsentiment,20,difference,79.48999786376953,77.16188384755537,2.3281140162141583,2.3281140162141583
2021-10-20 00:00:00+00:00,MRK,lightgbm_quantile,nonsentiment,20,difference,81.06999969482422,79.005961404937,2.064038289887222,2.064038289887222
2021-10-21 00:00:00+00:00,MRK,lightgbm_quantile,nonsentiment,20,difference,81.16999816894531,80.53424728936322,0.6357508795820905,0.6357508795820905
2021-10-22 00:00:00+00:00,MRK,lightgbm_quantile,nonsentiment,20,difference,81.1500015258789,80.82408572572513,0.32591580015377986,0.32591580015377986
2021-10-25 00:00:00+00:00,MRK,lightgbm_quantile,nonsentiment,20,difference,81.66000366210938,80.6437744861724,1.0162291759369708,1.0162291759369708
2021-10-26 00:00:00+00:00,MRK,lightgbm_quantile,nonsentiment,20,difference,82.25,81.36839006278531,0.8816099372146908,0.8816099372146908
2021-10-27 00:00:00+00:00,MRK,lightgbm_quantile,nonsentiment,20,difference,81.54000091552734,81.94039562400701,-0.4003947084796664,0.4003947084796664
2021-10-28 00:00:00+00:00,MRK,lightgbm_quantile,nonsentiment,20,difference,86.55000305175781,81.17119716032254,5.378805891435277,5.378805891435277
2021-10-29 00:00:00+00:00,MRK,lightgbm_quantile,nonsentiment,20,difference,88.05000305175781,86.1477177853884,1.902285266369418,1.902285266369418
2021-11-01 00:00:00+00:00,MRK,lightgbm_quantile,nonsentiment,20,difference,87.83999633789062,87.77492991217046,0.06506642572016119,0.06506642572016119
2021-11-02 00:00:00+00:00,MRK,lightgbm_quantile,nonsentiment,20,difference,89.0199966430664,87.67453288768215,1.3454637553842588,1.3454637553842588
2021-11-03 00:00:00+00:00,MRK,lightgbm_quantile,nonsentiment,20,difference,88.68000030517578,88.797616971344,-0.11761666616821742,0.11761666616821742
2021-11-04 00:00:00+00:00,MRK,lightgbm_quantile,nonsentiment,20,difference,90.54000091552734,88.61091927838874,1.9290816371386086,1.9290816371386086
2021-11-05 00:00:00+00:00,MRK,lightgbm_quantile,nonsentiment,20,difference,81.61000061035156,90.2350603646945,-8.625059754342942,8.625059754342942
2021-11-08 00:00:00+00:00,MRK,lightgbm_quantile,nonsentiment,20,difference,82.68000030517578,81.31307718568303,1.3669231194927534,1.3669231194927534
2021-11-09 00:00:00+00:00,MRK,lightgbm_quantile,nonsentiment,20,difference,82.72000122070312,82.67278268566561,0.04721853503751561,0.04721853503751561
2021-11-10 00:00:00+00:00,MRK,lightgbm_quantile,nonsentiment,20,difference,84.01000213623047,82.65145368916906,1.358548447061409,1.358548447061409
2021-11-11 00:00:00+00:00,MRK,lightgbm_quantile,nonsentiment,20,difference,84.0199966430664,83.67484770233158,0.3451489407348305,0.3451489407348305
2021-11-12 00:00:00+00:00,MRK,lightgbm_quantile,nonsentiment,20,difference,84.0,83.77437571059198,0.22562428940801738,0.22562428940801738
2021-11-15 00:00:00+00:00,MRK,lightgbm_quantile,nonsentiment,20,difference,83.69000244140625,83.94087439713387,-0.250871955727618,0.250871955727618
2021-11-16 00:00:00+00:00,MRK,lightgbm_quantile,nonsentiment,20,difference,84.11000061035156,83.44785616325798,0.6621444470935813,0.6621444470935813
2021-11-17 00:00:00+00:00,MRK,lightgbm_quantile,nonsentiment,20,difference,82.5999984741211,83.7476529009979,-1.1476544268768123,1.1476544268768123
2021-11-18 00:00:00+00:00,MRK,lightgbm_quantile,nonsentiment,20,difference,83.05000305175781,82.2907700729414,0.7592329788164136,0.7592329788164136
2021-11-19 00:00:00+00:00,MRK,lightgbm_quantile,nonsentiment,20,difference,80.69999694824219,83.02768534704225,-2.3276883988000634,2.3276883988000634
2021-11-22 00:00:00+00:00,MRK,lightgbm_quantile,nonsentiment,20,difference,81.63999938964844,80.36270955668034,1.2772898329680942,1.2772898329680942
2021-11-23 00:00:00+00:00,MRK,lightgbm_quantile,nonsentiment,20,difference,82.80000305175781,81.53634825661018,1.2636547951476302,1.2636547951476302
2021-11-24 00:00:00+00:00,MRK,lightgbm_quantile,nonsentiment,20,difference,82.27999877929688,82.552020222744,-0.2720214434471302,0.2720214434471302
2021-11-26 00:00:00+00:00,MRK,lightgbm_quantile,nonsentiment,20,difference,79.16000366210938,81.8913909856631,-2.7313873235537187,2.7313873235537187
2021-11-29 00:00:00+00:00,MRK,lightgbm_quantile,nonsentiment,20,difference,74.88999938964844,78.84860874749772,-3.9586093578492836,3.9586093578492836
2021-11-30 00:00:00+00:00,MRK,lightgbm_quantile,nonsentiment,20,difference,74.91000366210938,74.69656369515118,0.213439966958191,0.213439966958191
2021-12-01 00:00:00+00:00,MRK,lightgbm_quantile,nonsentiment,20,difference,74.44000244140625,74.81086829573148,-0.3708658543252312,0.3708658543252312
2021-12-02 00:00:00+00:00,MRK,lightgbm_quantile,nonsentiment,20,difference,73.88999938964844,74.28567079393054,-0.3956714042820977,0.3956714042820977
2021-12-03 00:00:00+00:00,MRK,lightgbm_quantile,nonsentiment,20,difference,73.33999633789062,73.76480843078723,-0.4248120928966017,0.4248120928966017
2021-12-06 00:00:00+00:00,MRK,lightgbm_quantile,nonsentiment,20,difference,73.41999816894531,73.07812519355105,0.3418729753942671,0.3418729753942671
2021-12-07 00:00:00+00:00,MRK,lightgbm_quantile,nonsentiment,20,difference,72.27999877929688,72.88952293413057,-0.6095241548336929,0.6095241548336929
2021-12-08 00:00:00+00:00,MRK,lightgbm_quantile,nonsentiment,20,difference,73.20999908447266,72.04016870733176,1.1698303771408973,1.1698303771408973
2021-12-09 00:00:00+00:00,MRK,lightgbm_quantile,nonsentiment,20,difference,72.86000061035156,72.68661145934504,0.17338915100651775,0.17338915100651775
2021-12-10 00:00:00+00:00,MRK,lightgbm_quantile,nonsentiment,20,difference,72.62000274658203,72.13892412637271,0.4810786202093169,0.4810786202093169
2021-12-13 00:00:00+00:00,MRK,lightgbm_quantile,nonsentiment,20,difference,73.41999816894531,72.32094796993238,1.099050199012936,1.099050199012936
2021-12-14 00:00:00+00:00,MRK,lightgbm_quantile,nonsentiment,20,difference,73.72000122070312,72.95629989704457,0.7637013236585517,0.7637013236585517
2021-12-15 00:00:00+00:00,MRK,lightgbm_quantile,nonsentiment,20,difference,75.29000091552734,73.21588007765878,2.0741208378685627,2.0741208378685627
2021-12-16 00:00:00+00:00,MRK,lightgbm_quantile,nonsentiment,20,difference,75.91000366210938,74.88157156528385,1.0284320968255258,1.0284320968255258
2021-12-17 00:00:00+00:00,MRK,lightgbm_quantile,nonsentiment,20,difference,75.69000244140625,75.90517379763503,-0.2151713562287796,0.2151713562287796
2021-12-20 00:00:00+00:00,MRK,lightgbm_quantile,nonsentiment,20,difference,76.41000366210938,75.4583356824771,0.9516679796322762,0.9516679796322762
2021-12-21 00:00:00+00:00,MRK,lightgbm_quantile,nonsentiment,20,difference,75.54000091552734,75.96833466120188,-0.42833374567453575,0.42833374567453575
2021-12-22 00:00:00+00:00,MRK,lightgbm_quantile,nonsentiment,20,difference,76.16000366210938,75.31840555548926,0.8415981066201113,0.8415981066201113
2021-12-23 00:00:00+00:00,MRK,lightgbm_quantile,nonsentiment,20,difference,75.7300033569336,75.86112504532703,-0.13112168839343497,0.13112168839343497
2021-12-27 00:00:00+00:00,MRK,lightgbm_quantile,nonsentiment,20,difference,76.56999969482422,75.61689403194393,0.9531056628802901,0.9531056628802901
2021-12-28 00:00:00+00:00,MRK,lightgbm_quantile,nonsentiment,20,difference,76.80999755859375,76.32759277772931,0.4824047808644423,0.4824047808644423
2021-12-29 00:00:00+00:00,MRK,lightgbm_quantile,nonsentiment,20,difference,76.94999694824219,76.51243244564958,0.4375645025926076,0.4375645025926076
2021-12-30 00:00:00+00:00,MRK,lightgbm_quantile,nonsentiment,20,difference,77.13999938964844,76.8667674410298,0.2732319486186441,0.2732319486186441
2021-12-31 00:00:00+00:00,MRK,lightgbm_quantile,nonsentiment,20,difference,76.63999938964844,77.00091417022547,-0.3609147805770334,0.3609147805770334
2022-01-03 00:00:00+00:00,MRK,lightgbm_quantile,nonsentiment,20,difference,76.87000274658203,76.50967455756059,0.3603281890214447,0.3603281890214447
2022-01-04 00:00:00+00:00,MRK,lightgbm_quantile,nonsentiment,20,difference,77.01000213623047,76.86786706671012,0.14213506952035004,0.14213506952035004
2022-01-05 00:00:00+00:00,MRK,lightgbm_quantile,nonsentiment,20,difference,78.87999725341797,77.192432043975,1.6875652094429654,1.6875652094429654
2022-01-06 00:00:00+00:00,MRK,lightgbm_quantile,nonsentiment,20,difference,78.83000183105469,78.83857909518755,-0.008577264132867413,0.008577264132867413
2022-01-07 00:00:00+00:00,MRK,lightgbm_quantile,nonsentiment,20,difference,80.30000305175781,78.91209984212256,1.3879032096352546,1.3879032096352546
2022-01-10 00:00:00+00:00,MRK,lightgbm_quantile,nonsentiment,20,difference,82.37000274658203,80.32590730665751,2.0440954399245186,2.0440954399245186
2022-01-11 00:00:00+00:00,MRK,lightgbm_quantile,nonsentiment,20,difference,81.66999816894531,82.36715731008091,-0.6971591411356002,0.6971591411356002
2022-01-12 00:00:00+00:00,MRK,lightgbm_quantile,nonsentiment,20,difference,81.19999694824219,81.48543712574465,-0.28544017750246553,0.28544017750246553
2022-01-13 00:00:00+00:00,MRK,lightgbm_quantile,nonsentiment,20,difference,81.31999969482422,80.90928609173838,0.4107136030858385,0.4107136030858385
2022-01-14 00:00:00+00:00,MRK,lightgbm_quantile,nonsentiment,20,difference,81.37999725341797,81.4219856473693,-0.04198839395132836,0.04198839395132836
2022-01-18 00:00:00+00:00,MRK,lightgbm_quantile,nonsentiment,20,difference,81.54000091552734,81.38762831521512,0.15237260031221922,0.15237260031221922
2022-01-19 00:00:00+00:00,MRK,lightgbm_quantile,nonsentiment,20,difference,81.29000091552734,81.26097466428432,0.029026251243024603,0.029026251243024603
2022-01-20 00:00:00+00:00,MRK,lightgbm_quantile,nonsentiment,20,difference,80.75,80.99488267902866,-0.24488267902866312,0.24488267902866312
2022-01-21 00:00:00+00:00,MRK,lightgbm_quantile,nonsentiment,20,difference,79.9800033569336,80.74931681793643,-0.769313461002838,0.769313461002838
2022-01-24 00:00:00+00:00,MRK,lightgbm_quantile,nonsentiment,20,difference,78.83000183105469,79.96657535815116,-1.1365735270964734,1.1365735270964734
2022-01-25 00:00:00+00:00,MRK,lightgbm_quantile,nonsentiment,20,difference,79.45999908447266,78.73052138873933,0.7294776957333227,0.7294776957333227
2022-01-26 00:00:00+00:00,MRK,lightgbm_quantile,nonsentiment,20,difference,79.13999938964844,79.68856713357286,-0.5485677439244228,0.5485677439244228
2022-01-27 00:00:00+00:00,MRK,lightgbm_quantile,nonsentiment,20,difference,80.58000183105469,79.25761341170461,1.3223884193500766,1.3223884193500766
2022-01-28 00:00:00+00:00,MRK,lightgbm_quantile,nonsentiment,20,difference,80.9000015258789,80.2281060113249,0.6718955145540093,0.6718955145540093
2022-01-31 00:00:00+00:00,MRK,lightgbm_quantile,nonsentiment,20,difference,81.4800033569336,80.76099248422686,0.7190108727067326,0.7190108727067326
2022-02-01 00:00:00+00:00,MRK,lightgbm_quantile,nonsentiment,20,difference,81.91999816894531,80.87111871891385,1.048879450031464,1.048879450031464
2022-02-02 00:00:00+00:00,MRK,lightgbm_quantile,nonsentiment,20,difference,82.01000213623047,81.58608539023159,0.42391674599888063,0.42391674599888063
2022-02-03 00:00:00+00:00,MRK,lightgbm_quantile,nonsentiment,20,difference,79.01000213623047,81.50920170128778,-2.4991995650573102,2.4991995650573102
2022-02-04 00:00:00+00:00,MRK,lightgbm_quantile,nonsentiment,20,difference,78.55999755859375,78.4098393409575,0.15015821763624615,0.15015821763624615
2022-02-07 00:00:00+00:00,MRK,lightgbm_quantile,nonsentiment,20,difference,77.58000183105469,78.31259785526308,-0.7325960242083909,0.7325960242083909
2022-02-08 00:00:00+00:00,MRK,lightgbm_quantile,nonsentiment,20,difference,76.91000366210938,77.25626728824851,-0.34626362613913386,0.34626362613913386
2022-02-09 00:00:00+00:00,MRK,lightgbm_quantile,nonsentiment,20,difference,76.52999877929688,76.65460838112385,-0.12460960182697534,0.12460960182697534
2022-02-10 00:00:00+00:00,MRK,lightgbm_quantile,nonsentiment,20,difference,76.55999755859375,76.10062671646935,0.45937084212440027,0.45937084212440027
2022-02-11 00:00:00+00:00,MRK,lightgbm_quantile,nonsentiment,20,difference,76.63999938964844,76.30793042002685,0.33206896962158794,0.33206896962158794
2022-02-14 00:00:00+00:00,MRK,lightgbm_quantile,nonsentiment,20,difference,76.47000122070312,76.01843484086383,0.45156637983929215,0.45156637983929215
2022-02-15 00:00:00+00:00,MRK,lightgbm_quantile,nonsentiment,20,difference,77.80999755859375,76.08133293887785,1.7286646197159001,1.7286646197159001
2022-02-16 00:00:00+00:00,MRK,lightgbm_quantile,nonsentiment,20,difference,77.22000122070312,77.03945231226176,0.1805489084413665,0.1805489084413665
2022-02-17 00:00:00+00:00,MRK,lightgbm_quantile,nonsentiment,20,difference,76.36000061035156,76.52820688039787,-0.16820627004631206,0.16820627004631206
2022-02-18 00:00:00+00:00,MRK,lightgbm_quantile,nonsentiment,20,difference,76.37000274658203,75.79637215282983,0.573630593752199,0.573630593752199
2022-02-22 00:00:00+00:00,MRK,lightgbm_quantile,nonsentiment,20,difference,75.94999694824219,76.18712886010792,-0.23713191186573113,0.23713191186573113
2022-02-23 00:00:00+00:00,MRK,lightgbm_quantile,nonsentiment,20,difference,75.83999633789062,75.49359163710508,0.3464047007855413,0.3464047007855413
2022-02-24 00:00:00+00:00,MRK,lightgbm_quantile,nonsentiment,20,difference,73.51000213623047,75.3985322246946,-1.8885300884641367,1.8885300884641367
2022-02-25 00:00:00+00:00,MRK,lightgbm_quantile,nonsentiment,20,difference,76.31999969482422,73.18905771638708,3.1309419784371357,3.1309419784371357
2022-02-28 00:00:00+00:00,MRK,lightgbm_quantile,nonsentiment,20,difference,76.58000183105469,75.90095207820431,0.6790497528503749,0.6790497528503749
2022-03-01 00:00:00+00:00,MRK,lightgbm_quantile,nonsentiment,20,difference,76.33999633789062,76.33660428108362,0.003392056807001609,0.003392056807001609
2022-03-02 00:00:00+00:00,MRK,lightgbm_quantile,nonsentiment,20,difference,76.66999816894531,76.0582341287836,0.6117640401617166,0.6117640401617166
2022-03-03 00:00:00+00:00,MRK,lightgbm_quantile,nonsentiment,20,difference,77.1500015258789,76.55912605918186,0.5908754666970424,0.5908754666970424
2022-03-04 00:00:00+00:00,MRK,lightgbm_quantile,nonsentiment,20,difference,77.83000183105469,76.8263779954224,1.0036238356322826,1.0036238356322826
2022-03-07 00:00:00+00:00,MRK,lightgbm_quantile,nonsentiment,20,difference,77.7300033569336,77.5209014229144,0.20910193401918775,0.20910193401918775
2022-03-08 00:00:00+00:00,MRK,lightgbm_quantile,nonsentiment,20,difference,76.94999694824219,77.51115618610099,-0.5611592378588028,0.5611592378588028
2022-03-09 00:00:00+00:00,MRK,lightgbm_quantile,nonsentiment,20,difference,77.79000091552734,76.84299708955527,0.9470038259720752,0.9470038259720752
2022-03-10 00:00:00+00:00,MRK,lightgbm_quantile,nonsentiment,20,difference,77.88999938964844,77.17534904912677,0.714650340521672,0.714650340521672
2022-03-11 00:00:00+00:00,MRK,lightgbm_quantile,nonsentiment,20,difference,78.26000213623047,77.52010916640903,0.7398929698214403,0.7398929698214403
2022-03-14 00:00:00+00:00,MRK,lightgbm_quantile,nonsentiment,20,difference,77.77999877929688,78.20084564409319,-0.4208468647963173,0.4208468647963173
2022-03-15 00:00:00+00:00,MRK,lightgbm_quantile,nonsentiment,20,difference,78.63999938964844,77.53087277776369,1.1091266118847471,1.1091266118847471
2022-03-16 00:00:00+00:00,MRK,lightgbm_quantile,nonsentiment,20,difference,78.12000274658203,78.24065029259717,-0.12064754601513528,0.12064754601513528
2022-03-17 00:00:00+00:00,MRK,lightgbm_quantile,nonsentiment,20,difference,78.94000244140625,78.08081217117653,0.8591902702297176,0.8591902702297176
2022-03-18 00:00:00+00:00,MRK,lightgbm_quantile,nonsentiment,20,difference,79.11000061035156,78.65953631713977,0.4504642932117946,0.4504642932117946
2022-03-21 00:00:00+00:00,MRK,lightgbm_quantile,nonsentiment,20,difference,79.05999755859375,78.62662719794744,0.4333703606463075,0.4333703606463075
2022-03-22 00:00:00+00:00,MRK,lightgbm_quantile,nonsentiment,20,difference,79.30000305175781,78.972163412204,0.32783963955381523,0.32783963955381523
2022-03-23 00:00:00+00:00,MRK,lightgbm_quantile,nonsentiment,20,difference,79.7300033569336,79.35484230125472,0.37516105567887337,0.37516105567887337
2022-03-24 00:00:00+00:00,MRK,lightgbm_quantile,nonsentiment,20,difference,80.41000366210938,79.7020861743392,0.7079174877701746,0.7079174877701746
2022-03-25 00:00:00+00:00,MRK,lightgbm_quantile,nonsentiment,20,difference,81.33999633789062,80.08484328270616,1.255153055184465,1.255153055184465
2022-03-28 00:00:00+00:00,MRK,lightgbm_quantile,nonsentiment,20,difference,81.20999908447266,81.08030309707766,0.12969598739499588,0.12969598739499588
2022-03-29 00:00:00+00:00,MRK,lightgbm_quantile,nonsentiment,20,difference,81.56999969482422,80.85642651100518,0.7135731838190367,0.7135731838190367
2022-03-30 00:00:00+00:00,MRK,lightgbm_quantile,nonsentiment,20,difference,82.4000015258789,81.24780875300947,1.1521927728694408,1.1521927728694408
2022-03-31 00:00:00+00:00,MRK,lightgbm_quantile,nonsentiment,20,difference,82.05000305175781,82.1861827523234,-0.1361797005655916,0.1361797005655916
2022-04-01 00:00:00+00:00,MRK,lightgbm_quantile,nonsentiment,20,difference,83.5199966430664,81.38482652267912,2.1351701203872864,2.1351701203872864
2022-04-04 00:00:00+00:00,MRK,lightgbm_quantile,nonsentiment,20,difference,83.48999786376953,83.2675310829283,0.22246678084123062,0.22246678084123062
2022-04-05 00:00:00+00:00,MRK,lightgbm_quantile,nonsentiment,20,difference,83.72000122070312,83.10643054369824,0.613570677004887,0.613570677004887
2022-04-06 00:00:00+00:00,MRK,lightgbm_quantile,nonsentiment,20,difference,84.97000122070312,83.39902322653789,1.5709779941652329,1.5709779941652329
2022-04-07 00:00:00+00:00,MRK,lightgbm_quantile,nonsentiment,20,difference,86.80000305175781,84.74346815178379,2.056534899974025,2.056534899974025
2022-04-08 00:00:00+00:00,MRK,lightgbm_quantile,nonsentiment,20,difference,87.68000030517578,86.58626381785312,1.0937364873226585,1.0937364873226585
2022-04-11 00:00:00+00:00,MRK,lightgbm_quantile,nonsentiment,20,difference,86.62999725341797,87.45190225475405,-0.8219050013360771,0.8219050013360771
2022-04-12 00:00:00+00:00,MRK,lightgbm_quantile,nonsentiment,20,difference,85.62999725341797,86.2867132106744,-0.6567159572564378,0.6567159572564378
2022-04-13 00:00:00+00:00,MRK,lightgbm_quantile,nonsentiment,20,difference,86.12999725341797,85.32370470181874,0.8062925515992276,0.8062925515992276
2022-04-14 00:00:00+00:00,MRK,lightgbm_quantile,nonsentiment,20,difference,86.91000366210938,86.004448864528,0.9055547975813738,0.9055547975813738
2022-04-18 00:00:00+00:00,MRK,lightgbm_quantile,nonsentiment,20,difference,86.06999969482422,86.6764682525858,-0.6064685577615876,0.6064685577615876
2022-04-19 00:00:00+00:00,MRK,lightgbm_quantile,nonsentiment,20,difference,85.79000091552734,85.90301939416544,-0.11301847863809655,0.11301847863809655
2022-04-20 00:00:00+00:00,MRK,lightgbm_quantile,nonsentiment,20,difference,86.45999908447266,85.46931799415297,0.9906810903196828,0.9906810903196828
2022-04-21 00:00:00+00:00,MRK,lightgbm_quantile,nonsentiment,20,difference,86.2300033569336,86.14043745081044,0.08956590612315551,0.08956590612315551
2022-04-22 00:00:00+00:00,MRK,lightgbm_quantile,nonsentiment,20,difference,84.58999633789062,86.1924512377546,-1.6024548998639716,1.6024548998639716
2022-04-25 00:00:00+00:00,MRK,lightgbm_quantile,nonsentiment,20,difference,85.44000244140625,84.37600469764675,1.0639977437595007,1.0639977437595007
2022-04-26 00:00:00+00:00,MRK,lightgbm_quantile,nonsentiment,20,difference,84.4800033569336,85.15801630509296,-0.6780129481593633,0.6780129481593633
2022-04-27 00:00:00+00:00,MRK,lightgbm_quantile,nonsentiment,20,difference,84.41000366210938,84.43008021395866,-0.020076551849285806,0.020076551849285806
2022-04-28 00:00:00+00:00,MRK,lightgbm_quantile,nonsentiment,20,difference,88.58000183105469,84.1512093060557,4.428792524998983,4.428792524998983
2022-04-29 00:00:00+00:00,MRK,lightgbm_quantile,nonsentiment,20,difference,88.69000244140625,88.19218629694981,0.4978161444564364,0.4978161444564364
2022-05-02 00:00:00+00:00,MRK,lightgbm_quantile,nonsentiment,20,difference,87.6500015258789,88.47910060003437,-0.8290990741554651,0.8290990741554651
2022-05-03 00:00:00+00:00,MRK,lightgbm_quantile,nonsentiment,20,difference,87.0999984741211,87.48135600693448,-0.38135753281338225,0.38135753281338225
2022-05-04 00:00:00+00:00,MRK,lightgbm_quantile,nonsentiment,20,difference,88.5199966430664,86.88045484060916,1.639541802457245,1.639541802457245
2022-05-05 00:00:00+00:00,MRK,lightgbm_quantile,nonsentiment,20,difference,88.01000213623047,88.1994463785376,-0.18944424230713253,0.18944424230713253
2022-05-06 00:00:00+00:00,MRK,lightgbm_quantile,nonsentiment,20,difference,88.38999938964844,87.79569667992757,0.5943027097208642,0.5943027097208642
2022-05-09 00:00:00+00:00,MRK,lightgbm_quantile,nonsentiment,20,difference,87.63999938964844,88.09856611896878,-0.4585667293203386,0.4585667293203386
2022-05-10 00:00:00+00:00,MRK,lightgbm_quantile,nonsentiment,20,difference,87.80999755859375,87.64796494727193,0.16203261132181979,0.16203261132181979
2022-05-11 00:00:00+00:00,MRK,lightgbm_quantile,nonsentiment,20,difference,89.19000244140625,87.81866294206029,1.3713394993459644,1.3713394993459644
2022-05-12 00:00:00+00:00,MRK,lightgbm_quantile,nonsentiment,20,difference,90.83000183105467,88.82209449078734,2.0079073402673373,2.0079073402673373
2022-05-13 00:00:00+00:00,MRK,lightgbm_quantile,nonsentiment,20,difference,90.41000366210938,90.47451614784906,-0.06451248573968371,0.06451248573968371
2022-05-16 00:00:00+00:00,MRK,lightgbm_quantile,nonsentiment,20,difference,92.31999969482422,90.22689506016116,2.0931046346630637,2.0931046346630637
2022-05-17 00:00:00+00:00,MRK,lightgbm_quantile,nonsentiment,20,difference,93.0,92.02033099961896,0.9796690003810369,0.9796690003810369
2022-05-18 00:00:00+00:00,MRK,lightgbm_quantile,nonsentiment,20,difference,92.0999984741211,92.68269634220837,-0.5826978680872799,0.5826978680872799
2022-05-19 00:00:00+00:00,MRK,lightgbm_quantile,nonsentiment,20,difference,92.08999633789062,91.89589570095868,0.19410063693194957,0.19410063693194957
2022-05-20 00:00:00+00:00,MRK,lightgbm_quantile,nonsentiment,20,difference,93.5500030517578,91.72819875693973,1.8218042948180653,1.8218042948180653
2022-05-23 00:00:00+00:00,MRK,lightgbm_quantile,nonsentiment,20,difference,93.83000183105467,93.240430116623,0.5895717144316706,0.5895717144316706
2022-05-24 00:00:00+00:00,MRK,lightgbm_quantile,nonsentiment,20,difference,94.63999938964844,93.56622602681979,1.0737733628286463,1.0737733628286463
2022-05-25 00:00:00+00:00,MRK,lightgbm_quantile,nonsentiment,20,difference,93.75,94.44459815582897,-0.6945981558289702,0.6945981558289702
2022-05-26 00:00:00+00:00,MRK,lightgbm_quantile,nonsentiment,20,difference,92.30999755859376,93.31183217893062,-1.001834620336851,1.001834620336851
2022-05-27 00:00:00+00:00,MRK,lightgbm_quantile,nonsentiment,20,difference,93.08000183105467,92.02799092069205,1.0520109103626254,1.0520109103626254
2022-05-31 00:00:00+00:00,MRK,lightgbm_quantile,nonsentiment,20,difference,92.02999877929688,92.7902254918204,-0.7602267125235187,0.7602267125235187
2022-06-01 00:00:00+00:00,MRK,lightgbm_quantile,nonsentiment,20,difference,91.13999938964844,91.44943867604265,-0.30943928639420903,0.30943928639420903
2022-06-02 00:00:00+00:00,MRK,lightgbm_quantile,nonsentiment,20,difference,90.0,90.8001530405783,-0.8001530405782944,0.8001530405782944
2022-06-03 00:00:00+00:00,MRK,lightgbm_quantile,nonsentiment,20,difference,89.91000366210938,89.76205608513357,0.14794757697580962,0.14794757697580962
2022-06-06 00:00:00+00:00,MRK,lightgbm_quantile,nonsentiment,20,difference,89.83999633789062,89.62043402285481,0.2195623150358159,0.2195623150358159
2022-06-07 00:00:00+00:00,MRK,lightgbm_quantile,nonsentiment,20,difference,90.4800033569336,89.4728508750466,1.0071524818869904,1.0071524818869904
2022-06-08 00:00:00+00:00,MRK,lightgbm_quantile,nonsentiment,20,difference,89.4800033569336,90.15102838254995,-0.671025025616359,0.671025025616359
2022-06-09 00:00:00+00:00,MRK,lightgbm_quantile,nonsentiment,20,difference,88.0,89.01004013202189,-1.010040132021885,1.010040132021885
2022-06-10 00:00:00+00:00,MRK,lightgbm_quantile,nonsentiment,20,difference,87.18000030517578,87.63790793850966,-0.45790763333387474,0.45790763333387474
2022-06-13 00:00:00+00:00,MRK,lightgbm_quantile,nonsentiment,20,difference,85.0,86.83292660093294,-1.832926600932936,1.832926600932936
2022-06-14 00:00:00+00:00,MRK,lightgbm_quantile,nonsentiment,20,difference,84.5,84.74826854459896,-0.24826854459895742,0.24826854459895742
2022-06-15 00:00:00+00:00,MRK,lightgbm_quantile,nonsentiment,20,difference,84.62999725341797,84.36272992264115,0.26726733077681786,0.26726733077681786
2022-06-16 00:00:00+00:00,MRK,lightgbm_quantile,nonsentiment,20,difference,84.88999938964844,84.66892562837201,0.22107376127642908,0.22107376127642908
2022-06-17 00:00:00+00:00,MRK,lightgbm_quantile,nonsentiment,20,difference,84.62000274658203,84.52069534512482,0.09930740145721018,0.09930740145721018
2022-06-21 00:00:00+00:00,MRK,lightgbm_quantile,nonsentiment,20,difference,88.02999877929688,84.25159044643449,3.7784083328623836,3.7784083328623836
2022-06-22 00:00:00+00:00,MRK,lightgbm_quantile,nonsentiment,20,difference,89.16000366210938,87.88558356790843,1.2744200942009485,1.2744200942009485
2022-06-23 00:00:00+00:00,MRK,lightgbm_quantile,nonsentiment,20,difference,92.0,89.02767505439387,2.9723249456061325,2.9723249456061325
2022-06-24 00:00:00+00:00,MRK,lightgbm_quantile,nonsentiment,20,difference,93.12999725341795,91.62835044307766,1.50164681034029,1.50164681034029
2022-06-27 00:00:00+00:00,MRK,lightgbm_quantile,nonsentiment,20,difference,94.41000366210938,92.93990289080612,1.470100771303251,1.470100771303251
2022-06-28 00:00:00+00:00,MRK,lightgbm_quantile,nonsentiment,20,difference,91.88999938964844,94.22162955061094,-2.3316301609625043,2.3316301609625043
2022-06-29 00:00:00+00:00,MRK,lightgbm_quantile,nonsentiment,20,difference,92.51000213623048,91.73610084685205,0.7739012893784292,0.7739012893784292
2022-06-30 00:00:00+00:00,MRK,lightgbm_quantile,nonsentiment,20,difference,91.16999816894533,92.13382801892287,-0.9638298499775431,0.9638298499775431
2022-07-01 00:00:00+00:00,MRK,lightgbm_quantile,nonsentiment,20,difference,92.41999816894533,90.77484544621028,1.6451527227350482,1.6451527227350482
2022-07-05 00:00:00+00:00,MRK,lightgbm_quantile,nonsentiment,20,difference,92.63999938964844,92.26983023943934,0.3701691502090938,0.3701691502090938
2022-07-06 00:00:00+00:00,MRK,lightgbm_quantile,nonsentiment,20,difference,93.12999725341795,92.56538052875857,0.5646167246593876,0.5646167246593876
2022-07-07 00:00:00+00:00,MRK,lightgbm_quantile,nonsentiment,20,difference,93.01000213623048,92.72634568453466,0.2836564516958191,0.2836564516958191
2022-07-08 00:00:00+00:00,MRK,lightgbm_quantile,nonsentiment,20,difference,92.77999877929688,92.37927626621996,0.4007225130769143,0.4007225130769143
2022-07-11 00:00:00+00:00,MRK,lightgbm_quantile,nonsentiment,20,difference,94.3000030517578,92.68361222702673,1.61639082473107,1.61639082473107
2022-07-12 00:00:00+00:00,MRK,lightgbm_quantile,nonsentiment,20,difference,93.5999984741211,93.84344244067354,-0.24344396655244793,0.24344396655244793
2022-07-13 00:00:00+00:00,MRK,lightgbm_quantile,nonsentiment,20,difference,93.7699966430664,93.27753049482597,0.4924661482404389,0.4924661482404389
2022-07-14 00:00:00+00:00,MRK,lightgbm_quantile,nonsentiment,20,difference,93.87999725341795,93.41899595004168,0.4610013033762783,0.4610013033762783
2022-07-15 00:00:00+00:00,MRK,lightgbm_quantile,nonsentiment,20,difference,94.95999908447266,93.53175742870476,1.4282416557678914,1.4282416557678914
2022-07-18 00:00:00+00:00,MRK,lightgbm_quantile,nonsentiment,20,difference,92.33999633789062,94.72745956890417,-2.387463231013541,2.387463231013541
2022-07-19 00:00:00+00:00,MRK,lightgbm_quantile,nonsentiment,20,difference,92.36000061035156,92.17377198068817,0.1862286296633897,0.1862286296633897
2022-07-20 00:00:00+00:00,MRK,lightgbm_quantile,nonsentiment,20,difference,89.6500015258789,92.06511900504555,-2.415117479166639,2.415117479166639
2022-07-21 00:00:00+00:00,MRK,lightgbm_quantile,nonsentiment,20,difference,90.13999938964844,89.3386212036278,0.8013781860206421,0.8013781860206421
2022-07-22 00:00:00+00:00,MRK,lightgbm_quantile,nonsentiment,20,difference,90.11000061035156,89.97673151244035,0.1332690979112101,0.1332690979112101
2022-07-25 00:00:00+00:00,MRK,lightgbm_quantile,nonsentiment,20,difference,90.52999877929688,90.05245566192801,0.47754311736886734,0.47754311736886734
2022-07-26 00:00:00+00:00,MRK,lightgbm_quantile,nonsentiment,20,difference,91.29000091552734,90.02590212755594,1.264098787971406,1.264098787971406
2022-07-27 00:00:00+00:00,MRK,lightgbm_quantile,nonsentiment,20,difference,91.2300033569336,91.05335194573759,0.17665141119600491,0.17665141119600491
2022-07-28 00:00:00+00:00,MRK,lightgbm_quantile,nonsentiment,20,difference,89.94000244140625,90.98305261891574,-1.0430501775094854,1.0430501775094854
2022-07-29 00:00:00+00:00,MRK,lightgbm_quantile,nonsentiment,20,difference,89.33999633789062,89.8090898503465,-0.4690935124558706,0.4690935124558706
2022-08-01 00:00:00+00:00,MRK,lightgbm_quantile,nonsentiment,20,difference,88.52999877929688,89.0757129828024,-0.5457142035055256,0.5457142035055256
2022-08-02 00:00:00+00:00,MRK,lightgbm_quantile,nonsentiment,20,difference,87.61000061035156,88.36880882799245,-0.7588082176408903,0.7588082176408903
2022-08-03 00:00:00+00:00,MRK,lightgbm_quantile,nonsentiment,20,difference,87.62000274658203,87.29696970920253,0.32303303737950273,0.32303303737950273
2022-08-04 00:00:00+00:00,MRK,lightgbm_quantile,nonsentiment,20,difference,86.81999969482422,87.31134043033205,-0.4913407355078334,0.4913407355078334
2022-08-05 00:00:00+00:00,MRK,lightgbm_quantile,nonsentiment,20,difference,87.41000366210938,86.7484778965778,0.6615257655315787,0.6615257655315787
2022-08-08 00:00:00+00:00,MRK,lightgbm_quantile,nonsentiment,20,difference,88.48999786376953,87.22472360189077,1.2652742618787585,1.2652742618787585
2022-08-09 00:00:00+00:00,MRK,lightgbm_quantile,nonsentiment,20,difference,89.5199966430664,88.45626627962159,1.0637303634448187,1.0637303634448187
2022-08-10 00:00:00+00:00,MRK,lightgbm_quantile,nonsentiment,20,difference,89.19000244140625,89.52187374120088,-0.3318712997946278,0.3318712997946278
2022-08-11 00:00:00+00:00,MRK,lightgbm_quantile,nonsentiment,20,difference,88.93000030517578,89.02679546750485,-0.09679516232907304,0.09679516232907304
2022-08-12 00:00:00+00:00,MRK,lightgbm_quantile,nonsentiment,20,difference,91.0199966430664,88.54264352024515,2.477353122821256,2.477353122821256
2022-08-15 00:00:00+00:00,MRK,lightgbm_quantile,nonsentiment,20,difference,90.5999984741211,90.79024533556353,-0.1902468614424322,0.1902468614424322
2022-08-16 00:00:00+00:00,MRK,lightgbm_quantile,nonsentiment,20,difference,90.58999633789062,90.4329760730373,0.15702026485332965,0.15702026485332965
2022-08-17 00:00:00+00:00,MRK,lightgbm_quantile,nonsentiment,20,difference,91.04000091552734,90.28168713036904,0.7583137851583075,0.7583137851583075
2022-08-18 00:00:00+00:00,MRK,lightgbm_quantile,nonsentiment,20,difference,91.4000015258789,90.91393108326928,0.4860704426096305,0.4860704426096305
2022-08-19 00:00:00+00:00,MRK,lightgbm_quantile,nonsentiment,20,difference,92.08000183105467,91.09215126488385,0.9878505661708203,0.9878505661708203
2022-08-22 00:00:00+00:00,MRK,lightgbm_quantile,nonsentiment,20,difference,91.16000366210938,92.04846612594255,-0.8884624638331786,0.8884624638331786
2022-08-23 00:00:00+00:00,MRK,lightgbm_quantile,nonsentiment,20,difference,90.1999969482422,91.2785858118195,-1.0785888635772949,1.0785888635772949
2022-08-24 00:00:00+00:00,MRK,lightgbm_quantile,nonsentiment,20,difference,90.01000213623047,90.10736838572024,-0.09736624948976669,0.09736624948976669
2022-08-25 00:00:00+00:00,MRK,lightgbm_quantile,nonsentiment,20,difference,90.2699966430664,89.6409453628679,0.6290512801985102,0.6290512801985102
2022-08-26 00:00:00+00:00,MRK,lightgbm_quantile,nonsentiment,20,difference,89.26000213623047,89.84704005879901,-0.5870379225685411,0.5870379225685411
2022-08-29 00:00:00+00:00,MRK,lightgbm_quantile,nonsentiment,20,difference,87.58999633789062,89.07363351242077,-1.4836371745301449,1.4836371745301449
2022-08-30 00:00:00+00:00,MRK,lightgbm_quantile,nonsentiment,20,difference,86.87999725341797,87.37683838070627,-0.496841127288306,0.496841127288306
2022-08-31 00:00:00+00:00,MRK,lightgbm_quantile,nonsentiment,20,difference,85.36000061035156,86.6071268945025,-1.2471262841509372,1.2471262841509372
2022-09-01 00:00:00+00:00,MRK,lightgbm_quantile,nonsentiment,20,difference,87.1500015258789,85.12731464004565,2.0226868858332523,2.0226868858332523
2022-09-02 00:00:00+00:00,MRK,lightgbm_quantile,nonsentiment,20,difference,86.2300033569336,87.13531789440705,-0.9053145374734584,0.9053145374734584
2022-09-06 00:00:00+00:00,MRK,lightgbm_quantile,nonsentiment,20,difference,86.41999816894531,85.87487626864646,0.5451219002988523,0.5451219002988523
2022-09-07 00:00:00+00:00,MRK,lightgbm_quantile,nonsentiment,20,difference,86.87000274658203,86.15877318305634,0.7112295635256913,0.7112295635256913
2022-09-08 00:00:00+00:00,MRK,lightgbm_quantile,nonsentiment,20,difference,87.41999816894531,86.63471615755465,0.7852820113906631,0.7852820113906631
2022-09-09 00:00:00+00:00,MRK,lightgbm_quantile,nonsentiment,20,difference,87.33999633789062,87.14031044981131,0.19968588807931553,0.19968588807931553
2022-09-12 00:00:00+00:00,MRK,lightgbm_quantile,nonsentiment,20,difference,88.16000366210938,87.11376081038291,1.0462428517264613,1.0462428517264613
2022-09-13 00:00:00+00:00,MRK,lightgbm_quantile,nonsentiment,20,difference,86.27999877929688,87.8574262138519,-1.5774274345550197,1.5774274345550197
2022-09-14 00:00:00+00:00,MRK,lightgbm_quantile,nonsentiment,20,difference,86.94999694824219,86.13948326617816,0.8105136820640269,0.8105136820640269
2022-09-15 00:00:00+00:00,MRK,lightgbm_quantile,nonsentiment,20,difference,86.75,86.73731380996055,0.012686190039445933,0.012686190039445933
2022-09-16 00:00:00+00:00,MRK,lightgbm_quantile,nonsentiment,20,difference,87.72000122070312,86.6479059214217,1.072095299281429,1.072095299281429
2022-09-19 00:00:00+00:00,MRK,lightgbm_quantile,nonsentiment,20,difference,86.63999938964844,87.4620689165846,-0.8220695269361613,0.8220695269361613
2022-09-20 00:00:00+00:00,MRK,lightgbm_quantile,nonsentiment,20,difference,86.0,86.47723976575627,-0.47723976575626637,0.47723976575626637
2022-09-21 00:00:00+00:00,MRK,lightgbm_quantile,nonsentiment,20,difference,84.52999877929688,85.86170045887734,-1.331701679580462,1.331701679580462
2022-09-22 00:00:00+00:00,MRK,lightgbm_quantile,nonsentiment,20,difference,87.51000213623047,84.54654556332996,2.963456572900512,2.963456572900512
2022-09-23 00:00:00+00:00,MRK,lightgbm_quantile,nonsentiment,20,difference,86.77999877929688,87.31549893886643,-0.5355001595695512,0.5355001595695512
2022-09-26 00:00:00+00:00,MRK,lightgbm_quantile,nonsentiment,20,difference,86.18000030517578,86.83168358345146,-0.6516832782756836,0.6516832782756836
2022-09-27 00:00:00+00:00,MRK,lightgbm_quantile,nonsentiment,20,difference,85.83999633789062,86.3475511968064,-0.5075548589157819,0.5075548589157819
2022-09-28 00:00:00+00:00,MRK,lightgbm_quantile,nonsentiment,20,difference,86.77999877929688,85.56517693711554,1.2148218421813368,1.2148218421813368
2022-09-29 00:00:00+00:00,MRK,lightgbm_quantile,nonsentiment,20,difference,86.63999938964844,86.37060473669155,0.26939465295689047,0.26939465295689047
2022-09-30 00:00:00+00:00,MRK,lightgbm_quantile,nonsentiment,20,difference,86.12000274658203,86.21803100672325,-0.0980282601412199,0.0980282601412199
2022-10-03 00:00:00+00:00,MRK,lightgbm_quantile,nonsentiment,20,difference,87.55000305175781,85.9737755044714,1.5762275472864076,1.5762275472864076
2022-10-04 00:00:00+00:00,MRK,lightgbm_quantile,nonsentiment,20,difference,88.38999938964844,87.36489133367407,1.0251080559743713,1.0251080559743713
2022-10-05 00:00:00+00:00,MRK,lightgbm_quantile,nonsentiment,20,difference,88.38999938964844,88.21758333502503,0.1724160546234117,0.1724160546234117
2022-10-06 00:00:00+00:00,MRK,lightgbm_quantile,nonsentiment,20,difference,87.44000244140625,87.98887975529273,-0.5488773138864786,0.5488773138864786
2022-10-07 00:00:00+00:00,MRK,lightgbm_quantile,nonsentiment,20,difference,87.5999984741211,87.3274415160611,0.2725569580599938,0.2725569580599938
2022-10-10 00:00:00+00:00,MRK,lightgbm_quantile,nonsentiment,20,difference,90.4800033569336,87.54332927662071,2.9366740803128835,2.9366740803128835
2022-10-11 00:00:00+00:00,MRK,lightgbm_quantile,nonsentiment,20,difference,91.0500030517578,90.29578566351918,0.7542173882386152,0.7542173882386152
2022-10-12 00:00:00+00:00,MRK,lightgbm_quantile,nonsentiment,20,difference,90.41999816894533,90.83946803945166,-0.4194698705063331,0.4194698705063331
2022-10-13 00:00:00+00:00,MRK,lightgbm_quantile,nonsentiment,20,difference,92.48999786376952,90.29597835434251,2.194019509427008,2.194019509427008
2022-10-14 00:00:00+00:00,MRK,lightgbm_quantile,nonsentiment,20,difference,92.18000030517578,92.12271170048433,0.05728860469145047,0.05728860469145047
2022-10-17 00:00:00+00:00,MRK,lightgbm_quantile,nonsentiment,20,difference,94.12000274658205,92.09673550694417,2.0232672396378746,2.0232672396378746
2022-10-18 00:00:00+00:00,MRK,lightgbm_quantile,nonsentiment,20,difference,94.61000061035156,94.16280171349217,0.4471988968593905,0.4471988968593905
2022-10-19 00:00:00+00:00,MRK,lightgbm_quantile,nonsentiment,20,difference,93.26000213623048,94.7300283830301,-1.4700262467996197,1.4700262467996197
2022-10-20 00:00:00+00:00,MRK,lightgbm_quantile,nonsentiment,20,difference,92.94000244140624,92.94636076325985,-0.00635832185361096,0.00635832185361096
2022-10-21 00:00:00+00:00,MRK,lightgbm_quantile,nonsentiment,20,difference,95.66999816894533,92.60584839368589,3.0641497752594375,3.0641497752594375
2022-10-24 00:00:00+00:00,MRK,lightgbm_quantile,nonsentiment,20,difference,97.37000274658205,95.26993796227228,2.1000647843097653,2.1000647843097653
2022-10-25 00:00:00+00:00,MRK,lightgbm_quantile,nonsentiment,20,difference,97.70999908447266,97.46674208122612,0.24325700324654065,0.24325700324654065
2022-10-26 00:00:00+00:00,MRK,lightgbm_quantile,nonsentiment,20,difference,98.41000366210938,97.82701737034596,0.5829862917634188,0.5829862917634188
2022-10-27 00:00:00+00:00,MRK,lightgbm_quantile,nonsentiment,20,difference,99.73999786376952,98.25261441844857,1.487383445320944,1.487383445320944
2022-10-28 00:00:00+00:00,MRK,lightgbm_quantile,nonsentiment,20,difference,100.7699966430664,99.31903861445761,1.4509580286087953,1.4509580286087953
2022-10-31 00:00:00+00:00,MRK,lightgbm_quantile,nonsentiment,20,difference,101.1999969482422,100.52440474191349,0.6755922063287159,0.6755922063287159
2022-11-01 00:00:00+00:00,MRK,lightgbm_quantile,nonsentiment,20,difference,99.76000213623048,101.02194872300473,-1.2619465867742434,1.2619465867742434
2022-11-02 00:00:00+00:00,MRK,lightgbm_quantile,nonsentiment,20,difference,99.4000015258789,99.74555276681997,-0.34555124094106304,0.34555124094106304
2022-11-03 00:00:00+00:00,MRK,lightgbm_quantile,nonsentiment,20,difference,98.75,99.3321726321455,-0.5821726321455003,0.5821726321455003
2022-11-04 00:00:00+00:00,MRK,lightgbm_quantile,nonsentiment,20,difference,99.1999969482422,98.51331796720876,0.6866789810334382,0.6866789810334382
2022-11-07 00:00:00+00:00,MRK,lightgbm_quantile,nonsentiment,20,difference,100.06999969482422,98.81948105651924,1.2505186383049818,1.2505186383049818
2022-11-08 00:00:00+00:00,MRK,lightgbm_quantile,nonsentiment,20,difference,101.5,99.67553106784781,1.824468932152186,1.824468932152186
2022-11-09 00:00:00+00:00,MRK,lightgbm_quantile,nonsentiment,20,difference,101.58999633789062,101.19253696804304,0.39745936984758146,0.39745936984758146
2022-11-10 00:00:00+00:00,MRK,lightgbm_quantile,nonsentiment,20,difference,101.88999938964844,101.28181566169695,0.6081837279514843,0.6081837279514843
2022-11-11 00:00:00+00:00,MRK,lightgbm_quantile,nonsentiment,20,difference,97.95999908447266,101.4887271613974,-3.52872807692475,3.52872807692475
2022-11-14 00:00:00+00:00,MRK,lightgbm_quantile,nonsentiment,20,difference,100.3499984741211,97.56772126142272,2.782277212698375,2.782277212698375
2022-11-15 00:00:00+00:00,MRK,lightgbm_quantile,nonsentiment,20,difference,99.5999984741211,99.81271296376893,-0.212714489647837,0.212714489647837
2022-11-16 00:00:00+00:00,MRK,lightgbm_quantile,nonsentiment,20,difference,99.93000030517578,99.37836368182992,0.551636623345857,0.551636623345857
2022-11-17 00:00:00+00:00,MRK,lightgbm_quantile,nonsentiment,20,difference,102.30999755859376,99.74128330470232,2.568714253891443,2.568714253891443
2022-11-18 00:00:00+00:00,MRK,lightgbm_quantile,nonsentiment,20,difference,104.2300033569336,101.93193467873041,2.2980686782031796,2.2980686782031796
2022-11-21 00:00:00+00:00,MRK,lightgbm_quantile,nonsentiment,20,difference,105.61000061035156,103.85763620846907,1.7523644018824882,1.7523644018824882
2022-11-22 00:00:00+00:00,MRK,lightgbm_quantile,nonsentiment,20,difference,106.9000015258789,105.44335018252944,1.4566513433494634,1.4566513433494634
2022-11-23 00:00:00+00:00,MRK,lightgbm_quantile,nonsentiment,20,difference,106.81999969482422,106.53068994511975,0.2893097497044721,0.2893097497044721
2022-11-25 00:00:00+00:00,MRK,lightgbm_quantile,nonsentiment,20,difference,107.5,106.59067629447185,0.909323705528152,0.909323705528152
2022-11-28 00:00:00+00:00,MRK,lightgbm_quantile,nonsentiment,20,difference,108.4499969482422,107.156992602421,1.2930043458212026,1.2930043458212026
2022-11-29 00:00:00+00:00,MRK,lightgbm_quantile,nonsentiment,20,difference,108.83999633789062,108.21283989622417,0.6271564416664575,0.6271564416664575
2022-11-30 00:00:00+00:00,MRK,lightgbm_quantile,nonsentiment,20,difference,110.12000274658205,108.61326959502365,1.506733151558393,1.506733151558393
2022-12-01 00:00:00+00:00,MRK,lightgbm_quantile,nonsentiment,20,difference,109.8000030517578,109.80219466850824,-0.0021916167504372197,0.0021916167504372197
2022-12-02 00:00:00+00:00,MRK,lightgbm_quantile,nonsentiment,20,difference,110.04000091552734,109.49139155802766,0.5486093574996858,0.5486093574996858
2022-12-05 00:00:00+00:00,MRK,lightgbm_quantile,nonsentiment,20,difference,110.01000213623048,109.82744959146095,0.18255254476953553,0.18255254476953553
2022-12-06 00:00:00+00:00,MRK,lightgbm_quantile,nonsentiment,20,difference,108.93000030517578,109.75607983185154,-0.8260795266757555,0.8260795266757555
2022-12-07 00:00:00+00:00,MRK,lightgbm_quantile,nonsentiment,20,difference,110.08999633789062,108.53769283588238,1.5523035020082432,1.5523035020082432
2022-12-08 00:00:00+00:00,MRK,lightgbm_quantile,nonsentiment,20,difference,110.8499984741211,109.96368561719135,0.8863128569297487,0.8863128569297487
2022-12-09 00:00:00+00:00,MRK,lightgbm_quantile,nonsentiment,20,difference,108.77999877929688,110.82217647027254,-2.042177690975663,2.042177690975663
2022-12-12 00:00:00+00:00,MRK,lightgbm_quantile,nonsentiment,20,difference,108.97000122070312,108.49447986641668,0.4755213542864425,0.4755213542864425
2022-12-13 00:00:00+00:00,MRK,lightgbm_quantile,nonsentiment,20,difference,110.91000366210938,108.67803125703453,2.231972405074842,2.231972405074842
2022-12-14 00:00:00+00:00,MRK,lightgbm_quantile,nonsentiment,20,difference,111.5500030517578,110.56688422008409,0.983118831673707,0.983118831673707
2022-12-15 00:00:00+00:00,MRK,lightgbm_quantile,nonsentiment,20,difference,109.62999725341795,111.33648747006279,-1.7064902166448377,1.7064902166448377
2022-12-16 00:00:00+00:00,MRK,lightgbm_quantile,nonsentiment,20,difference,109.1999969482422,109.41407534169798,-0.21407839345577884,0.21407839345577884
2022-12-19 00:00:00+00:00,MRK,lightgbm_quantile,nonsentiment,20,difference,109.44000244140624,108.75380900656839,0.6861934348378469,0.6861934348378469
2022-12-20 00:00:00+00:00,MRK,lightgbm_quantile,nonsentiment,20,difference,109.70999908447266,109.15504285159626,0.5549562328763926,0.5549562328763926
2022-12-21 00:00:00+00:00,MRK,lightgbm_quantile,nonsentiment,20,difference,111.11000061035156,109.61896235355958,1.491038256791981,1.491038256791981
2022-12-22 00:00:00+00:00,MRK,lightgbm_quantile,nonsentiment,20,difference,111.23999786376952,111.1158473999684,0.12415046380111505,0.12415046380111505
2022-12-23 00:00:00+00:00,MRK,lightgbm_quantile,nonsentiment,20,difference,111.86000061035156,111.01689975278836,0.8431008575632006,0.8431008575632006
2022-12-27 00:00:00+00:00,MRK,lightgbm_quantile,nonsentiment,20,difference,112.12000274658205,111.61506415276052,0.504938593821521,0.504938593821521
2022-12-28 00:00:00+00:00,MRK,lightgbm_quantile,nonsentiment,20,difference,111.08000183105467,111.7154754925791,-0.6354736615244292,0.6354736615244292
2022-12-29 00:00:00+00:00,MRK,lightgbm_quantile,nonsentiment,20,difference,110.81999969482422,110.65544532477661,0.1645543700476111,0.1645543700476111
2022-12-30 00:00:00+00:00,MRK,lightgbm_quantile,nonsentiment,20,difference,110.9499969482422,110.40457131965337,0.5454256285888306,0.5454256285888306
2023-01-03 00:00:00+00:00,MRK,lightgbm_quantile,nonsentiment,20,difference,111.13999938964844,110.69354110563687,0.4464582840115696,0.4464582840115696
2023-01-04 00:00:00+00:00,MRK,lightgbm_quantile,nonsentiment,20,difference,112.08000183105467,111.05998230827116,1.0200195227835138,1.0200195227835138
2023-01-05 00:00:00+00:00,MRK,lightgbm_quantile,nonsentiment,20,difference,113.63999938964844,112.14246856684063,1.4975308228078035,1.4975308228078035
2023-01-06 00:00:00+00:00,MRK,lightgbm_quantile,nonsentiment,20,difference,114.83999633789062,113.42991018339875,1.4100861544918786,1.4100861544918786
2023-01-09 00:00:00+00:00,MRK,lightgbm_quantile,nonsentiment,20,difference,110.37999725341795,114.85986411616734,-4.47986686274939,4.47986686274939
2023-01-10 00:00:00+00:00,MRK,lightgbm_quantile,nonsentiment,20,difference,110.80999755859376,110.34318042673306,0.46681713186070795,0.46681713186070795
2023-01-11 00:00:00+00:00,MRK,lightgbm_quantile,nonsentiment,20,difference,111.06999969482422,110.54314775005626,0.5268519447679552,0.5268519447679552
2023-01-12 00:00:00+00:00,MRK,lightgbm_quantile,nonsentiment,20,difference,111.7699966430664,110.93912828056762,0.8308683624987907,0.8308683624987907
2023-01-13 00:00:00+00:00,MRK,lightgbm_quantile,nonsentiment,20,difference,112.25,111.66071782675236,0.5892821732476392,0.5892821732476392
2023-01-17 00:00:00+00:00,MRK,lightgbm_quantile,nonsentiment,20,difference,110.4499969482422,111.95591466836116,-1.5059177201189584,1.5059177201189584
2023-01-18 00:00:00+00:00,MRK,lightgbm_quantile,nonsentiment,20,difference,108.79000091552734,110.20560534747491,-1.4156044319475711,1.4156044319475711
2023-01-19 00:00:00+00:00,MRK,lightgbm_quantile,nonsentiment,20,difference,109.9000015258789,108.7441434238897,1.1558581019892102,1.1558581019892102
2023-01-20 00:00:00+00:00,MRK,lightgbm_quantile,nonsentiment,20,difference,109.94000244140624,109.71265150805719,0.22735093334904377,0.22735093334904377
2023-01-23 00:00:00+00:00,MRK,lightgbm_quantile,nonsentiment,20,difference,109.87999725341795,109.6518783355671,0.2281189178508498,0.2281189178508498
2023-01-24 00:00:00+00:00,MRK,lightgbm_quantile,nonsentiment,20,difference,108.5199966430664,109.46514989787282,-0.9451532548064137,0.9451532548064137
2023-01-25 00:00:00+00:00,MRK,lightgbm_quantile,nonsentiment,20,difference,108.58999633789062,108.40860266614844,0.18139367174218535,0.18139367174218535
2023-01-26 00:00:00+00:00,MRK,lightgbm_quantile,nonsentiment,20,difference,106.87000274658205,108.57038746319235,-1.7003847166103014,1.7003847166103014
2023-01-27 00:00:00+00:00,MRK,lightgbm_quantile,nonsentiment,20,difference,105.37999725341795,106.68122160544017,-1.301224352022217,1.301224352022217
2023-01-30 00:00:00+00:00,MRK,lightgbm_quantile,nonsentiment,20,difference,106.08999633789062,105.29784364452199,0.7921526933686351,0.7921526933686351
2023-01-31 00:00:00+00:00,MRK,lightgbm_quantile,nonsentiment,20,difference,107.41000366210938,106.0615581809377,1.3484454811716802,1.3484454811716802
2023-02-01 00:00:00+00:00,MRK,lightgbm_quantile,nonsentiment,20,difference,106.9800033569336,107.07850469819836,-0.09850134126476462,0.09850134126476462
2023-02-02 00:00:00+00:00,MRK,lightgbm_quantile,nonsentiment,20,difference,103.45999908447266,106.6969859759321,-3.2369868914594377,3.2369868914594377
2023-02-03 00:00:00+00:00,MRK,lightgbm_quantile,nonsentiment,20,difference,102.94000244140624,103.32501134053825,-0.38500889913201775,0.38500889913201775
2023-02-06 00:00:00+00:00,MRK,lightgbm_quantile,nonsentiment,20,difference,104.02999877929688,102.73815075359148,1.2918480257053915,1.2918480257053915
2023-02-07 00:00:00+00:00,MRK,lightgbm_quantile,nonsentiment,20,difference,105.68000030517578,103.78365433399779,1.8963459711779933,1.8963459711779933
2023-02-08 00:00:00+00:00,MRK,lightgbm_quantile,nonsentiment,20,difference,106.63999938964844,105.35347058277132,1.286528806877115,1.286528806877115
2023-02-09 00:00:00+00:00,MRK,lightgbm_quantile,nonsentiment,20,difference,106.72000122070312,106.34958632664888,0.37041489405424954,0.37041489405424954
2023-02-10 00:00:00+00:00,MRK,lightgbm_quantile,nonsentiment,20,difference,108.56999969482422,106.527039741273,2.042959953551218,2.042959953551218
2023-02-13 00:00:00+00:00,MRK,lightgbm_quantile,nonsentiment,20,difference,109.5500030517578,108.58241493839527,0.9675881133625239,0.9675881133625239
2023-02-14 00:00:00+00:00,MRK,lightgbm_quantile,nonsentiment,20,difference,108.73999786376952,109.33114373813629,-0.5911458743667737,0.5911458743667737
2023-02-15 00:00:00+00:00,MRK,lightgbm_quantile,nonsentiment,20,difference,107.68000030517578,108.43848905087079,-0.7584887456950042,0.7584887456950042
2023-02-16 00:00:00+00:00,MRK,lightgbm_quantile,nonsentiment,20,difference,106.51000213623048,107.44947023130499,-0.9394680950745027,0.9394680950745027
2023-02-17 00:00:00+00:00,MRK,lightgbm_quantile,nonsentiment,20,difference,109.5199966430664,106.09183207173696,3.4281645713294466,3.4281645713294466
2023-02-21 00:00:00+00:00,MRK,lightgbm_quantile,nonsentiment,20,difference,109.06999969482422,109.16993639717138,-0.0999367023471649,0.0999367023471649
2023-02-22 00:00:00+00:00,MRK,lightgbm_quantile,nonsentiment,20,difference,109.16000366210938,108.90160030751835,0.2584033545910245,0.2584033545910245
2023-02-23 00:00:00+00:00,MRK,lightgbm_quantile,nonsentiment,20,difference,110.58999633789062,108.96354580227475,1.6264505356158736,1.6264505356158736
2023-02-24 00:00:00+00:00,MRK,lightgbm_quantile,nonsentiment,20,difference,109.88999938964844,110.28602566933756,-0.3960262796891243,0.3960262796891243
2023-02-27 00:00:00+00:00,MRK,lightgbm_quantile,nonsentiment,20,difference,109.36000061035156,109.7532281655565,-0.39322755520493047,0.39322755520493047
2023-02-28 00:00:00+00:00,MRK,lightgbm_quantile,nonsentiment,20,difference,106.23999786376952,109.4078951022036,-3.1678972384340796,3.1678972384340796
2023-03-01 00:00:00+00:00,MRK,lightgbm_quantile,nonsentiment,20,difference,106.6500015258789,106.12622285252186,0.5237786733570431,0.5237786733570431
2023-03-02 00:00:00+00:00,MRK,lightgbm_quantile,nonsentiment,20,difference,107.01000213623048,106.27379024025602,0.7362118959744635,0.7362118959744635
2023-03-03 00:00:00+00:00,MRK,lightgbm_quantile,nonsentiment,20,difference,106.87999725341795,106.74376655388349,0.13623069953446532,0.13623069953446532
2023-03-06 00:00:00+00:00,MRK,lightgbm_quantile,nonsentiment,20,difference,111.0999984741211,106.50754080620911,4.592457667911987,4.592457667911987
2023-03-07 00:00:00+00:00,MRK,lightgbm_quantile,nonsentiment,20,difference,111.2699966430664,110.66894069736226,0.6010559457041467,0.6010559457041467
2023-03-08 00:00:00+00:00,MRK,lightgbm_quantile,nonsentiment,20,difference,108.27999877929688,111.22682625882031,-2.946827479523435,2.946827479523435
2023-03-09 00:00:00+00:00,MRK,lightgbm_quantile,nonsentiment,20,difference,107.5999984741211,108.06569396958562,-0.46569549546453004,0.46569549546453004
2023-03-10 00:00:00+00:00,MRK,lightgbm_quantile,nonsentiment,20,difference,107.69000244140624,107.24623821386288,0.44376422754335465,0.44376422754335465
2023-03-13 00:00:00+00:00,MRK,lightgbm_quantile,nonsentiment,20,difference,105.7300033569336,107.47902062681295,-1.74901726987936,1.74901726987936
2023-03-14 00:00:00+00:00,MRK,lightgbm_quantile,nonsentiment,20,difference,106.97000122070312,105.59514802697015,1.3748531937329744,1.3748531937329744
2023-03-15 00:00:00+00:00,MRK,lightgbm_quantile,nonsentiment,20,difference,107.62999725341795,106.78483798270157,0.8451592707163798,0.8451592707163798
2023-03-16 00:00:00+00:00,MRK,lightgbm_quantile,nonsentiment,20,difference,107.33999633789062,107.48573098590666,-0.1457346480160311,0.1457346480160311
2023-03-17 00:00:00+00:00,MRK,lightgbm_quantile,nonsentiment,20,difference,104.0999984741211,107.06863947540663,-2.9686410012855333,2.9686410012855333
2023-03-20 00:00:00+00:00,MRK,lightgbm_quantile,nonsentiment,20,difference,105.8499984741211,103.55612075175112,2.2938777223699702,2.2938777223699702
2023-03-21 00:00:00+00:00,MRK,lightgbm_quantile,nonsentiment,20,difference,105.54000091552734,105.84255356494744,-0.3025526494200932,0.3025526494200932
2023-03-22 00:00:00+00:00,MRK,lightgbm_quantile,nonsentiment,20,difference,104.4000015258789,105.39183940955942,-0.9918378836805175,0.9918378836805175
2023-03-23 00:00:00+00:00,MRK,lightgbm_quantile,nonsentiment,20,difference,104.2300033569336,104.18956915399498,0.040434202938612884,0.040434202938612884
2023-03-24 00:00:00+00:00,MRK,lightgbm_quantile,nonsentiment,20,difference,104.8000030517578,103.98644649777873,0.813556553979069,0.813556553979069
2023-03-27 00:00:00+00:00,MRK,lightgbm_quantile,nonsentiment,20,difference,106.93000030517578,104.52337772627239,2.406622578903395,2.406622578903395
2023-03-28 00:00:00+00:00,MRK,lightgbm_quantile,nonsentiment,20,difference,105.52999877929688,106.57084408767494,-1.040845308378067,1.040845308378067
2023-03-29 00:00:00+00:00,MRK,lightgbm_quantile,nonsentiment,20,difference,104.91999816894533,105.43373227719884,-0.5137341082535158,0.5137341082535158
2023-03-30 00:00:00+00:00,MRK,lightgbm_quantile,nonsentiment,20,difference,105.91999816894533,104.93704347578151,0.9829546931638191,0.9829546931638191
2023-03-31 00:00:00+00:00,MRK,lightgbm_quantile,nonsentiment,20,difference,106.38999938964844,105.79403977230868,0.5959596173397586,0.5959596173397586
2023-04-03 00:00:00+00:00,MRK,lightgbm_quantile,nonsentiment,20,difference,108.87000274658205,106.0180951851239,2.851907561458148,2.851907561458148
2023-04-04 00:00:00+00:00,MRK,lightgbm_quantile,nonsentiment,20,difference,108.83000183105467,108.42139163006817,0.4086102009865016,0.4086102009865016
2023-04-05 00:00:00+00:00,MRK,lightgbm_quantile,nonsentiment,20,difference,111.91000366210938,108.61615612357359,3.293847538535786,3.293847538535786
2023-04-06 00:00:00+00:00,MRK,lightgbm_quantile,nonsentiment,20,difference,112.33000183105467,111.71790734588978,0.6120944851648886,0.6120944851648886
2023-04-10 00:00:00+00:00,MRK,lightgbm_quantile,nonsentiment,20,difference,112.61000061035156,112.14547446914736,0.4645261412042032,0.4645261412042032
2023-04-11 00:00:00+00:00,MRK,lightgbm_quantile,nonsentiment,20,difference,112.48999786376952,112.32549744730824,0.16450041646128,0.16450041646128
2023-04-12 00:00:00+00:00,MRK,lightgbm_quantile,nonsentiment,20,difference,113.75,112.23515909276739,1.5148409072326103,1.5148409072326103
2023-04-13 00:00:00+00:00,MRK,lightgbm_quantile,nonsentiment,20,difference,115.58000183105467,113.51615612873404,2.0638457023206342,2.0638457023206342
2023-04-14 00:00:00+00:00,MRK,lightgbm_quantile,nonsentiment,20,difference,115.30999755859376,115.48467127542922,-0.17467371683545707,0.17467371683545707
2023-04-17 00:00:00+00:00,MRK,lightgbm_quantile,nonsentiment,20,difference,115.01000213623048,115.03115884038931,-0.021156704158826756,0.021156704158826756
2023-04-18 00:00:00+00:00,MRK,lightgbm_quantile,nonsentiment,20,difference,114.83000183105467,114.64948624917986,0.18051558187481476,0.18051558187481476
2023-04-19 00:00:00+00:00,MRK,lightgbm_quantile,nonsentiment,20,difference,114.12999725341795,114.42829840368725,-0.29830115026929604,0.29830115026929604
2023-04-20 00:00:00+00:00,MRK,lightgbm_quantile,nonsentiment,20,difference,114.16999816894533,114.1115684359838,0.0584297329615282,0.0584297329615282
2023-04-21 00:00:00+00:00,MRK,lightgbm_quantile,nonsentiment,20,difference,115.37000274658205,114.04443863479679,1.3255641117852548,1.3255641117852548
2023-04-24 00:00:00+00:00,MRK,lightgbm_quantile,nonsentiment,20,difference,115.94000244140624,115.23021235616702,0.70979008523922,0.70979008523922
2023-04-25 00:00:00+00:00,MRK,lightgbm_quantile,nonsentiment,20,difference,116.52999877929688,115.71359538573464,0.8164033935622399,0.8164033935622399
2023-04-26 00:00:00+00:00,MRK,lightgbm_quantile,nonsentiment,20,difference,113.43000030517578,116.42878929699235,-2.9987889918165678,2.9987889918165678
2023-04-27 00:00:00+00:00,MRK,lightgbm_quantile,nonsentiment,20,difference,115.16000366210938,113.29259341751914,1.867410244590232,1.867410244590232
2023-04-28 00:00:00+00:00,MRK,lightgbm_quantile,nonsentiment,20,difference,115.47000122070312,114.92002856340041,0.5499726573027175,0.5499726573027175
2023-05-01 00:00:00+00:00,MRK,lightgbm_quantile,nonsentiment,20,difference,116.33999633789062,115.17615663628425,1.1638397016063777,1.1638397016063777
2023-05-02 00:00:00+00:00,MRK,lightgbm_quantile,nonsentiment,20,difference,117.88999938964844,116.0234498821033,1.8665495075451446,1.8665495075451446
2023-05-03 00:00:00+00:00,MRK,lightgbm_quantile,nonsentiment,20,difference,118.22000122070312,117.74062287195439,0.47937834874873886,0.47937834874873886
2023-05-04 00:00:00+00:00,MRK,lightgbm_quantile,nonsentiment,20,difference,117.37000274658205,118.10693809139242,-0.7369353448103766,0.7369353448103766
2023-05-05 00:00:00+00:00,MRK,lightgbm_quantile,nonsentiment,20,difference,117.68000030517578,117.06182622810243,0.6181740770733484,0.6181740770733484
2023-05-08 00:00:00+00:00,MRK,lightgbm_quantile,nonsentiment,20,difference,118.37999725341795,117.67532167045864,0.704675582959311,0.704675582959311
2023-05-09 00:00:00+00:00,MRK,lightgbm_quantile,nonsentiment,20,difference,117.43000030517578,118.0034954919591,-0.5734951867833189,0.5734951867833189
2023-05-10 00:00:00+00:00,MRK,lightgbm_quantile,nonsentiment,20,difference,117.9000015258789,117.38627202620522,0.513729499673687,0.513729499673687
2023-05-11 00:00:00+00:00,MRK,lightgbm_quantile,nonsentiment,20,difference,117.5500030517578,117.60574058258341,-0.05573753082560984,0.05573753082560984
2023-05-12 00:00:00+00:00,MRK,lightgbm_quantile,nonsentiment,20,difference,117.13999938964844,117.16543754956898,-0.025438159920540215,0.025438159920540215
2023-05-15 00:00:00+00:00,MRK,lightgbm_quantile,nonsentiment,20,difference,116.37000274658205,117.06141282136787,-0.6914100747858214,0.6914100747858214
2023-05-16 00:00:00+00:00,MRK,lightgbm_quantile,nonsentiment,20,difference,116.08000183105467,116.29164139069388,-0.21163955963920955,0.21163955963920955
2023-05-17 00:00:00+00:00,MRK,lightgbm_quantile,nonsentiment,20,difference,114.76000213623048,115.79381889920035,-1.0338167629698631,1.0338167629698631
2023-05-18 00:00:00+00:00,MRK,lightgbm_quantile,nonsentiment,20,difference,114.0,114.82865826121052,-0.8286582612105207,0.8286582612105207
2023-05-19 00:00:00+00:00,MRK,lightgbm_quantile,nonsentiment,20,difference,115.48999786376952,114.03135434327235,1.4586435204971622,1.4586435204971622
2023-05-22 00:00:00+00:00,MRK,lightgbm_quantile,nonsentiment,20,difference,114.48999786376952,115.35809049541344,-0.8680926316439184,0.8680926316439184
2023-05-23 00:00:00+00:00,MRK,lightgbm_quantile,nonsentiment,20,difference,113.2699966430664,114.45769960241056,-1.1877029593441506,1.1877029593441506
2023-05-24 00:00:00+00:00,MRK,lightgbm_quantile,nonsentiment,20,difference,113.5999984741211,113.08730439123157,0.5126940828895243,0.5126940828895243
2023-05-25 00:00:00+00:00,MRK,lightgbm_quantile,nonsentiment,20,difference,112.3000030517578,113.12391739772788,-0.8239143459700813,0.8239143459700813
2023-05-26 00:00:00+00:00,MRK,lightgbm_quantile,nonsentiment,20,difference,111.06999969482422,111.87164429645516,-0.8016446016309402,0.8016446016309402
2023-05-30 00:00:00+00:00,MRK,lightgbm_quantile,nonsentiment,20,difference,109.16999816894533,110.61459395138372,-1.4445957824383981,1.4445957824383981
2023-05-31 00:00:00+00:00,MRK,lightgbm_quantile,nonsentiment,20,difference,110.41000366210938,108.92554176293812,1.4844618991712508,1.4844618991712508
2023-06-01 00:00:00+00:00,MRK,lightgbm_quantile,nonsentiment,20,difference,110.93000030517578,110.1046526915701,0.8253476136056861,0.8253476136056861
2023-06-02 00:00:00+00:00,MRK,lightgbm_quantile,nonsentiment,20,difference,112.5199966430664,110.889033030812,1.630963612254405,1.630963612254405
2023-06-05 00:00:00+00:00,MRK,lightgbm_quantile,nonsentiment,20,difference,113.11000061035156,112.23239493025373,0.8776056800978296,0.8776056800978296
2023-06-06 00:00:00+00:00,MRK,lightgbm_quantile,nonsentiment,20,difference,110.01000213623048,112.85743466614717,-2.847432529916688,2.847432529916688
2023-06-07 00:00:00+00:00,MRK,lightgbm_quantile,nonsentiment,20,difference,108.61000061035156,109.71221114861251,-1.1022105382609482,1.1022105382609482
2023-06-08 00:00:00+00:00,MRK,lightgbm_quantile,nonsentiment,20,difference,110.31999969482422,108.65715413690239,1.6628455579218269,1.6628455579218269
2023-06-09 00:00:00+00:00,MRK,lightgbm_quantile,nonsentiment,20,difference,110.70999908447266,110.2626118103921,0.4473872740805547,0.4473872740805547
2023-06-12 00:00:00+00:00,MRK,lightgbm_quantile,nonsentiment,20,difference,109.86000061035156,110.60746741290994,-0.7474668025583782,0.7474668025583782
2023-06-13 00:00:00+00:00,MRK,lightgbm_quantile,nonsentiment,20,difference,109.98999786376952,109.59534060554108,0.39465725822843467,0.39465725822843467
2023-06-14 00:00:00+00:00,MRK,lightgbm_quantile,nonsentiment,20,difference,108.66000366210938,109.58233343812938,-0.9223297760200069,0.9223297760200069
2023-06-15 00:00:00+00:00,MRK,lightgbm_quantile,nonsentiment,20,difference,109.4000015258789,108.43772699876448,0.9622745271144311,0.9622745271144311
2023-06-16 00:00:00+00:00,MRK,lightgbm_quantile,nonsentiment,20,difference,109.31999969482422,109.32549278630772,-0.005493091483501189,0.005493091483501189
2023-06-20 00:00:00+00:00,MRK,lightgbm_quantile,nonsentiment,20,difference,110.2300033569336,108.93452795501355,1.2954754019200436,1.2954754019200436
2023-06-21 00:00:00+00:00,MRK,lightgbm_quantile,nonsentiment,20,difference,111.16000366210938,110.07539206871158,1.0846115933977956,1.0846115933977956
2023-06-22 00:00:00+00:00,MRK,lightgbm_quantile,nonsentiment,20,difference,113.72000122070312,111.055754463368,2.664246757335121,2.664246757335121
2023-06-23 00:00:00+00:00,MRK,lightgbm_quantile,nonsentiment,20,difference,114.5999984741211,113.36901901252448,1.2309794615966183,1.2309794615966183
2023-06-26 00:00:00+00:00,MRK,lightgbm_quantile,nonsentiment,20,difference,113.08000183105467,114.49578656111407,-1.4157847300594,1.4157847300594
2023-06-27 00:00:00+00:00,MRK,lightgbm_quantile,nonsentiment,20,difference,113.31999969482422,113.20241069890847,0.117588995915753,0.117588995915753
2023-06-28 00:00:00+00:00,MRK,lightgbm_quantile,nonsentiment,20,difference,112.44000244140624,113.09945704580791,-0.6594546044016738,0.6594546044016738
2023-06-29 00:00:00+00:00,MRK,lightgbm_quantile,nonsentiment,20,difference,113.54000091552734,112.04758751312288,1.4924134024044662,1.4924134024044662
2023-06-30 00:00:00+00:00,MRK,lightgbm_quantile,nonsentiment,20,difference,115.38999938964844,113.36691934847882,2.023080041169621,2.023080041169621
2023-07-03 00:00:00+00:00,MRK,lightgbm_quantile,nonsentiment,20,difference,114.33000183105467,115.1169885793392,-0.7869867482845336,0.7869867482845336
2023-07-05 00:00:00+00:00,MRK,lightgbm_quantile,nonsentiment,20,difference,113.6999969482422,114.38246929147513,-0.6824723432329307,0.6824723432329307
2023-07-06 00:00:00+00:00,MRK,lightgbm_quantile,nonsentiment,20,difference,111.75,113.43144694141208,-1.6814469414120765,1.6814469414120765
2023-07-07 00:00:00+00:00,MRK,lightgbm_quantile,nonsentiment,20,difference,109.0,111.43148398631475,-2.4314839863147455,2.4314839863147455
2023-07-10 00:00:00+00:00,MRK,lightgbm_quantile,nonsentiment,20,difference,109.95999908447266,108.45256361728137,1.5074354671912857,1.5074354671912857
2023-07-11 00:00:00+00:00,MRK,lightgbm_quantile,nonsentiment,20,difference,108.6999969482422,110.06223628453333,-1.3622393362911254,1.3622393362911254
2023-07-12 00:00:00+00:00,MRK,lightgbm_quantile,nonsentiment,20,difference,107.47000122070312,108.55041021626036,-1.0804089955572351,1.0804089955572351
2023-07-13 00:00:00+00:00,MRK,lightgbm_quantile,nonsentiment,20,difference,106.31999969482422,107.3280611126427,-1.0080614178184817,1.0080614178184817
2023-07-14 00:00:00+00:00,MRK,lightgbm_quantile,nonsentiment,20,difference,107.33999633789062,106.36358466252999,0.9764116753606373,0.9764116753606373
2023-07-17 00:00:00+00:00,MRK,lightgbm_quantile,nonsentiment,20,difference,105.56999969482422,107.2767815564281,-1.7067818616038863,1.7067818616038863
2023-07-18 00:00:00+00:00,MRK,lightgbm_quantile,nonsentiment,20,difference,105.9499969482422,105.29298573358616,0.6570112146560376,0.6570112146560376
2023-07-19 00:00:00+00:00,MRK,lightgbm_quantile,nonsentiment,20,difference,105.9499969482422,105.64176896882016,0.3082279794220426,0.3082279794220426
2023-07-20 00:00:00+00:00,MRK,lightgbm_quantile,nonsentiment,20,difference,108.45999908447266,106.117061280356,2.3429378041166586,2.3429378041166586
2023-07-21 00:00:00+00:00,MRK,lightgbm_quantile,nonsentiment,20,difference,110.38999938964844,108.09762515194444,2.2923742377039957,2.2923742377039957
2023-07-24 00:00:00+00:00,MRK,lightgbm_quantile,nonsentiment,20,difference,108.79000091552734,109.9523733085662,-1.1623723930388508,1.1623723930388508
2023-07-25 00:00:00+00:00,MRK,lightgbm_quantile,nonsentiment,20,difference,107.52999877929688,108.48073616587477,-0.9507373865778987,0.9507373865778987
2023-07-26 00:00:00+00:00,MRK,lightgbm_quantile,nonsentiment,20,difference,107.13999938964844,107.30805219574025,-0.16805280609180784,0.16805280609180784
2023-07-27 00:00:00+00:00,MRK,lightgbm_quantile,nonsentiment,20,difference,105.2699966430664,106.75062479440405,-1.4806281513376405,1.4806281513376405
2023-07-28 00:00:00+00:00,MRK,lightgbm_quantile,nonsentiment,20,difference,106.33999633789062,105.19742237181794,1.142573966072689,1.142573966072689
2023-07-31 00:00:00+00:00,MRK,lightgbm_quantile,nonsentiment,20,difference,106.6500015258789,106.2156020497188,0.43439947616010954,0.43439947616010954
2023-08-01 00:00:00+00:00,MRK,lightgbm_quantile,nonsentiment,20,difference,105.27999877929688,106.411020519318,-1.1310217400211258,1.1310217400211258
2023-08-02 00:00:00+00:00,MRK,lightgbm_quantile,nonsentiment,20,difference,105.6999969482422,105.3071245556242,0.39287239261800266,0.39287239261800266
2023-08-03 00:00:00+00:00,MRK,lightgbm_quantile,nonsentiment,20,difference,105.7300033569336,105.5545089828848,0.17549437404879598,0.17549437404879598
2023-08-04 00:00:00+00:00,MRK,lightgbm_quantile,nonsentiment,20,difference,105.0,105.48670552477815,-0.4867055247781451,0.4867055247781451
2023-08-07 00:00:00+00:00,MRK,lightgbm_quantile,nonsentiment,20,difference,106.08999633789062,104.83935774962225,1.250638588268373,1.250638588268373
2023-08-08 00:00:00+00:00,MRK,lightgbm_quantile,nonsentiment,20,difference,106.41000366210938,105.87085276912323,0.539150892986143,0.539150892986143
2023-08-09 00:00:00+00:00,MRK,lightgbm_quantile,nonsentiment,20,difference,106.0999984741211,106.21297854432842,-0.11298007020732825,0.11298007020732825
2023-08-10 00:00:00+00:00,MRK,lightgbm_quantile,nonsentiment,20,difference,105.56999969482422,105.78259574630886,-0.21259605148463834,0.21259605148463834
2023-08-11 00:00:00+00:00,MRK,lightgbm_quantile,nonsentiment,20,difference,107.44000244140624,105.4042123499252,2.035790091481033,2.035790091481033
2023-08-14 00:00:00+00:00,MRK,lightgbm_quantile,nonsentiment,20,difference,108.91000366210938,107.20385598119263,1.706147680916743,1.706147680916743
2023-08-15 00:00:00+00:00,MRK,lightgbm_quantile,nonsentiment,20,difference,108.66000366210938,108.78904334746817,-0.12903968535879073,0.12903968535879073
2023-08-16 00:00:00+00:00,MRK,lightgbm_quantile,nonsentiment,20,difference,108.7300033569336,108.5059555612648,0.2240477956687954,0.2240477956687954
2023-08-17 00:00:00+00:00,MRK,lightgbm_quantile,nonsentiment,20,difference,108.91999816894533,108.43717179820806,0.4828263707372713,0.4828263707372713
2023-08-18 00:00:00+00:00,MRK,lightgbm_quantile,nonsentiment,20,difference,109.1999969482422,108.57891856480794,0.6210783834342664,0.6210783834342664
2023-08-21 00:00:00+00:00,MRK,lightgbm_quantile,nonsentiment,20,difference,109.63999938964844,109.10067999112799,0.5393193985204476,0.5393193985204476
2023-08-22 00:00:00+00:00,MRK,lightgbm_quantile,nonsentiment,20,difference,107.2300033569336,109.68248085013985,-2.45247749320626,2.45247749320626
2023-08-23 00:00:00+00:00,MRK,lightgbm_quantile,nonsentiment,20,difference,111.3000030517578,107.04664984677221,4.2533532049855864,4.2533532049855864
2023-08-24 00:00:00+00:00,MRK,lightgbm_quantile,nonsentiment,20,difference,109.4499969482422,111.03379198127382,-1.5837950330316204,1.5837950330316204
2023-08-25 00:00:00+00:00,MRK,lightgbm_quantile,nonsentiment,20,difference,110.20999908447266,109.39352832353632,0.8164707609363404,0.8164707609363404
2023-08-28 00:00:00+00:00,MRK,lightgbm_quantile,nonsentiment,20,difference,108.93000030517578,109.97630764931797,-1.0463073441421926,1.0463073441421926
2023-08-29 00:00:00+00:00,MRK,lightgbm_quantile,nonsentiment,20,difference,109.98999786376952,108.60633947496652,1.3836583888029992,1.3836583888029992
2023-08-30 00:00:00+00:00,MRK,lightgbm_quantile,nonsentiment,20,difference,110.20999908447266,109.78146047809265,0.42853860638000185,0.42853860638000185
2023-08-31 00:00:00+00:00,MRK,lightgbm_quantile,nonsentiment,20,difference,108.9800033569336,110.23739834171265,-1.2573949847790544,1.2573949847790544
2023-09-01 00:00:00+00:00,MRK,lightgbm_quantile,nonsentiment,20,difference,109.83999633789062,108.85982275976642,0.9801735781242087,0.9801735781242087
2023-09-05 00:00:00+00:00,MRK,lightgbm_quantile,nonsentiment,20,difference,107.51000213623048,109.4081234560912,-1.8981213198607207,1.8981213198607207
2023-09-06 00:00:00+00:00,MRK,lightgbm_quantile,nonsentiment,20,difference,106.48999786376952,107.26862966111767,-0.7786317973481545,0.7786317973481545
2023-09-07 00:00:00+00:00,MRK,lightgbm_quantile,nonsentiment,20,difference,107.94000244140624,106.23218022730975,1.7078222140964812,1.7078222140964812
2023-09-08 00:00:00+00:00,MRK,lightgbm_quantile,nonsentiment,20,difference,109.0500030517578,107.67264229869114,1.3773607530666538,1.3773607530666538
2023-09-11 00:00:00+00:00,MRK,lightgbm_quantile,nonsentiment,20,difference,108.5999984741211,108.96139717418943,-0.3613987000683352,0.3613987000683352
2023-09-12 00:00:00+00:00,MRK,lightgbm_quantile,nonsentiment,20,difference,109.0199966430664,108.2958493974403,0.7241472456260993,0.7241472456260993
2023-09-13 00:00:00+00:00,MRK,lightgbm_quantile,nonsentiment,20,difference,107.80999755859376,108.73396079884789,-0.9239632402541247,0.9239632402541247
2023-09-14 00:00:00+00:00,MRK,lightgbm_quantile,nonsentiment,20,difference,108.23999786376952,107.95495215830535,0.28504570546417085,0.28504570546417085
2023-09-15 00:00:00+00:00,MRK,lightgbm_quantile,nonsentiment,20,difference,107.5199966430664,108.06328240129133,-0.5432857582249255,0.5432857582249255
2023-09-18 00:00:00+00:00,MRK,lightgbm_quantile,nonsentiment,20,difference,107.81999969482422,107.25924291622033,0.5607567786038885,0.5607567786038885
2023-09-19 00:00:00+00:00,MRK,lightgbm_quantile,nonsentiment,20,difference,107.36000061035156,107.65599249479669,-0.29599188444512947,0.29599188444512947
2023-09-20 00:00:00+00:00,MRK,lightgbm_quantile,nonsentiment,20,difference,107.30999755859376,107.29892762458944,0.011069934004325432,0.011069934004325432
2023-09-21 00:00:00+00:00,MRK,lightgbm_quantile,nonsentiment,20,difference,106.7300033569336,106.87198519495144,-0.14198183801784126,0.14198183801784126
2023-09-22 00:00:00+00:00,MRK,lightgbm_quantile,nonsentiment,20,difference,106.33999633789062,106.64302007607141,-0.30302373818078365,0.30302373818078365
2023-09-25 00:00:00+00:00,MRK,lightgbm_quantile,nonsentiment,20,difference,105.83999633789062,106.26785219467415,-0.42785585678352334,0.42785585678352334
2023-09-26 00:00:00+00:00,MRK,lightgbm_quantile,nonsentiment,20,difference,105.38999938964844,105.73669835280536,-0.34669896315692483,0.34669896315692483
2023-09-27 00:00:00+00:00,MRK,lightgbm_quantile,nonsentiment,20,difference,103.94000244140624,105.23335519398788,-1.2933527525816402,1.2933527525816402
2023-09-28 00:00:00+00:00,MRK,lightgbm_quantile,nonsentiment,20,difference,104.3000030517578,103.87029502358274,0.4297080281750567,0.4297080281750567
2023-09-29 00:00:00+00:00,MRK,lightgbm_quantile,nonsentiment,20,difference,102.9499969482422,103.89383369167753,-0.9438367434353268,0.9438367434353268
2023-10-02 00:00:00+00:00,MRK,lightgbm_quantile,nonsentiment,20,difference,102.5500030517578,102.79084773148479,-0.2408446797269903,0.2408446797269903
2023-10-03 00:00:00+00:00,MRK,lightgbm_quantile,nonsentiment,20,difference,101.7699966430664,102.33093579927196,-0.5609391562055492,0.5609391562055492
2023-10-04 00:00:00+00:00,MRK,lightgbm_quantile,nonsentiment,20,difference,102.16999816894533,101.62903932842458,0.5409588405207444,0.5409588405207444
2023-10-05 00:00:00+00:00,MRK,lightgbm_quantile,nonsentiment,20,difference,103.5999984741211,101.69487010595766,1.9051283681634317,1.9051283681634317
2023-10-06 00:00:00+00:00,MRK,lightgbm_quantile,nonsentiment,20,difference,103.87999725341795,103.54223853064623,0.33775872277172425,0.33775872277172425
2023-10-09 00:00:00+00:00,MRK,lightgbm_quantile,nonsentiment,20,difference,104.5,103.6917897345896,0.8082102654103949,0.8082102654103949
2023-10-10 00:00:00+00:00,MRK,lightgbm_quantile,nonsentiment,20,difference,103.61000061035156,104.21530695957306,-0.6053063492214932,0.6053063492214932
2023-10-11 00:00:00+00:00,MRK,lightgbm_quantile,nonsentiment,20,difference,103.45999908447266,103.34544182214644,0.11455726232621544,0.11455726232621544
2023-10-12 00:00:00+00:00,MRK,lightgbm_quantile,nonsentiment,20,difference,103.58999633789062,103.36261069113947,0.22738564675115924,0.22738564675115924
2023-10-13 00:00:00+00:00,MRK,lightgbm_quantile,nonsentiment,20,difference,104.01000213623048,103.159580425832,0.8504217103984786,0.8504217103984786
2023-10-16 00:00:00+00:00,MRK,lightgbm_quantile,nonsentiment,20,difference,104.13999938964844,103.74767152291719,0.3923278667312502,0.3923278667312502
2023-10-17 00:00:00+00:00,MRK,lightgbm_quantile,nonsentiment,20,difference,104.16999816894533,103.90957728403252,0.26042088491280424,0.26042088491280424
2023-10-18 00:00:00+00:00,MRK,lightgbm_quantile,nonsentiment,20,difference,101.98999786376952,103.85125808521896,-1.8612602214494416,1.8612602214494416
2023-10-19 00:00:00+00:00,MRK,lightgbm_quantile,nonsentiment,20,difference,100.43000030517578,101.77415101335086,-1.3441507081750785,1.3441507081750785
2023-10-20 00:00:00+00:00,MRK,lightgbm_quantile,nonsentiment,20,difference,102.66999816894533,100.18740762074319,2.4825905482021398,2.4825905482021398
2023-10-23 00:00:00+00:00,MRK,lightgbm_quantile,nonsentiment,20,difference,103.3499984741211,102.65652420858916,0.6934742655319326,0.6934742655319326
2023-10-24 00:00:00+00:00,MRK,lightgbm_quantile,nonsentiment,20,difference,103.02999877929688,103.3336669195599,-0.3036681402630279,0.3036681402630279
2023-10-25 00:00:00+00:00,MRK,lightgbm_quantile,nonsentiment,20,difference,103.62999725341795,102.93018437964032,0.6998128737776312,0.6998128737776312
2023-10-26 00:00:00+00:00,MRK,lightgbm_quantile,nonsentiment,20,difference,105.5500030517578,103.35998321383389,2.190019837923913,2.190019837923913
2023-10-27 00:00:00+00:00,MRK,lightgbm_quantile,nonsentiment,20,difference,102.81999969482422,105.2067155588491,-2.386715864024879,2.386715864024879
2023-10-30 00:00:00+00:00,MRK,lightgbm_quantile,nonsentiment,20,difference,102.68000030517578,102.53790672848572,0.1420935766900584,0.1420935766900584
2023-10-31 00:00:00+00:00,MRK,lightgbm_quantile,nonsentiment,20,difference,102.6999969482422,102.56294693923238,0.1370500090098261,0.1370500090098261
2023-11-01 00:00:00+00:00,MRK,lightgbm_quantile,nonsentiment,20,difference,102.8499984741211,102.40424037393781,0.44575810018328355,0.44575810018328355
2023-11-02 00:00:00+00:00,MRK,lightgbm_quantile,nonsentiment,20,difference,102.8499984741211,102.69258791228428,0.15741056183681224,0.15741056183681224
2023-11-03 00:00:00+00:00,MRK,lightgbm_quantile,nonsentiment,20,difference,103.37999725341795,102.78276364003726,0.5972336133806948,0.5972336133806948
2023-11-06 00:00:00+00:00,MRK,lightgbm_quantile,nonsentiment,20,difference,104.33999633789062,103.2753505832248,1.0646457546658183,1.0646457546658183
2023-11-07 00:00:00+00:00,MRK,lightgbm_quantile,nonsentiment,20,difference,104.0,104.01448558373524,-0.014485583735236673,0.014485583735236673
2023-11-08 00:00:00+00:00,MRK,lightgbm_quantile,nonsentiment,20,difference,104.4000015258789,103.76258192565832,0.6374196002205821,0.6374196002205821
2023-11-09 00:00:00+00:00,MRK,lightgbm_quantile,nonsentiment,20,difference,102.37999725341795,104.11682600516816,-1.7368287517502097,1.7368287517502097
2023-11-10 00:00:00+00:00,MRK,lightgbm_quantile,nonsentiment,20,difference,101.38999938964844,102.43144120077594,-1.0414418111274983,1.0414418111274983
2023-11-13 00:00:00+00:00,MRK,lightgbm_quantile,nonsentiment,20,difference,102.47000122070312,101.46482085021061,1.0051803704925106,1.0051803704925106
2023-11-14 00:00:00+00:00,MRK,lightgbm_quantile,nonsentiment,20,difference,102.16999816894533,102.34780204087778,-0.17780387193245417,0.17780387193245417
2023-11-15 00:00:00+00:00,MRK,lightgbm_quantile,nonsentiment,20,difference,101.3499984741211,102.01413013312899,-0.664131659007893,0.664131659007893
2023-11-16 00:00:00+00:00,MRK,lightgbm_quantile,nonsentiment,20,difference,101.98999786376952,101.14207405731186,0.8479238064576577,0.8479238064576577
2023-11-17 00:00:00+00:00,MRK,lightgbm_quantile,nonsentiment,20,difference,101.75,101.5649340027898,0.18506599721020223,0.18506599721020223
2023-11-20 00:00:00+00:00,MRK,lightgbm_quantile,nonsentiment,20,difference,102.68000030517578,101.40232113368178,1.2776791714940003,1.2776791714940003
2023-11-21 00:00:00+00:00,MRK,lightgbm_quantile,nonsentiment,20,difference,102.20999908447266,102.57765242249843,-0.36765333802577516,0.36765333802577516
2023-11-22 00:00:00+00:00,MRK,lightgbm_quantile,nonsentiment,20,difference,101.68000030517578,102.03462818065441,-0.3546278754786272,0.3546278754786272
2023-11-24 00:00:00+00:00,MRK,lightgbm_quantile,nonsentiment,20,difference,101.87000274658205,101.31827981928072,0.5517229273013271,0.5517229273013271
2023-11-27 00:00:00+00:00,MRK,lightgbm_quantile,nonsentiment,20,difference,101.43000030517578,101.61805066236599,-0.1880503571902068,0.1880503571902068
2023-11-28 00:00:00+00:00,MRK,lightgbm_quantile,nonsentiment,20,difference,100.18000030517578,101.18491682093574,-1.0049165157599589,1.0049165157599589
2023-11-29 00:00:00+00:00,MRK,lightgbm_quantile,nonsentiment,20,difference,101.12999725341795,99.89752786777764,1.2324693856403144,1.2324693856403144
2023-11-30 00:00:00+00:00,MRK,lightgbm_quantile,nonsentiment,20,difference,102.4800033569336,101.12695654535237,1.3530468115812226,1.3530468115812226
2023-12-01 00:00:00+00:00,MRK,lightgbm_quantile,nonsentiment,20,difference,103.45999908447266,102.17997805137938,1.280021033093277,1.280021033093277
2023-12-04 00:00:00+00:00,MRK,lightgbm_quantile,nonsentiment,20,difference,105.05999755859376,103.45957853185656,1.6004190267371996,1.6004190267371996
2023-12-05 00:00:00+00:00,MRK,lightgbm_quantile,nonsentiment,20,difference,106.2300033569336,105.05800628931591,1.1719970676176814,1.1719970676176814
2023-12-06 00:00:00+00:00,MRK,lightgbm_quantile,nonsentiment,20,difference,105.62999725341795,106.08042107983724,-0.45042382641928214,0.45042382641928214
2023-12-07 00:00:00+00:00,MRK,lightgbm_quantile,nonsentiment,20,difference,103.87999725341795,105.39265126531332,-1.5126540118953642,1.5126540118953642
2023-12-08 00:00:00+00:00,MRK,lightgbm_quantile,nonsentiment,20,difference,103.75,103.89315363480704,-0.14315363480703525,0.14315363480703525
2023-12-11 00:00:00+00:00,MRK,lightgbm_quantile,nonsentiment,20,difference,104.37000274658205,103.60596757859628,0.7640351679857673,0.7640351679857673
2023-12-12 00:00:00+00:00,MRK,lightgbm_quantile,nonsentiment,20,difference,104.36000061035156,104.24141201465578,0.11858859569578328,0.11858859569578328
2023-12-13 00:00:00+00:00,MRK,lightgbm_quantile,nonsentiment,20,difference,107.11000061035156,104.1109878150052,2.99901279534636,2.99901279534636
2023-12-14 00:00:00+00:00,MRK,lightgbm_quantile,nonsentiment,20,difference,105.87999725341795,106.82541183138115,-0.9454145779631915,0.9454145779631915
2023-12-15 00:00:00+00:00,MRK,lightgbm_quantile,nonsentiment,20,difference,105.11000061035156,105.74211198600472,-0.6321113756531531,0.6321113756531531
